#group,false,false,false
#datatype,string,long,dateTime:RFC3339
#default,,,
,id,p_count,time
,simulated,11,2026-02-22T19:07:49.786703691Z
,simulated,4,2026-02-22T19:08:13.263390308Z
,simulated,11,2026-02-22T19:08:19.300794655Z
,simulated,4,2026-02-22T19:08:49.788369317Z
,simulated,6,2026-02-22T19:09:13.272434381Z
,simulated,6,2026-02-22T19:09:19.302979664Z
,simulated,7,2026-02-22T19:09:49.802135165Z
,simulated,8,2026-02-22T19:10:13.275936766Z
,simulated,9,2026-02-22T19:10:19.307056936Z
,simulated,8,2026-02-22T19:10:49.809476051Z
,simulated,10,2026-02-22T19:11:13.286592899Z
,simulated,8,2026-02-22T19:11:19.312067074Z
,simulated,7,2026-02-22T19:11:49.819675453Z
,simulated,4,2026-02-22T19:12:13.289742108Z
,simulated,7,2026-02-22T19:12:19.316635867Z
,simulated,4,2026-02-22T19:12:49.820982156Z
,simulated,9,2026-02-22T19:13:13.294507238Z
,simulated,6,2026-02-22T19:13:19.3209308Z
,simulated,11,2026-02-22T19:13:49.839207211Z
,simulated,8,2026-02-22T19:14:13.300918612Z
,simulated,7,2026-02-22T19:14:19.321639745Z
,simulated,4,2026-02-22T19:14:49.848067569Z
,simulated,10,2026-02-22T19:15:13.314545727Z
,simulated,8,2026-02-22T19:15:19.325970647Z
,simulated,7,2026-02-22T19:15:49.864410744Z
,simulated,10,2026-02-22T19:16:13.320752633Z
,simulated,7,2026-02-22T19:16:19.335347321Z
,simulated,5,2026-02-22T19:16:49.881420979Z
,simulated,9,2026-02-22T19:17:13.338373234Z
,simulated,10,2026-02-22T19:17:19.34115597Z
,simulated,10,2026-02-22T19:17:49.906278999Z
,simulated,11,2026-02-22T19:18:13.342792997Z
,simulated,5,2026-02-22T19:18:19.349355734Z
,simulated,5,2026-02-22T19:18:49.913628532Z
,simulated,5,2026-02-22T19:19:13.344044716Z
,simulated,10,2026-02-22T19:19:19.349952846Z
,simulated,8,2026-02-22T19:19:49.917019007Z
,simulated,5,2026-02-22T19:20:13.352343367Z
,simulated,5,2026-02-22T19:20:19.349758332Z
,simulated,5,2026-02-22T19:20:49.927709486Z
,simulated,6,2026-02-22T19:21:13.365998036Z
,simulated,9,2026-02-22T19:21:19.352141857Z
,simulated,6,2026-02-22T19:21:49.946508001Z
,simulated,6,2026-02-22T19:22:13.369717279Z
,simulated,7,2026-02-22T19:22:19.36445509Z
,simulated,10,2026-02-22T19:22:49.959683605Z
,simulated,4,2026-02-22T19:23:13.380931385Z
,simulated,9,2026-02-22T19:23:19.364153685Z
,simulated,8,2026-02-22T19:23:49.973150437Z
,simulated,8,2026-02-22T19:24:13.381881947Z
,simulated,7,2026-02-22T19:24:19.369299479Z
,simulated,11,2026-02-22T19:24:49.984358049Z
,simulated,11,2026-02-22T19:25:13.388051082Z
,simulated,6,2026-02-22T19:25:19.380205331Z
,simulated,9,2026-02-22T19:25:50.000695485Z
,simulated,11,2026-02-22T19:26:13.395197835Z
,simulated,7,2026-02-22T19:26:19.378307921Z
,simulated,9,2026-02-22T19:26:50.011872918Z
,simulated,5,2026-02-22T19:27:13.411260175Z
,simulated,6,2026-02-22T19:27:19.382564245Z
,simulated,7,2026-02-22T19:27:50.025442705Z
,simulated,6,2026-02-22T19:28:13.414115821Z
,simulated,7,2026-02-22T19:28:19.387870394Z
,simulated,8,2026-02-22T19:28:50.026936855Z
,simulated,9,2026-02-22T19:29:13.42115358Z
,simulated,5,2026-02-22T19:29:19.391375699Z
,simulated,9,2026-02-22T19:29:50.039155262Z
,simulated,5,2026-02-22T19:30:13.426866485Z
,simulated,7,2026-02-22T19:30:19.395511906Z
,simulated,11,2026-02-22T19:30:50.053187294Z
,simulated,8,2026-02-22T19:31:13.435551333Z
,simulated,5,2026-02-22T19:31:19.401216494Z
,simulated,9,2026-02-22T19:31:50.067311673Z
,simulated,9,2026-02-22T19:32:13.448794907Z
,simulated,10,2026-02-22T19:32:19.404317442Z
,simulated,4,2026-02-22T19:32:50.085263132Z
,simulated,6,2026-02-22T19:33:13.465274411Z
,simulated,10,2026-02-22T19:33:19.41103624Z
,simulated,11,2026-02-22T19:33:50.090918999Z
,simulated,9,2026-02-22T19:34:13.462906214Z
,simulated,10,2026-02-22T19:34:19.41458614Z
,simulated,5,2026-02-22T19:34:50.105691638Z
,simulated,4,2026-02-22T19:35:13.469378946Z
,simulated,11,2026-02-22T19:35:19.421365378Z
,simulated,7,2026-02-22T19:35:50.113426663Z
,simulated,6,2026-02-22T19:36:13.476055203Z
,simulated,6,2026-02-22T19:36:19.465630944Z
,simulated,4,2026-02-22T19:36:50.127186306Z
,simulated,5,2026-02-22T19:37:13.480143101Z
,simulated,10,2026-02-22T19:37:19.429925422Z
,simulated,7,2026-02-22T19:37:50.141566574Z
,simulated,10,2026-02-22T19:38:13.490019217Z
,simulated,7,2026-02-22T19:38:19.439150688Z
,simulated,5,2026-02-22T19:38:50.153082359Z
,simulated,4,2026-02-22T19:39:13.494898689Z
,simulated,10,2026-02-22T19:39:19.438414334Z
,simulated,9,2026-02-22T19:39:50.154760639Z
,simulated,11,2026-02-22T19:40:13.503814286Z
,simulated,11,2026-02-22T19:40:19.441064968Z
,simulated,9,2026-02-22T19:40:50.160771106Z
,simulated,5,2026-02-22T19:41:13.507759151Z
,simulated,10,2026-02-22T19:41:19.44120969Z
,simulated,5,2026-02-22T19:41:50.167866003Z
,simulated,7,2026-02-22T19:42:13.51185481Z
,simulated,6,2026-02-22T19:42:19.444353625Z
,simulated,8,2026-02-22T19:42:50.179760829Z
,simulated,5,2026-02-22T19:43:13.519968906Z
,simulated,10,2026-02-22T19:43:19.446551344Z
,simulated,5,2026-02-22T19:43:50.195618925Z
,simulated,11,2026-02-22T19:44:13.525516858Z
,simulated,7,2026-02-22T19:44:19.452059607Z
,simulated,6,2026-02-22T19:44:50.204923189Z
,simulated,6,2026-02-22T19:45:13.532160914Z
,simulated,9,2026-02-22T19:45:19.458921499Z
,simulated,5,2026-02-22T19:45:50.217548122Z
,simulated,9,2026-02-22T19:46:13.54254721Z
,simulated,5,2026-02-22T19:46:19.458204047Z
,simulated,6,2026-02-22T19:46:50.232489981Z
,simulated,9,2026-02-22T19:47:13.547606088Z
,simulated,5,2026-02-22T19:47:19.462067556Z
,simulated,4,2026-02-22T19:47:50.243431673Z
,simulated,9,2026-02-22T19:48:13.552299057Z
,simulated,4,2026-02-22T19:48:19.474980056Z
,simulated,6,2026-02-22T19:48:50.252391944Z
,simulated,6,2026-02-22T19:49:13.559983212Z
,simulated,9,2026-02-22T19:49:19.475431959Z
,simulated,11,2026-02-22T19:49:50.264111984Z
,simulated,4,2026-02-22T19:50:13.564621384Z
,simulated,7,2026-02-22T19:50:19.480996884Z
,simulated,8,2026-02-22T19:50:50.278253479Z
,simulated,5,2026-02-22T19:51:13.569614266Z
,simulated,4,2026-02-22T19:51:19.48662698Z
,simulated,8,2026-02-22T19:51:50.290220388Z
,simulated,8,2026-02-22T19:52:13.578282829Z
,simulated,7,2026-02-22T19:52:19.491837366Z
,simulated,11,2026-02-22T19:52:50.318411547Z
,simulated,4,2026-02-22T19:53:13.582026133Z
,simulated,5,2026-02-22T19:53:19.496259907Z
,simulated,5,2026-02-22T19:53:50.307143829Z
,simulated,4,2026-02-22T19:54:13.594916389Z
,simulated,11,2026-02-22T19:54:19.495540868Z
,simulated,4,2026-02-22T19:54:50.321427354Z
,simulated,5,2026-02-22T19:55:13.595452514Z
,simulated,11,2026-02-22T19:55:19.502107485Z
,simulated,11,2026-02-22T19:55:50.332933673Z
,simulated,5,2026-02-22T19:56:13.604193518Z
,simulated,4,2026-02-22T19:56:19.506860707Z
,simulated,7,2026-02-22T19:56:50.344052961Z
,simulated,5,2026-02-22T19:57:13.60560884Z
,simulated,7,2026-02-22T19:57:19.514683132Z
,simulated,8,2026-02-22T19:57:50.349351871Z
,simulated,10,2026-02-22T19:58:13.604546071Z
,simulated,8,2026-02-22T19:58:19.513151301Z
,simulated,6,2026-02-22T19:58:50.359536622Z
,simulated,11,2026-02-22T19:59:13.612091191Z
,simulated,6,2026-02-22T19:59:19.518803201Z
,simulated,8,2026-02-22T19:59:50.372313305Z
,simulated,9,2026-02-22T20:00:13.612853378Z
,simulated,5,2026-02-22T20:00:19.519963777Z
,simulated,7,2026-02-22T20:00:50.381652169Z
,simulated,9,2026-02-22T20:01:13.615252Z
,simulated,6,2026-02-22T20:01:19.521632929Z
,simulated,5,2026-02-22T20:01:50.391367411Z
,simulated,8,2026-02-22T20:02:13.617079527Z
,simulated,7,2026-02-22T20:02:19.532210519Z
,simulated,7,2026-02-22T20:02:50.403871924Z
,simulated,9,2026-02-22T20:03:13.631173808Z
,simulated,7,2026-02-22T20:03:19.533289245Z
,simulated,10,2026-02-22T20:03:50.410859598Z
,simulated,10,2026-02-22T20:04:13.625150281Z
,simulated,6,2026-02-22T20:04:19.539494197Z
,simulated,6,2026-02-22T20:04:50.418100953Z
,simulated,8,2026-02-22T20:05:13.627517034Z
,simulated,9,2026-02-22T20:05:19.543068028Z
,simulated,10,2026-02-22T20:05:50.429504144Z
,simulated,7,2026-02-22T20:06:13.629576611Z
,simulated,5,2026-02-22T20:06:19.548557328Z
,simulated,5,2026-02-22T20:06:50.43785911Z
,simulated,7,2026-02-22T20:07:13.633920809Z
,simulated,6,2026-02-22T20:07:19.555773099Z
,simulated,5,2026-02-22T20:07:50.442483408Z
,simulated,6,2026-02-22T20:08:13.643982465Z
,simulated,9,2026-02-22T20:08:19.558465406Z
,simulated,6,2026-02-22T20:08:50.453494322Z
,simulated,10,2026-02-22T20:09:13.642875538Z
,simulated,9,2026-02-22T20:09:19.565452553Z
,simulated,9,2026-02-22T20:09:50.463638609Z
,simulated,8,2026-02-22T20:10:13.647664194Z
,simulated,6,2026-02-22T20:10:19.571330847Z
,simulated,9,2026-02-22T20:10:50.466578806Z
,simulated,9,2026-02-22T20:11:13.653499801Z
,simulated,5,2026-02-22T20:11:19.574497004Z
,simulated,6,2026-02-22T20:11:50.478681863Z
,simulated,8,2026-02-22T20:12:13.654933686Z
,simulated,5,2026-02-22T20:12:19.575875959Z
,simulated,9,2026-02-22T20:12:50.487988404Z
,simulated,6,2026-02-22T20:13:13.658634367Z
,simulated,6,2026-02-22T20:13:19.579646765Z
,simulated,5,2026-02-22T20:13:50.494643425Z
,simulated,10,2026-02-22T20:14:13.663981762Z
,simulated,7,2026-02-22T20:14:19.583966926Z
,simulated,6,2026-02-22T20:14:50.501082477Z
,simulated,5,2026-02-22T20:15:13.667491299Z
,simulated,8,2026-02-22T20:15:19.588492419Z
,simulated,6,2026-02-22T20:15:50.505512417Z
,simulated,5,2026-02-22T20:16:13.671490045Z
,simulated,6,2026-02-22T20:16:19.593760478Z
,simulated,7,2026-02-22T20:16:50.514282881Z
,simulated,8,2026-02-22T20:17:13.679120783Z
,simulated,10,2026-02-22T20:17:19.598856936Z
,simulated,10,2026-02-22T20:17:50.524283847Z
,simulated,7,2026-02-22T20:18:13.675107306Z
,simulated,10,2026-02-22T20:18:19.604672894Z
,simulated,8,2026-02-22T20:18:50.534658327Z
,simulated,10,2026-02-22T20:19:13.693244296Z
,simulated,7,2026-02-22T20:19:19.611407487Z
,simulated,8,2026-02-22T20:19:50.54090932Z
,simulated,9,2026-02-22T20:20:13.684007342Z
,simulated,7,2026-02-22T20:20:19.615282808Z
,simulated,7,2026-02-22T20:20:50.544899868Z
,simulated,9,2026-02-22T20:21:13.686093398Z
,simulated,9,2026-02-22T20:21:19.624187783Z
,simulated,7,2026-02-22T20:21:50.552954842Z
,simulated,5,2026-02-22T20:22:13.688121921Z
,simulated,10,2026-02-22T20:22:19.624753657Z
,simulated,9,2026-02-22T20:22:50.562743406Z
,simulated,6,2026-02-22T20:23:13.690398206Z
,simulated,8,2026-02-22T20:23:19.628575995Z
,simulated,10,2026-02-22T20:23:50.570744836Z
,simulated,10,2026-02-22T20:24:13.694330003Z
,simulated,5,2026-02-22T20:24:19.630544856Z
,simulated,5,2026-02-22T20:24:50.574610279Z
,simulated,9,2026-02-22T20:25:13.695309926Z
,simulated,9,2026-02-22T20:25:19.637618705Z
,simulated,6,2026-02-22T20:25:50.580578958Z
,simulated,6,2026-02-22T20:26:13.69788203Z
,simulated,10,2026-02-22T20:26:19.642266905Z
,simulated,6,2026-02-22T20:26:50.627796788Z
,simulated,9,2026-02-22T20:27:13.700300532Z
,simulated,6,2026-02-22T20:27:19.648828662Z
,simulated,9,2026-02-22T20:27:50.59673852Z
,simulated,8,2026-02-22T20:28:13.704312675Z
,simulated,10,2026-02-22T20:28:19.650934976Z
,simulated,7,2026-02-22T20:28:50.59648532Z
,simulated,5,2026-02-22T20:29:13.70294247Z
,simulated,10,2026-02-22T20:29:19.656375575Z
,simulated,8,2026-02-22T20:29:50.605466757Z
,simulated,7,2026-02-22T20:30:13.710552877Z
,simulated,10,2026-02-22T20:30:19.663362018Z
,simulated,6,2026-02-22T20:30:50.61124501Z
,simulated,5,2026-02-22T20:31:13.709079906Z
,simulated,9,2026-02-22T20:31:19.668757702Z
,simulated,8,2026-02-22T20:31:50.619197598Z
,simulated,10,2026-02-22T20:32:13.711235233Z
,simulated,10,2026-02-22T20:32:19.67429591Z
,simulated,10,2026-02-22T20:32:50.628841363Z
,simulated,9,2026-02-22T20:33:13.711098053Z
,simulated,10,2026-02-22T20:33:19.682249978Z
,simulated,9,2026-02-22T20:33:50.639411956Z
,simulated,10,2026-02-22T20:34:13.716431907Z
,simulated,10,2026-02-22T20:34:19.682223666Z
,simulated,7,2026-02-22T20:34:50.641334856Z
,simulated,5,2026-02-22T20:35:13.715910981Z
,simulated,7,2026-02-22T20:35:19.687175833Z
,simulated,6,2026-02-22T20:35:50.646410352Z
,simulated,7,2026-02-22T20:36:13.716628907Z
,simulated,10,2026-02-22T20:36:19.68924983Z
,simulated,10,2026-02-22T20:36:50.652430189Z
,simulated,6,2026-02-22T20:37:13.717565618Z
,simulated,8,2026-02-22T20:37:19.691574581Z
,simulated,10,2026-02-22T20:37:50.655870287Z
,simulated,8,2026-02-22T20:38:13.719778364Z
,simulated,10,2026-02-22T20:38:19.693724103Z
,simulated,8,2026-02-22T20:38:50.658558695Z
,simulated,5,2026-02-22T20:39:13.719432666Z
,simulated,7,2026-02-22T20:39:19.694675416Z
,simulated,7,2026-02-22T20:39:50.664360152Z
,simulated,8,2026-02-22T20:40:13.7232541Z
,simulated,10,2026-02-22T20:40:19.699139684Z
,simulated,5,2026-02-22T20:40:50.672503284Z
,simulated,7,2026-02-22T20:41:13.722954229Z
,simulated,7,2026-02-22T20:41:19.702982237Z
,simulated,6,2026-02-22T20:41:50.670978576Z
,simulated,9,2026-02-22T20:42:13.721076834Z
,simulated,10,2026-02-22T20:42:19.709227016Z
,simulated,8,2026-02-22T20:42:50.674361145Z
,simulated,10,2026-02-22T20:43:13.720135244Z
,simulated,10,2026-02-22T20:43:19.718183781Z
,simulated,8,2026-02-22T20:43:50.679331315Z
,simulated,10,2026-02-22T20:44:13.721259488Z
,simulated,10,2026-02-22T20:44:19.724444739Z
,simulated,7,2026-02-22T20:44:50.683065603Z
,simulated,8,2026-02-22T20:45:13.722830128Z
,simulated,6,2026-02-22T20:45:19.727052827Z
,simulated,5,2026-02-22T20:45:50.691149094Z
,simulated,10,2026-02-22T20:46:13.723838986Z
,simulated,7,2026-02-22T20:46:19.730550945Z
,simulated,10,2026-02-22T20:46:50.695552804Z
,simulated,9,2026-02-22T20:47:13.819681995Z
,simulated,9,2026-02-22T20:47:19.734719181Z
,simulated,6,2026-02-22T20:47:50.703906222Z
,simulated,9,2026-02-22T20:48:13.761015008Z
,simulated,9,2026-02-22T20:48:19.74275979Z
,simulated,10,2026-02-22T20:48:50.705373671Z
,simulated,8,2026-02-22T20:49:13.780552664Z
,simulated,6,2026-02-22T20:49:19.751290699Z
,simulated,6,2026-02-22T20:49:50.712028228Z
,simulated,5,2026-02-22T20:50:13.80073403Z
,simulated,5,2026-02-22T20:50:19.752651745Z
,simulated,8,2026-02-22T20:50:50.717749247Z
,simulated,10,2026-02-22T20:51:13.802720583Z
,simulated,9,2026-02-22T20:51:19.754661876Z
,simulated,7,2026-02-22T20:51:50.723199716Z
,simulated,7,2026-02-22T20:52:13.82372519Z
,simulated,7,2026-02-22T20:52:19.758439423Z
,simulated,5,2026-02-22T20:52:50.732443689Z
,simulated,10,2026-02-22T20:53:13.839863374Z
,simulated,6,2026-02-22T20:53:19.765164254Z
,simulated,5,2026-02-22T20:53:50.734590157Z
,simulated,10,2026-02-22T20:54:13.848595912Z
,simulated,6,2026-02-22T20:54:19.769537368Z
,simulated,9,2026-02-22T20:54:50.737211215Z
,simulated,8,2026-02-22T20:55:13.872364939Z
,simulated,8,2026-02-22T20:55:19.772207074Z
,simulated,10,2026-02-22T20:55:50.743153456Z
,simulated,9,2026-02-22T20:56:13.892389246Z
,simulated,6,2026-02-22T20:56:19.774968289Z
,simulated,10,2026-02-22T20:56:50.747028767Z
,simulated,5,2026-02-22T20:57:13.914807743Z
,simulated,6,2026-02-22T20:57:19.780886591Z
,simulated,8,2026-02-22T20:57:50.752960462Z
,simulated,9,2026-02-22T20:58:13.940117733Z
,simulated,10,2026-02-22T20:58:19.783934518Z
,simulated,7,2026-02-22T20:58:50.750892406Z
,simulated,6,2026-02-22T20:59:13.959512399Z
,simulated,5,2026-02-22T20:59:19.789259675Z
,simulated,8,2026-02-22T20:59:50.755856822Z
,simulated,3,2026-02-22T21:00:13.981420079Z
,simulated,5,2026-02-22T21:00:19.793627321Z
,simulated,3,2026-02-22T21:00:50.758510108Z
,simulated,5,2026-02-22T21:01:14.001489899Z
,simulated,5,2026-02-22T21:01:19.795738207Z
,simulated,5,2026-02-22T21:01:50.760447459Z
,simulated,6,2026-02-22T21:02:14.008015946Z
,simulated,4,2026-02-22T21:02:19.799392629Z
,simulated,5,2026-02-22T21:02:50.766618928Z
,simulated,6,2026-02-22T21:03:14.026853236Z
,simulated,5,2026-02-22T21:03:19.804170789Z
,simulated,4,2026-02-22T21:03:50.773072015Z
,simulated,3,2026-02-22T21:04:14.044149039Z
,simulated,4,2026-02-22T21:04:19.808438928Z
,simulated,7,2026-02-22T21:04:50.777238683Z
,simulated,6,2026-02-22T21:05:14.062683835Z
,simulated,4,2026-02-22T21:05:19.814461443Z
,simulated,6,2026-02-22T21:05:50.77976703Z
,simulated,4,2026-02-22T21:06:14.085714305Z
,simulated,3,2026-02-22T21:06:19.816479297Z
,simulated,6,2026-02-22T21:06:50.785795491Z
,simulated,7,2026-02-22T21:07:14.119173712Z
,simulated,6,2026-02-22T21:07:19.82114094Z
,simulated,4,2026-02-22T21:07:50.785926434Z
,simulated,5,2026-02-22T21:08:14.127434611Z
,simulated,3,2026-02-22T21:08:19.823855869Z
,simulated,6,2026-02-22T21:08:50.788342974Z
,simulated,7,2026-02-22T21:09:14.127907352Z
,simulated,6,2026-02-22T21:09:19.832174859Z
,simulated,6,2026-02-22T21:09:50.79058357Z
,simulated,4,2026-02-22T21:10:14.152197493Z
,simulated,3,2026-02-22T21:10:19.82953749Z
,simulated,4,2026-02-22T21:10:50.795205361Z
,simulated,7,2026-02-22T21:11:14.154503199Z
,simulated,6,2026-02-22T21:11:19.831325556Z
,simulated,7,2026-02-22T21:11:50.800836753Z
,simulated,7,2026-02-22T21:12:14.166083665Z
,simulated,3,2026-02-22T21:12:19.838635108Z
,simulated,6,2026-02-22T21:12:50.804080158Z
,simulated,3,2026-02-22T21:13:14.172938588Z
,simulated,7,2026-02-22T21:13:19.83857514Z
,simulated,7,2026-02-22T21:13:50.808013533Z
,simulated,5,2026-02-22T21:14:14.195117416Z
,simulated,5,2026-02-22T21:14:19.838827539Z
,simulated,5,2026-02-22T21:14:50.811431263Z
,simulated,4,2026-02-22T21:15:14.21754266Z
,simulated,6,2026-02-22T21:15:19.842282905Z
,simulated,7,2026-02-22T21:15:50.816358635Z
,simulated,3,2026-02-22T21:16:14.22444651Z
,simulated,7,2026-02-22T21:16:19.845631777Z
,simulated,5,2026-02-22T21:16:50.819754698Z
,simulated,7,2026-02-22T21:17:14.250516951Z
,simulated,4,2026-02-22T21:17:19.846899582Z
,simulated,5,2026-02-22T21:17:50.825676774Z
,simulated,3,2026-02-22T21:18:14.253282014Z
,simulated,5,2026-02-22T21:18:19.847191214Z
,simulated,4,2026-02-22T21:18:50.827828415Z
,simulated,3,2026-02-22T21:19:14.275117101Z
,simulated,3,2026-02-22T21:19:19.850271445Z
,simulated,3,2026-02-22T21:19:50.827119568Z
,simulated,5,2026-02-22T21:20:14.292675774Z
,simulated,6,2026-02-22T21:20:19.851255061Z
,simulated,3,2026-02-22T21:20:50.831206121Z
,simulated,7,2026-02-22T21:21:14.30995116Z
,simulated,6,2026-02-22T21:21:19.852660841Z
,simulated,4,2026-02-22T21:21:50.834026879Z
,simulated,7,2026-02-22T21:22:14.333047095Z
,simulated,5,2026-02-22T21:22:19.854704661Z
,simulated,5,2026-02-22T21:22:50.836913682Z
,simulated,3,2026-02-22T21:23:14.33825452Z
,simulated,5,2026-02-22T21:23:19.857160097Z
,simulated,6,2026-02-22T21:23:50.837299165Z
,simulated,6,2026-02-22T21:24:14.344362419Z
,simulated,3,2026-02-22T21:24:19.859198034Z
,simulated,3,2026-02-22T21:24:50.841033294Z
,simulated,3,2026-02-22T21:25:14.358711761Z
,simulated,5,2026-02-22T21:25:19.862082346Z
,simulated,7,2026-02-22T21:25:50.842413278Z
,simulated,6,2026-02-22T21:26:14.378996409Z
,simulated,7,2026-02-22T21:26:19.864289289Z
,simulated,7,2026-02-22T21:26:50.842841235Z
,simulated,5,2026-02-22T21:27:14.397816918Z
,simulated,6,2026-02-22T21:27:19.864605594Z
,simulated,3,2026-02-22T21:27:50.845120322Z
,simulated,7,2026-02-22T21:28:14.419113856Z
,simulated,6,2026-02-22T21:28:19.866832403Z
,simulated,3,2026-02-22T21:28:50.847157245Z
,simulated,5,2026-02-22T21:29:14.438517107Z
,simulated,7,2026-02-22T21:29:19.867226161Z
,simulated,6,2026-02-22T21:29:50.850018603Z
,simulated,3,2026-02-22T21:30:14.455195437Z
,simulated,6,2026-02-22T21:30:19.868627Z
,simulated,4,2026-02-22T21:30:50.849980354Z
,simulated,4,2026-02-22T21:31:14.478958938Z
,simulated,5,2026-02-22T21:31:19.869026942Z
,simulated,7,2026-02-22T21:31:50.852852586Z
,simulated,4,2026-02-22T21:32:14.502694326Z
,simulated,5,2026-02-22T21:32:19.869335596Z
,simulated,3,2026-02-22T21:32:50.857256098Z
,simulated,6,2026-02-22T21:33:14.507271489Z
,simulated,7,2026-02-22T21:33:19.871852746Z
,simulated,4,2026-02-22T21:33:50.855734891Z
,simulated,6,2026-02-22T21:34:14.53100114Z
,simulated,4,2026-02-22T21:34:19.873043904Z
,simulated,7,2026-02-22T21:34:50.856629678Z
,simulated,4,2026-02-22T21:35:14.553727499Z
,simulated,7,2026-02-22T21:35:19.872957223Z
,simulated,4,2026-02-22T21:35:50.85781732Z
,simulated,4,2026-02-22T21:36:14.580184396Z
,simulated,7,2026-02-22T21:36:19.87260705Z
,simulated,7,2026-02-22T21:36:50.858269567Z
,simulated,7,2026-02-22T21:37:14.598273706Z
,simulated,4,2026-02-22T21:37:19.87272599Z
,simulated,3,2026-02-22T21:37:50.861563829Z
,simulated,7,2026-02-22T21:38:14.619182812Z
,simulated,5,2026-02-22T21:38:19.872698727Z
,simulated,5,2026-02-22T21:38:50.86069212Z
,simulated,5,2026-02-22T21:39:14.640356831Z
,simulated,4,2026-02-22T21:39:19.872697151Z
,simulated,6,2026-02-22T21:39:50.861365333Z
,simulated,3,2026-02-22T21:40:14.663209225Z
,simulated,5,2026-02-22T21:40:19.87223334Z
,simulated,5,2026-02-22T21:40:50.86295872Z
,simulated,3,2026-02-22T21:41:14.682445595Z
,simulated,4,2026-02-22T21:41:19.871978555Z
,simulated,3,2026-02-22T21:41:50.862851661Z
,simulated,7,2026-02-22T21:42:14.703706396Z
,simulated,5,2026-02-22T21:42:19.876625503Z
,simulated,3,2026-02-22T21:42:50.866580011Z
,simulated,4,2026-02-22T21:43:14.727513362Z
,simulated,5,2026-02-22T21:43:19.881712809Z
,simulated,7,2026-02-22T21:43:50.865183156Z
,simulated,7,2026-02-22T21:44:14.74980497Z
,simulated,7,2026-02-22T21:44:19.883161741Z
,simulated,4,2026-02-22T21:44:50.864478489Z
,simulated,6,2026-02-22T21:45:14.775296747Z
,simulated,7,2026-02-22T21:45:19.892270629Z
,simulated,3,2026-02-22T21:45:50.865144828Z
,simulated,6,2026-02-22T21:46:14.79611394Z
,simulated,6,2026-02-22T21:46:19.893487985Z
,simulated,7,2026-02-22T21:46:50.865301726Z
,simulated,7,2026-02-22T21:47:14.802059752Z
,simulated,7,2026-02-22T21:47:19.898199917Z
,simulated,3,2026-02-22T21:47:50.864724672Z
,simulated,3,2026-02-22T21:48:14.807828494Z
,simulated,5,2026-02-22T21:48:19.904269716Z
,simulated,7,2026-02-22T21:48:50.864247619Z
,simulated,5,2026-02-22T21:49:14.83075226Z
,simulated,4,2026-02-22T21:49:19.904062755Z
,simulated,7,2026-02-22T21:49:50.865098954Z
,simulated,3,2026-02-22T21:50:14.854991881Z
,simulated,6,2026-02-22T21:50:19.909187784Z
,simulated,6,2026-02-22T21:50:50.866142978Z
,simulated,4,2026-02-22T21:51:14.87834486Z
,simulated,7,2026-02-22T21:51:19.915173712Z
,simulated,3,2026-02-22T21:51:50.864440594Z
,simulated,7,2026-02-22T21:52:14.902965117Z
,simulated,7,2026-02-22T21:52:19.918915859Z
,simulated,6,2026-02-22T21:52:50.872670997Z
,simulated,4,2026-02-22T21:53:14.919341296Z
,simulated,4,2026-02-22T21:53:19.923673468Z
,simulated,6,2026-02-22T21:53:50.900076783Z
,simulated,6,2026-02-22T21:54:14.943481298Z
,simulated,3,2026-02-22T21:54:19.929152557Z
,simulated,6,2026-02-22T21:54:50.928836643Z
,simulated,4,2026-02-22T21:55:14.962777317Z
,simulated,3,2026-02-22T21:55:19.931111282Z
,simulated,7,2026-02-22T21:55:50.957497243Z
,simulated,7,2026-02-22T21:56:14.987615612Z
,simulated,4,2026-02-22T21:56:19.93705537Z
,simulated,4,2026-02-22T21:56:50.981220568Z
,simulated,6,2026-02-22T21:57:14.989778776Z
,simulated,3,2026-02-22T21:57:19.94084612Z
,simulated,5,2026-02-22T21:57:51.010529649Z
,simulated,6,2026-02-22T21:58:14.998324097Z
,simulated,5,2026-02-22T21:58:19.942412998Z
,simulated,3,2026-02-22T21:58:51.03231506Z
,simulated,7,2026-02-22T21:59:15.008237837Z
,simulated,6,2026-02-22T21:59:19.942583039Z
,simulated,4,2026-02-22T21:59:51.059236212Z
,simulated,4,2026-02-22T22:00:15.029954499Z
,simulated,4,2026-02-22T22:00:19.946394484Z
,simulated,3,2026-02-22T22:00:51.087146214Z
,simulated,7,2026-02-22T22:01:15.054157195Z
,simulated,4,2026-02-22T22:01:19.951857575Z
,simulated,3,2026-02-22T22:01:51.114294221Z
,simulated,5,2026-02-22T22:02:15.077635423Z
,simulated,4,2026-02-22T22:02:19.956483797Z
,simulated,3,2026-02-22T22:02:51.147374543Z
,simulated,4,2026-02-22T22:03:15.10251205Z
,simulated,5,2026-02-22T22:03:19.962156538Z
,simulated,5,2026-02-22T22:03:51.154168514Z
,simulated,4,2026-02-22T22:04:15.117977443Z
,simulated,7,2026-02-22T22:04:19.967163973Z
,simulated,7,2026-02-22T22:04:51.164157483Z
,simulated,5,2026-02-22T22:05:15.13917238Z
,simulated,3,2026-02-22T22:05:19.975655428Z
,simulated,5,2026-02-22T22:05:51.177563987Z
,simulated,7,2026-02-22T22:06:15.16381568Z
,simulated,7,2026-02-22T22:06:19.977502188Z
,simulated,4,2026-02-22T22:06:51.20040376Z
,simulated,5,2026-02-22T22:07:15.171834651Z
,simulated,4,2026-02-22T22:07:19.981015291Z
,simulated,7,2026-02-22T22:07:51.21015425Z
,simulated,7,2026-02-22T22:08:15.192120488Z
,simulated,3,2026-02-22T22:08:19.98342971Z
,simulated,4,2026-02-22T22:08:51.236276407Z
,simulated,3,2026-02-22T22:09:15.204481357Z
,simulated,4,2026-02-22T22:09:19.985258481Z
,simulated,4,2026-02-22T22:09:51.265322897Z
,simulated,7,2026-02-22T22:10:15.224338263Z
,simulated,3,2026-02-22T22:10:19.987996371Z
,simulated,5,2026-02-22T22:10:51.29047929Z
,simulated,3,2026-02-22T22:11:15.242671628Z
,simulated,5,2026-02-22T22:11:19.990069217Z
,simulated,4,2026-02-22T22:11:51.298837207Z
,simulated,5,2026-02-22T22:12:15.270886728Z
,simulated,6,2026-02-22T22:12:19.996286693Z
,simulated,4,2026-02-22T22:12:51.330963302Z
,simulated,7,2026-02-22T22:13:15.282136104Z
,simulated,7,2026-02-22T22:13:20.001821999Z
,simulated,5,2026-02-22T22:13:51.35481256Z
,simulated,3,2026-02-22T22:14:15.302283505Z
,simulated,4,2026-02-22T22:14:20.010079022Z
,simulated,4,2026-02-22T22:14:51.383922549Z
,simulated,6,2026-02-22T22:15:15.328295613Z
,simulated,6,2026-02-22T22:15:20.006945939Z
,simulated,3,2026-02-22T22:15:51.410550664Z
,simulated,7,2026-02-22T22:16:15.346754959Z
,simulated,5,2026-02-22T22:16:20.009991964Z
,simulated,5,2026-02-22T22:16:51.439772081Z
,simulated,6,2026-02-22T22:17:15.369074399Z
,simulated,7,2026-02-22T22:17:20.014934757Z
,simulated,6,2026-02-22T22:17:51.455631192Z
,simulated,3,2026-02-22T22:18:15.391635792Z
,simulated,3,2026-02-22T22:18:20.0169044Z
,simulated,4,2026-02-22T22:18:51.483641952Z
,simulated,4,2026-02-22T22:19:15.410893004Z
,simulated,5,2026-02-22T22:19:20.020299791Z
,simulated,7,2026-02-22T22:19:51.516836477Z
,simulated,6,2026-02-22T22:20:15.410953318Z
,simulated,4,2026-02-22T22:20:20.024343232Z
,simulated,6,2026-02-22T22:20:51.496673447Z
,simulated,5,2026-02-22T22:21:15.433351092Z
,simulated,5,2026-02-22T22:21:20.027138655Z
,simulated,7,2026-02-22T22:21:51.523747775Z
,simulated,5,2026-02-22T22:22:15.451716455Z
,simulated,5,2026-02-22T22:22:20.030369542Z
,simulated,5,2026-02-22T22:22:51.551254931Z
,simulated,3,2026-02-22T22:23:15.455214573Z
,simulated,7,2026-02-22T22:23:20.036263668Z
,simulated,4,2026-02-22T22:23:51.579411359Z
,simulated,7,2026-02-22T22:24:15.474942988Z
,simulated,6,2026-02-22T22:24:20.039098906Z
,simulated,3,2026-02-22T22:24:51.607091774Z
,simulated,3,2026-02-22T22:25:15.496142454Z
,simulated,4,2026-02-22T22:25:20.037898492Z
,simulated,5,2026-02-22T22:25:51.636244418Z
,simulated,5,2026-02-22T22:26:15.500533772Z
,simulated,7,2026-02-22T22:26:20.044153801Z
,simulated,3,2026-02-22T22:26:51.658740182Z
,simulated,4,2026-02-22T22:27:15.507044236Z
,simulated,4,2026-02-22T22:27:20.047937734Z
,simulated,3,2026-02-22T22:27:51.683662747Z
,simulated,7,2026-02-22T22:28:15.517518685Z
,simulated,7,2026-02-22T22:28:20.05278878Z
,simulated,5,2026-02-22T22:28:51.691495684Z
,simulated,4,2026-02-22T22:29:15.535933261Z
,simulated,4,2026-02-22T22:29:20.057283764Z
,simulated,6,2026-02-22T22:29:51.708710568Z
,simulated,3,2026-02-22T22:30:15.547141789Z
,simulated,5,2026-02-22T22:30:20.059520162Z
,simulated,5,2026-02-22T22:30:51.736100083Z
,simulated,7,2026-02-22T22:31:15.56723857Z
,simulated,7,2026-02-22T22:31:20.064960118Z
,simulated,6,2026-02-22T22:31:51.75876376Z
,simulated,3,2026-02-22T22:32:15.58564239Z
,simulated,3,2026-02-22T22:32:20.064096105Z
,simulated,3,2026-02-22T22:32:51.783369515Z
,simulated,4,2026-02-22T22:33:15.605984025Z
,simulated,7,2026-02-22T22:33:20.068951588Z
,simulated,5,2026-02-22T22:33:51.796446341Z
,simulated,6,2026-02-22T22:34:15.607893844Z
,simulated,6,2026-02-22T22:34:20.07216156Z
,simulated,6,2026-02-22T22:34:51.824122974Z
,simulated,6,2026-02-22T22:35:15.619526593Z
,simulated,6,2026-02-22T22:35:20.077576569Z
,simulated,3,2026-02-22T22:35:51.855441966Z
,simulated,3,2026-02-22T22:36:15.639150051Z
,simulated,5,2026-02-22T22:36:20.083978852Z
,simulated,7,2026-02-22T22:36:51.867168676Z
,simulated,6,2026-02-22T22:37:15.64422385Z
,simulated,7,2026-02-22T22:37:20.082086878Z
,simulated,7,2026-02-22T22:37:51.892244492Z
,simulated,6,2026-02-22T22:38:15.665005989Z
,simulated,6,2026-02-22T22:38:20.087338258Z
,simulated,5,2026-02-22T22:38:51.899677426Z
,simulated,4,2026-02-22T22:39:15.684360818Z
,simulated,4,2026-02-22T22:39:20.090403935Z
,simulated,4,2026-02-22T22:39:51.90464038Z
,simulated,7,2026-02-22T22:40:15.704665546Z
,simulated,7,2026-02-22T22:40:20.094079259Z
,simulated,7,2026-02-22T22:40:51.930181738Z
,simulated,7,2026-02-22T22:41:15.720391609Z
,simulated,5,2026-02-22T22:41:20.097885225Z
,simulated,7,2026-02-22T22:41:51.941349765Z
,simulated,5,2026-02-22T22:42:15.738860519Z
,simulated,5,2026-02-22T22:42:20.103966879Z
,simulated,5,2026-02-22T22:42:51.943313495Z
,simulated,7,2026-02-22T22:43:15.746961603Z
,simulated,3,2026-02-22T22:43:20.106381407Z
,simulated,7,2026-02-22T22:43:51.968868481Z
,simulated,7,2026-02-22T22:44:15.767626842Z
,simulated,6,2026-02-22T22:44:20.110339585Z
,simulated,5,2026-02-22T22:44:51.988692322Z
,simulated,5,2026-02-22T22:45:15.773379459Z
,simulated,5,2026-02-22T22:45:20.115142414Z
,simulated,5,2026-02-22T22:45:52.004779158Z
,simulated,4,2026-02-22T22:46:15.793862681Z
,simulated,7,2026-02-22T22:46:20.115576774Z
,simulated,5,2026-02-22T22:46:52.02381068Z
,simulated,3,2026-02-22T22:47:15.804849088Z
,simulated,4,2026-02-22T22:47:20.12023367Z
,simulated,4,2026-02-22T22:47:52.04953556Z
,simulated,7,2026-02-22T22:48:15.819819478Z
,simulated,7,2026-02-22T22:48:20.125382682Z
,simulated,4,2026-02-22T22:48:52.075995885Z
,simulated,6,2026-02-22T22:49:15.835883485Z
,simulated,4,2026-02-22T22:49:20.128408776Z
,simulated,4,2026-02-22T22:49:52.096300342Z
,simulated,7,2026-02-22T22:50:15.853777071Z
,simulated,5,2026-02-22T22:50:20.131451629Z
,simulated,7,2026-02-22T22:50:52.130917957Z
,simulated,3,2026-02-22T22:51:15.860636387Z
,simulated,4,2026-02-22T22:51:20.140549016Z
,simulated,6,2026-02-22T22:51:52.151665027Z
,simulated,3,2026-02-22T22:52:15.870672912Z
,simulated,6,2026-02-22T22:52:20.139938698Z
,simulated,5,2026-02-22T22:52:52.174170043Z
,simulated,5,2026-02-22T22:53:15.886057525Z
,simulated,7,2026-02-22T22:53:20.141562193Z
,simulated,5,2026-02-22T22:53:52.185101997Z
,simulated,6,2026-02-22T22:54:15.906645048Z
,simulated,4,2026-02-22T22:54:20.147775364Z
,simulated,3,2026-02-22T22:54:52.193657566Z
,simulated,5,2026-02-22T22:55:15.922925835Z
,simulated,4,2026-02-22T22:55:20.149226538Z
,simulated,4,2026-02-22T22:55:52.187797063Z
,simulated,5,2026-02-22T22:56:15.941490587Z
,simulated,3,2026-02-22T22:56:20.151214424Z
,simulated,5,2026-02-22T22:56:52.194753289Z
,simulated,5,2026-02-22T22:57:15.94153088Z
,simulated,4,2026-02-22T22:57:20.155572819Z
,simulated,6,2026-02-22T22:57:52.195791118Z
,simulated,6,2026-02-22T22:58:15.958673863Z
,simulated,4,2026-02-22T22:58:20.156720118Z
,simulated,7,2026-02-22T22:58:52.217373717Z
,simulated,6,2026-02-22T22:59:15.97451219Z
,simulated,5,2026-02-22T22:59:20.160767503Z
,simulated,6,2026-02-22T22:59:52.237175678Z
,simulated,3,2026-02-22T23:00:15.990457049Z
,simulated,3,2026-02-22T23:00:20.164404431Z
,simulated,7,2026-02-22T23:00:52.246212056Z
,simulated,3,2026-02-22T23:01:15.992837214Z
,simulated,6,2026-02-22T23:01:20.166061161Z
,simulated,6,2026-02-22T23:01:52.265936389Z
,simulated,4,2026-02-22T23:02:16.003359838Z
,simulated,5,2026-02-22T23:02:20.168440438Z
,simulated,7,2026-02-22T23:02:52.281574388Z
,simulated,7,2026-02-22T23:03:16.006465246Z
,simulated,5,2026-02-22T23:03:20.171953692Z
,simulated,5,2026-02-22T23:03:52.313228398Z
,simulated,3,2026-02-22T23:04:16.018606382Z
,simulated,6,2026-02-22T23:04:20.175180226Z
,simulated,6,2026-02-22T23:04:52.323584084Z
,simulated,4,2026-02-22T23:05:16.038419543Z
,simulated,7,2026-02-22T23:05:20.179543611Z
,simulated,6,2026-02-22T23:05:52.345243887Z
,simulated,7,2026-02-22T23:06:16.0596169Z
,simulated,4,2026-02-22T23:06:20.182959741Z
,simulated,4,2026-02-22T23:06:52.348956054Z
,simulated,3,2026-02-22T23:07:16.081271405Z
,simulated,4,2026-02-22T23:07:20.187877364Z
,simulated,3,2026-02-22T23:07:52.378205865Z
,simulated,3,2026-02-22T23:08:16.083048083Z
,simulated,6,2026-02-22T23:08:20.190668081Z
,simulated,4,2026-02-22T23:08:52.383368596Z
,simulated,6,2026-02-22T23:09:16.103678182Z
,simulated,7,2026-02-22T23:09:20.192651276Z
,simulated,4,2026-02-22T23:09:52.406848996Z
,simulated,7,2026-02-22T23:10:16.114524149Z
,simulated,4,2026-02-22T23:10:20.195673454Z
,simulated,6,2026-02-22T23:10:52.432243885Z
,simulated,5,2026-02-22T23:11:16.12700499Z
,simulated,7,2026-02-22T23:11:20.207445951Z
,simulated,4,2026-02-22T23:11:52.455341402Z
,simulated,3,2026-02-22T23:12:16.149860305Z
,simulated,6,2026-02-22T23:12:20.202624548Z
,simulated,3,2026-02-22T23:12:52.476416357Z
,simulated,3,2026-02-22T23:13:16.148019225Z
,simulated,7,2026-02-22T23:13:20.204490084Z
,simulated,4,2026-02-22T23:13:52.484236567Z
,simulated,3,2026-02-22T23:14:16.164112107Z
,simulated,3,2026-02-22T23:14:20.208019646Z
,simulated,6,2026-02-22T23:14:52.505459688Z
,simulated,4,2026-02-22T23:15:16.170599459Z
,simulated,7,2026-02-22T23:15:20.208869495Z
,simulated,4,2026-02-22T23:15:52.538876001Z
,simulated,3,2026-02-22T23:16:16.174429736Z
,simulated,3,2026-02-22T23:16:20.211854597Z
,simulated,4,2026-02-22T23:16:52.548035569Z
,simulated,4,2026-02-22T23:17:16.1885751Z
,simulated,6,2026-02-22T23:17:20.212942528Z
,simulated,5,2026-02-22T23:17:52.571744007Z
,simulated,6,2026-02-22T23:18:16.203980939Z
,simulated,5,2026-02-22T23:18:20.214078937Z
,simulated,5,2026-02-22T23:18:52.594912968Z
,simulated,6,2026-02-22T23:19:16.211464799Z
,simulated,3,2026-02-22T23:19:20.218254675Z
,simulated,3,2026-02-22T23:19:52.61961706Z
,simulated,4,2026-02-22T23:20:16.217537384Z
,simulated,7,2026-02-22T23:20:20.225443272Z
,simulated,5,2026-02-22T23:20:52.645541972Z
,simulated,3,2026-02-22T23:21:16.230235832Z
,simulated,5,2026-02-22T23:21:20.223804718Z
,simulated,6,2026-02-22T23:21:52.6678575Z
,simulated,5,2026-02-22T23:22:16.268369861Z
,simulated,4,2026-02-22T23:22:20.226725984Z
,simulated,3,2026-02-22T23:22:52.689626721Z
,simulated,6,2026-02-22T23:23:16.26428785Z
,simulated,4,2026-02-22T23:23:20.23084526Z
,simulated,4,2026-02-22T23:23:52.710934Z
,simulated,3,2026-02-22T23:24:16.283616731Z
,simulated,3,2026-02-22T23:24:20.234557758Z
,simulated,6,2026-02-22T23:24:52.726839181Z
,simulated,3,2026-02-22T23:25:16.295218918Z
,simulated,3,2026-02-22T23:25:20.239154713Z
,simulated,7,2026-02-22T23:25:52.747070381Z
,simulated,3,2026-02-22T23:26:16.30125545Z
,simulated,4,2026-02-22T23:26:20.242501397Z
,simulated,4,2026-02-22T23:26:52.771505389Z
,simulated,3,2026-02-22T23:27:16.314678515Z
,simulated,3,2026-02-22T23:27:20.250104246Z
,simulated,3,2026-02-22T23:27:52.794027362Z
,simulated,4,2026-02-22T23:28:16.329790273Z
,simulated,3,2026-02-22T23:28:20.249659233Z
,simulated,6,2026-02-22T23:28:52.800122742Z
,simulated,5,2026-02-22T23:29:16.347605432Z
,simulated,7,2026-02-22T23:29:20.254472963Z
,simulated,5,2026-02-22T23:29:52.818942736Z
,simulated,5,2026-02-22T23:30:16.36513248Z
,simulated,7,2026-02-22T23:30:20.258845373Z
,simulated,6,2026-02-22T23:30:52.829089149Z
,simulated,4,2026-02-22T23:31:16.379518202Z
,simulated,4,2026-02-22T23:31:20.26389801Z
,simulated,5,2026-02-22T23:31:52.856928877Z
,simulated,7,2026-02-22T23:32:16.395300219Z
,simulated,7,2026-02-22T23:32:20.266812155Z
,simulated,7,2026-02-22T23:32:52.872297862Z
,simulated,6,2026-02-22T23:33:16.411252787Z
,simulated,6,2026-02-22T23:33:20.266382952Z
,simulated,6,2026-02-22T23:33:52.893816267Z
,simulated,6,2026-02-22T23:34:16.420593097Z
,simulated,4,2026-02-22T23:34:20.271029717Z
,simulated,4,2026-02-22T23:34:52.894317436Z
,simulated,4,2026-02-22T23:35:16.437116526Z
,simulated,7,2026-02-22T23:35:20.279778349Z
,simulated,7,2026-02-22T23:35:52.914839135Z
,simulated,4,2026-02-22T23:36:16.443786433Z
,simulated,5,2026-02-22T23:36:20.280371552Z
,simulated,7,2026-02-22T23:36:52.94194132Z
,simulated,4,2026-02-22T23:37:16.441154029Z
,simulated,3,2026-02-22T23:37:20.282007321Z
,simulated,3,2026-02-22T23:37:52.953697506Z
,simulated,4,2026-02-22T23:38:16.452966701Z
,simulated,5,2026-02-22T23:38:20.284467013Z
,simulated,6,2026-02-22T23:38:52.972172302Z
,simulated,6,2026-02-22T23:39:16.471096842Z
,simulated,4,2026-02-22T23:39:20.28735762Z
,simulated,7,2026-02-22T23:39:52.976324065Z
,simulated,4,2026-02-22T23:40:16.481728696Z
,simulated,7,2026-02-22T23:40:20.290546038Z
,simulated,6,2026-02-22T23:40:52.986693478Z
,simulated,6,2026-02-22T23:41:16.497336902Z
,simulated,7,2026-02-22T23:41:20.296486437Z
,simulated,7,2026-02-22T23:41:53.005698132Z
,simulated,5,2026-02-22T23:42:16.510659883Z
,simulated,7,2026-02-22T23:42:20.298692494Z
,simulated,4,2026-02-22T23:42:53.027168357Z
,simulated,7,2026-02-22T23:43:16.526473523Z
,simulated,5,2026-02-22T23:43:20.301647976Z
,simulated,3,2026-02-22T23:43:53.047364553Z
,simulated,7,2026-02-22T23:44:16.539613432Z
,simulated,4,2026-02-22T23:44:20.302820836Z
,simulated,3,2026-02-22T23:44:53.064175134Z
,simulated,6,2026-02-22T23:45:16.551736274Z
,simulated,5,2026-02-22T23:45:20.307705539Z
,simulated,6,2026-02-22T23:45:53.066932484Z
,simulated,7,2026-02-22T23:46:16.552460143Z
,simulated,3,2026-02-22T23:46:20.311372272Z
,simulated,5,2026-02-22T23:46:53.087657342Z
,simulated,6,2026-02-22T23:47:16.56345927Z
,simulated,5,2026-02-22T23:47:20.318931625Z
,simulated,5,2026-02-22T23:47:53.106917085Z
,simulated,7,2026-02-22T23:48:16.575344969Z
,simulated,3,2026-02-22T23:48:20.319076453Z
,simulated,6,2026-02-22T23:48:53.126508911Z
,simulated,3,2026-02-22T23:49:16.591893181Z
,simulated,3,2026-02-22T23:49:20.321517665Z
,simulated,4,2026-02-22T23:49:53.153406746Z
,simulated,5,2026-02-22T23:50:16.593879254Z
,simulated,4,2026-02-22T23:50:20.326567894Z
,simulated,6,2026-02-22T23:50:53.164842203Z
,simulated,4,2026-02-22T23:51:16.607396743Z
,simulated,6,2026-02-22T23:51:20.326852219Z
,simulated,5,2026-02-22T23:51:53.177189313Z
,simulated,4,2026-02-22T23:52:16.623097889Z
,simulated,3,2026-02-22T23:52:20.330580195Z
,simulated,7,2026-02-22T23:52:53.191732082Z
,simulated,5,2026-02-22T23:53:16.668467803Z
,simulated,4,2026-02-22T23:53:20.337869936Z
,simulated,3,2026-02-22T23:53:53.211069715Z
,simulated,7,2026-02-22T23:54:16.64773369Z
,simulated,7,2026-02-22T23:54:20.339257442Z
,simulated,7,2026-02-22T23:54:53.231509858Z
,simulated,5,2026-02-22T23:55:16.662411334Z
,simulated,4,2026-02-22T23:55:20.342965742Z
,simulated,3,2026-02-22T23:55:53.239358448Z
,simulated,6,2026-02-22T23:56:16.672342994Z
,simulated,4,2026-02-22T23:56:20.34702878Z
,simulated,4,2026-02-22T23:56:53.261124811Z
,simulated,4,2026-02-22T23:57:16.682445206Z
,simulated,5,2026-02-22T23:57:20.347853708Z
,simulated,6,2026-02-22T23:57:53.276275705Z
,simulated,4,2026-02-22T23:58:16.695005169Z
,simulated,7,2026-02-22T23:58:20.352915695Z
,simulated,7,2026-02-22T23:58:53.295156981Z
,simulated,4,2026-02-22T23:59:16.707950703Z
,simulated,5,2026-02-22T23:59:20.355589276Z
,simulated,6,2026-02-22T23:59:53.309445662Z
,simulated,0,2026-02-23T00:00:16.719442576Z
,simulated,0,2026-02-23T00:00:20.356861369Z
,simulated,0,2026-02-23T00:00:53.328458566Z
,simulated,0,2026-02-23T00:01:16.72685988Z
,simulated,0,2026-02-23T00:01:20.357414984Z
,simulated,0,2026-02-23T00:01:53.347159595Z
,simulated,0,2026-02-23T00:02:16.73432927Z
,simulated,0,2026-02-23T00:02:20.35977548Z
,simulated,0,2026-02-23T00:02:53.366844734Z
,simulated,0,2026-02-23T00:03:16.739936395Z
,simulated,0,2026-02-23T00:03:20.362035519Z
,simulated,0,2026-02-23T00:03:53.393798565Z
,simulated,0,2026-02-23T00:04:16.746007215Z
,simulated,0,2026-02-23T00:04:20.364222853Z
,simulated,0,2026-02-23T00:04:53.407449279Z
,simulated,0,2026-02-23T00:05:16.762585075Z
,simulated,0,2026-02-23T00:05:20.36466428Z
,simulated,0,2026-02-23T00:05:53.41869105Z
,simulated,0,2026-02-23T00:06:16.770137689Z
,simulated,0,2026-02-23T00:06:20.371171386Z
,simulated,0,2026-02-23T00:06:53.438241672Z
,simulated,0,2026-02-23T00:07:16.781158226Z
,simulated,0,2026-02-23T00:07:20.370582522Z
,simulated,0,2026-02-23T00:07:53.45218605Z
,simulated,0,2026-02-23T00:08:16.79370821Z
,simulated,0,2026-02-23T00:08:20.371467997Z
,simulated,0,2026-02-23T00:08:53.470413013Z
,simulated,0,2026-02-23T00:09:16.807311793Z
,simulated,0,2026-02-23T00:09:20.37767943Z
,simulated,0,2026-02-23T00:09:53.483759657Z
,simulated,0,2026-02-23T00:10:16.817713491Z
,simulated,0,2026-02-23T00:10:20.378407593Z
,simulated,0,2026-02-23T00:10:53.493859043Z
,simulated,0,2026-02-23T00:11:16.82098855Z
,simulated,0,2026-02-23T00:11:20.379619802Z
,simulated,0,2026-02-23T00:11:53.507179275Z
,simulated,0,2026-02-23T00:12:16.833708359Z
,simulated,0,2026-02-23T00:12:20.383546215Z
,simulated,0,2026-02-23T00:12:53.51065344Z
,simulated,0,2026-02-23T00:13:16.851006034Z
,simulated,0,2026-02-23T00:13:20.385326715Z
,simulated,0,2026-02-23T00:13:53.528416306Z
,simulated,0,2026-02-23T00:14:16.862598077Z
,simulated,0,2026-02-23T00:14:20.387504841Z
,simulated,0,2026-02-23T00:14:53.542601454Z
,simulated,0,2026-02-23T00:15:16.866756169Z
,simulated,0,2026-02-23T00:15:20.391320804Z
,simulated,0,2026-02-23T00:15:53.560097948Z
,simulated,0,2026-02-23T00:16:16.872245917Z
,simulated,0,2026-02-23T00:16:20.394860983Z
,simulated,0,2026-02-23T00:16:53.576131413Z
,simulated,0,2026-02-23T00:17:16.883817145Z
,simulated,0,2026-02-23T00:17:20.396418145Z
,simulated,0,2026-02-23T00:17:53.591867009Z
,simulated,0,2026-02-23T00:18:16.893024992Z
,simulated,0,2026-02-23T00:18:20.39935163Z
,simulated,0,2026-02-23T00:18:53.599707284Z
,simulated,0,2026-02-23T00:19:16.907091962Z
,simulated,0,2026-02-23T00:19:20.406414168Z
,simulated,0,2026-02-23T00:19:53.616182888Z
,simulated,0,2026-02-23T00:20:16.915906867Z
,simulated,0,2026-02-23T00:20:20.404915004Z
,simulated,0,2026-02-23T00:20:53.633312489Z
,simulated,0,2026-02-23T00:21:16.927625306Z
,simulated,0,2026-02-23T00:21:20.409689608Z
,simulated,0,2026-02-23T00:21:53.653105872Z
,simulated,0,2026-02-23T00:22:16.933293744Z
,simulated,0,2026-02-23T00:22:20.410035278Z
,simulated,0,2026-02-23T00:22:53.666670467Z
,simulated,0,2026-02-23T00:23:16.941596827Z
,simulated,0,2026-02-23T00:23:20.410970365Z
,simulated,0,2026-02-23T00:23:53.684932498Z
,simulated,0,2026-02-23T00:24:16.954489159Z
,simulated,0,2026-02-23T00:24:20.415157575Z
,simulated,0,2026-02-23T00:24:53.697559349Z
,simulated,0,2026-02-23T00:25:16.961556636Z
,simulated,0,2026-02-23T00:25:20.417121322Z
,simulated,0,2026-02-23T00:25:53.702756304Z
,simulated,0,2026-02-23T00:26:16.969237463Z
,simulated,0,2026-02-23T00:26:20.419543599Z
,simulated,0,2026-02-23T00:26:53.721339297Z
,simulated,0,2026-02-23T00:27:16.991329814Z
,simulated,0,2026-02-23T00:27:20.423768582Z
,simulated,0,2026-02-23T00:27:53.739275575Z
,simulated,0,2026-02-23T00:28:16.985284687Z
,simulated,0,2026-02-23T00:28:20.427164922Z
,simulated,0,2026-02-23T00:28:53.751932121Z
,simulated,0,2026-02-23T00:29:16.991395633Z
,simulated,0,2026-02-23T00:29:20.427646466Z
,simulated,0,2026-02-23T00:29:53.766769981Z
,simulated,0,2026-02-23T00:30:16.99384701Z
,simulated,0,2026-02-23T00:30:20.431895566Z
,simulated,0,2026-02-23T00:30:53.784828735Z
,simulated,0,2026-02-23T00:31:17.001505857Z
,simulated,0,2026-02-23T00:31:20.437737219Z
,simulated,0,2026-02-23T00:31:53.798425171Z
,simulated,0,2026-02-23T00:32:17.012130252Z
,simulated,0,2026-02-23T00:32:20.437578429Z
,simulated,0,2026-02-23T00:32:53.81481375Z
,simulated,0,2026-02-23T00:33:17.015646222Z
,simulated,0,2026-02-23T00:33:20.448481379Z
,simulated,0,2026-02-23T00:33:53.82342367Z
,simulated,0,2026-02-23T00:34:17.020329767Z
,simulated,0,2026-02-23T00:34:20.441411701Z
,simulated,0,2026-02-23T00:34:53.830611552Z
,simulated,0,2026-02-23T00:35:17.021198267Z
,simulated,0,2026-02-23T00:35:20.445806797Z
,simulated,0,2026-02-23T00:35:53.849388532Z
,simulated,0,2026-02-23T00:36:17.022270969Z
,simulated,0,2026-02-23T00:36:20.467418509Z
,simulated,0,2026-02-23T00:36:53.862997222Z
,simulated,0,2026-02-23T00:37:17.025674916Z
,simulated,0,2026-02-23T00:37:20.452345381Z
,simulated,0,2026-02-23T00:37:53.881299251Z
,simulated,0,2026-02-23T00:38:17.041049756Z
,simulated,0,2026-02-23T00:38:20.455378882Z
,simulated,0,2026-02-23T00:38:53.894430425Z
,simulated,0,2026-02-23T00:39:17.039789598Z
,simulated,0,2026-02-23T00:39:20.457289848Z
,simulated,0,2026-02-23T00:39:53.907432643Z
,simulated,0,2026-02-23T00:40:17.051590572Z
,simulated,0,2026-02-23T00:40:20.460337754Z
,simulated,0,2026-02-23T00:40:53.921378286Z
,simulated,0,2026-02-23T00:41:17.061880009Z
,simulated,0,2026-02-23T00:41:20.464323922Z
,simulated,0,2026-02-23T00:41:53.937440717Z
,simulated,0,2026-02-23T00:42:17.065543262Z
,simulated,0,2026-02-23T00:42:20.469220262Z
,simulated,0,2026-02-23T00:42:53.953044346Z
,simulated,0,2026-02-23T00:43:17.071610073Z
,simulated,0,2026-02-23T00:43:20.46948868Z
,simulated,0,2026-02-23T00:43:53.967398543Z
,simulated,0,2026-02-23T00:44:17.080680971Z
,simulated,0,2026-02-23T00:44:20.472912088Z
,simulated,0,2026-02-23T00:44:53.983058586Z
,simulated,0,2026-02-23T00:45:17.090972796Z
,simulated,0,2026-02-23T00:45:20.473660701Z
,simulated,0,2026-02-23T00:45:53.985132254Z
,simulated,0,2026-02-23T00:46:17.098817505Z
,simulated,0,2026-02-23T00:46:20.474441207Z
,simulated,0,2026-02-23T00:46:54.000296525Z
,simulated,0,2026-02-23T00:47:17.103272624Z
,simulated,0,2026-02-23T00:47:20.479414446Z
,simulated,0,2026-02-23T00:47:54.015454263Z
,simulated,0,2026-02-23T00:48:17.112739218Z
,simulated,0,2026-02-23T00:48:20.479063667Z
,simulated,0,2026-02-23T00:48:54.021823374Z
,simulated,0,2026-02-23T00:49:17.121768056Z
,simulated,0,2026-02-23T00:49:20.479148908Z
,simulated,0,2026-02-23T00:49:54.038516574Z
,simulated,0,2026-02-23T00:50:17.127466506Z
,simulated,0,2026-02-23T00:50:20.483958073Z
,simulated,0,2026-02-23T00:50:54.050188281Z
,simulated,0,2026-02-23T00:51:17.137234074Z
,simulated,0,2026-02-23T00:51:20.489535474Z
,simulated,0,2026-02-23T00:51:54.060932285Z
,simulated,0,2026-02-23T00:52:17.146320413Z
,simulated,0,2026-02-23T00:52:20.488217458Z
,simulated,0,2026-02-23T00:52:54.075982844Z
,simulated,0,2026-02-23T00:53:17.159262468Z
,simulated,0,2026-02-23T00:53:20.49111704Z
,simulated,0,2026-02-23T00:53:54.083350672Z
,simulated,0,2026-02-23T00:54:17.159263557Z
,simulated,0,2026-02-23T00:54:20.497568054Z
,simulated,0,2026-02-23T00:54:54.09670202Z
,simulated,0,2026-02-23T00:55:17.166475616Z
,simulated,0,2026-02-23T00:55:20.500760292Z
,simulated,0,2026-02-23T00:55:54.11486772Z
,simulated,0,2026-02-23T00:56:17.169966123Z
,simulated,0,2026-02-23T00:56:20.500048386Z
,simulated,0,2026-02-23T00:56:54.124378807Z
,simulated,0,2026-02-23T00:57:17.174802935Z
,simulated,0,2026-02-23T00:57:20.503445745Z
,simulated,0,2026-02-23T00:57:54.142779928Z
,simulated,0,2026-02-23T00:58:17.205573189Z
,simulated,0,2026-02-23T00:58:20.508880075Z
,simulated,0,2026-02-23T00:58:54.149812743Z
,simulated,0,2026-02-23T00:59:17.186457054Z
,simulated,0,2026-02-23T00:59:20.513268076Z
,simulated,0,2026-02-23T00:59:54.165866622Z
,simulated,0,2026-02-23T01:00:17.195233141Z
,simulated,0,2026-02-23T01:00:20.51134056Z
,simulated,0,2026-02-23T01:00:54.174911903Z
,simulated,0,2026-02-23T01:01:17.197923537Z
,simulated,0,2026-02-23T01:01:20.514660117Z
,simulated,0,2026-02-23T01:01:54.186980325Z
,simulated,0,2026-02-23T01:02:17.202162887Z
,simulated,0,2026-02-23T01:02:20.518046964Z
,simulated,0,2026-02-23T01:02:54.203746817Z
,simulated,0,2026-02-23T01:03:17.213978173Z
,simulated,0,2026-02-23T01:03:20.523132548Z
,simulated,0,2026-02-23T01:03:54.21601336Z
,simulated,0,2026-02-23T01:04:17.214590087Z
,simulated,0,2026-02-23T01:04:20.524316068Z
,simulated,0,2026-02-23T01:04:54.229354971Z
,simulated,0,2026-02-23T01:05:17.221347069Z
,simulated,0,2026-02-23T01:05:20.529083357Z
,simulated,0,2026-02-23T01:05:54.241999217Z
,simulated,0,2026-02-23T01:06:17.223693872Z
,simulated,0,2026-02-23T01:06:20.52729954Z
,simulated,0,2026-02-23T01:06:54.254903461Z
,simulated,0,2026-02-23T01:07:17.225541679Z
,simulated,0,2026-02-23T01:07:20.531226895Z
,simulated,0,2026-02-23T01:07:54.264948746Z
,simulated,0,2026-02-23T01:08:17.231190182Z
,simulated,0,2026-02-23T01:08:20.532202528Z
,simulated,0,2026-02-23T01:08:54.280639724Z
,simulated,0,2026-02-23T01:09:17.237272667Z
,simulated,0,2026-02-23T01:09:20.536094257Z
,simulated,0,2026-02-23T01:09:54.287130452Z
,simulated,0,2026-02-23T01:10:17.241789181Z
,simulated,0,2026-02-23T01:10:20.538401046Z
,simulated,0,2026-02-23T01:10:54.299525896Z
,simulated,0,2026-02-23T01:11:17.245522181Z
,simulated,0,2026-02-23T01:11:20.545890266Z
,simulated,0,2026-02-23T01:11:54.312046735Z
,simulated,0,2026-02-23T01:12:17.253215511Z
,simulated,0,2026-02-23T01:12:20.542815847Z
,simulated,0,2026-02-23T01:12:54.323660865Z
,simulated,0,2026-02-23T01:13:17.252229664Z
,simulated,0,2026-02-23T01:13:20.546995657Z
,simulated,0,2026-02-23T01:13:54.338305144Z
,simulated,0,2026-02-23T01:14:17.263932051Z
,simulated,0,2026-02-23T01:14:20.546405502Z
,simulated,0,2026-02-23T01:14:54.348836475Z
,simulated,0,2026-02-23T01:15:17.263924135Z
,simulated,0,2026-02-23T01:15:20.55044153Z
,simulated,0,2026-02-23T01:15:54.356436907Z
,simulated,0,2026-02-23T01:16:17.267798349Z
,simulated,0,2026-02-23T01:16:20.555452294Z
,simulated,0,2026-02-23T01:16:54.367568572Z
,simulated,0,2026-02-23T01:17:17.275312562Z
,simulated,0,2026-02-23T01:17:20.556144371Z
,simulated,0,2026-02-23T01:17:54.37739816Z
,simulated,0,2026-02-23T01:18:17.275273087Z
,simulated,0,2026-02-23T01:18:20.559227288Z
,simulated,0,2026-02-23T01:18:54.392437066Z
,simulated,0,2026-02-23T01:19:17.276034975Z
,simulated,0,2026-02-23T01:19:20.56207622Z
,simulated,0,2026-02-23T01:19:54.395426763Z
,simulated,0,2026-02-23T01:20:17.284352899Z
,simulated,0,2026-02-23T01:20:20.565887035Z
,simulated,0,2026-02-23T01:20:54.40679856Z
,simulated,0,2026-02-23T01:21:17.282967936Z
,simulated,0,2026-02-23T01:21:20.566866812Z
,simulated,0,2026-02-23T01:21:54.420925611Z
,simulated,0,2026-02-23T01:22:17.29365503Z
,simulated,0,2026-02-23T01:22:20.568948094Z
,simulated,0,2026-02-23T01:22:54.42490056Z
,simulated,0,2026-02-23T01:23:17.291174077Z
,simulated,0,2026-02-23T01:23:20.571257711Z
,simulated,0,2026-02-23T01:23:54.431613013Z
,simulated,0,2026-02-23T01:24:17.297951645Z
,simulated,0,2026-02-23T01:24:20.576688695Z
,simulated,0,2026-02-23T01:24:54.440435832Z
,simulated,0,2026-02-23T01:25:17.300532813Z
,simulated,0,2026-02-23T01:25:20.577621631Z
,simulated,0,2026-02-23T01:25:54.447872164Z
,simulated,0,2026-02-23T01:26:17.303215035Z
,simulated,0,2026-02-23T01:26:20.577221539Z
,simulated,0,2026-02-23T01:26:54.459064463Z
,simulated,0,2026-02-23T01:27:17.306643157Z
,simulated,0,2026-02-23T01:27:20.579943146Z
,simulated,0,2026-02-23T01:27:54.474288087Z
,simulated,0,2026-02-23T01:28:17.311084904Z
,simulated,0,2026-02-23T01:28:20.580229252Z
,simulated,0,2026-02-23T01:28:54.478978159Z
,simulated,0,2026-02-23T01:29:17.315136094Z
,simulated,0,2026-02-23T01:29:20.582910218Z
,simulated,0,2026-02-23T01:29:54.487590549Z
,simulated,0,2026-02-23T01:30:17.322681152Z
,simulated,0,2026-02-23T01:30:20.589470265Z
,simulated,0,2026-02-23T01:30:54.500278054Z
,simulated,0,2026-02-23T01:31:17.323467027Z
,simulated,0,2026-02-23T01:31:20.594534107Z
,simulated,0,2026-02-23T01:31:54.508452884Z
,simulated,0,2026-02-23T01:32:17.338509706Z
,simulated,0,2026-02-23T01:32:20.590449811Z
,simulated,0,2026-02-23T01:32:54.517498315Z
,simulated,0,2026-02-23T01:33:17.329730627Z
,simulated,0,2026-02-23T01:33:20.591284929Z
,simulated,0,2026-02-23T01:33:54.522948595Z
,simulated,0,2026-02-23T01:34:17.332651403Z
,simulated,0,2026-02-23T01:34:20.594789424Z
,simulated,0,2026-02-23T01:34:54.528785108Z
,simulated,0,2026-02-23T01:35:17.336177261Z
,simulated,0,2026-02-23T01:35:20.597583919Z
,simulated,0,2026-02-23T01:35:54.543462905Z
,simulated,0,2026-02-23T01:36:17.340547946Z
,simulated,0,2026-02-23T01:36:20.614606239Z
,simulated,0,2026-02-23T01:36:54.54974489Z
,simulated,0,2026-02-23T01:37:17.349852948Z
,simulated,0,2026-02-23T01:37:20.599300213Z
,simulated,0,2026-02-23T01:37:54.561504135Z
,simulated,0,2026-02-23T01:38:17.344810231Z
,simulated,0,2026-02-23T01:38:20.603992837Z
,simulated,0,2026-02-23T01:38:54.561254227Z
,simulated,0,2026-02-23T01:39:17.345707121Z
,simulated,0,2026-02-23T01:39:20.6101547Z
,simulated,0,2026-02-23T01:39:54.567726623Z
,simulated,0,2026-02-23T01:40:17.348105473Z
,simulated,0,2026-02-23T01:40:20.611942074Z
,simulated,0,2026-02-23T01:40:54.572693949Z
,simulated,0,2026-02-23T01:41:17.349679405Z
,simulated,0,2026-02-23T01:41:20.612516094Z
,simulated,0,2026-02-23T01:41:54.581900835Z
,simulated,0,2026-02-23T01:42:17.351055981Z
,simulated,0,2026-02-23T01:42:20.617363544Z
,simulated,0,2026-02-23T01:42:54.591455233Z
,simulated,0,2026-02-23T01:43:17.354777751Z
,simulated,0,2026-02-23T01:43:20.618442658Z
,simulated,0,2026-02-23T01:43:54.599433316Z
,simulated,0,2026-02-23T01:44:17.354138034Z
,simulated,0,2026-02-23T01:44:20.624322924Z
,simulated,0,2026-02-23T01:44:54.603030824Z
,simulated,0,2026-02-23T01:45:17.355329752Z
,simulated,0,2026-02-23T01:45:20.636069989Z
,simulated,0,2026-02-23T01:45:54.612136598Z
,simulated,0,2026-02-23T01:46:17.358239473Z
,simulated,0,2026-02-23T01:46:20.627104209Z
,simulated,0,2026-02-23T01:46:54.624593518Z
,simulated,0,2026-02-23T01:47:17.358982287Z
,simulated,0,2026-02-23T01:47:20.627677098Z
,simulated,0,2026-02-23T01:47:54.628492622Z
,simulated,0,2026-02-23T01:48:17.359460673Z
,simulated,0,2026-02-23T01:48:20.631149298Z
,simulated,0,2026-02-23T01:48:54.6352119Z
,simulated,0,2026-02-23T01:49:17.365568191Z
,simulated,0,2026-02-23T01:49:20.633247585Z
,simulated,0,2026-02-23T01:49:54.640349981Z
,simulated,0,2026-02-23T01:50:17.363910235Z
,simulated,0,2026-02-23T01:50:20.635200178Z
,simulated,0,2026-02-23T01:50:54.646330417Z
,simulated,0,2026-02-23T01:51:17.367706037Z
,simulated,0,2026-02-23T01:51:20.639334222Z
,simulated,0,2026-02-23T01:51:54.650121266Z
,simulated,0,2026-02-23T01:52:17.366759616Z
,simulated,0,2026-02-23T01:52:20.639733075Z
,simulated,0,2026-02-23T01:52:54.657488476Z
,simulated,0,2026-02-23T01:53:17.368089455Z
,simulated,0,2026-02-23T01:53:20.643683835Z
,simulated,0,2026-02-23T01:53:54.666369522Z
,simulated,0,2026-02-23T01:54:17.370662413Z
,simulated,0,2026-02-23T01:54:20.645483411Z
,simulated,0,2026-02-23T01:54:54.67113192Z
,simulated,0,2026-02-23T01:55:17.371883093Z
,simulated,0,2026-02-23T01:55:20.647143792Z
,simulated,0,2026-02-23T01:55:54.678758866Z
,simulated,0,2026-02-23T01:56:17.370688137Z
,simulated,0,2026-02-23T01:56:20.651567928Z
,simulated,0,2026-02-23T01:56:54.684531505Z
,simulated,0,2026-02-23T01:57:17.381076547Z
,simulated,0,2026-02-23T01:57:20.652043149Z
,simulated,0,2026-02-23T01:57:54.691275223Z
,simulated,0,2026-02-23T01:58:17.372261689Z
,simulated,0,2026-02-23T01:58:20.6540319Z
,simulated,0,2026-02-23T01:58:54.694556886Z
,simulated,0,2026-02-23T01:59:17.371575751Z
,simulated,0,2026-02-23T01:59:20.657368775Z
,simulated,0,2026-02-23T01:59:54.703239961Z
,simulated,0,2026-02-23T02:00:17.37134992Z
,simulated,0,2026-02-23T02:00:20.665339892Z
,simulated,0,2026-02-23T02:00:54.70824688Z
,simulated,0,2026-02-23T02:01:17.373512899Z
,simulated,0,2026-02-23T02:01:20.666811368Z
,simulated,0,2026-02-23T02:01:54.712991339Z
,simulated,0,2026-02-23T02:02:17.370845743Z
,simulated,0,2026-02-23T02:02:20.668030992Z
,simulated,0,2026-02-23T02:02:54.719501684Z
,simulated,0,2026-02-23T02:03:17.39376804Z
,simulated,0,2026-02-23T02:03:20.672192705Z
,simulated,0,2026-02-23T02:03:54.725529989Z
,simulated,0,2026-02-23T02:04:17.414192715Z
,simulated,0,2026-02-23T02:04:20.675356Z
,simulated,0,2026-02-23T02:04:54.730328229Z
,simulated,0,2026-02-23T02:05:17.434303234Z
,simulated,0,2026-02-23T02:05:20.678337568Z
,simulated,0,2026-02-23T02:05:54.736514213Z
,simulated,0,2026-02-23T02:06:17.451293599Z
,simulated,0,2026-02-23T02:06:20.679000594Z
,simulated,0,2026-02-23T02:06:54.739955006Z
,simulated,0,2026-02-23T02:07:17.471007185Z
,simulated,0,2026-02-23T02:07:20.682369071Z
,simulated,0,2026-02-23T02:07:54.745758076Z
,simulated,0,2026-02-23T02:08:17.488688055Z
,simulated,0,2026-02-23T02:08:20.684816489Z
,simulated,0,2026-02-23T02:08:54.752061839Z
,simulated,0,2026-02-23T02:09:17.511042291Z
,simulated,0,2026-02-23T02:09:20.692796959Z
,simulated,0,2026-02-23T02:09:54.756299601Z
,simulated,0,2026-02-23T02:10:17.532306101Z
,simulated,0,2026-02-23T02:10:20.689827813Z
,simulated,0,2026-02-23T02:10:54.760803863Z
,simulated,0,2026-02-23T02:11:17.552480786Z
,simulated,0,2026-02-23T02:11:20.69293511Z
,simulated,0,2026-02-23T02:11:54.763975153Z
,simulated,0,2026-02-23T02:12:17.576200074Z
,simulated,0,2026-02-23T02:12:20.694029504Z
,simulated,0,2026-02-23T02:12:54.766677403Z
,simulated,0,2026-02-23T02:13:17.592805482Z
,simulated,0,2026-02-23T02:13:20.695948278Z
,simulated,0,2026-02-23T02:13:54.773721529Z
,simulated,0,2026-02-23T02:14:17.617231464Z
,simulated,0,2026-02-23T02:14:20.699034353Z
,simulated,0,2026-02-23T02:14:54.775617183Z
,simulated,0,2026-02-23T02:15:17.637649197Z
,simulated,0,2026-02-23T02:15:20.699211733Z
,simulated,0,2026-02-23T02:15:54.774998359Z
,simulated,0,2026-02-23T02:16:17.657380786Z
,simulated,0,2026-02-23T02:16:20.70280926Z
,simulated,0,2026-02-23T02:16:54.780479416Z
,simulated,0,2026-02-23T02:17:17.665138254Z
,simulated,0,2026-02-23T02:17:20.704152369Z
,simulated,0,2026-02-23T02:17:54.787228948Z
,simulated,0,2026-02-23T02:18:17.675421856Z
,simulated,0,2026-02-23T02:18:20.703334095Z
,simulated,0,2026-02-23T02:18:54.79283481Z
,simulated,0,2026-02-23T02:19:17.690566845Z
,simulated,0,2026-02-23T02:19:20.703853592Z
,simulated,0,2026-02-23T02:19:54.800022139Z
,simulated,0,2026-02-23T02:20:17.714675104Z
,simulated,0,2026-02-23T02:20:20.702957846Z
,simulated,0,2026-02-23T02:20:54.803845642Z
,simulated,0,2026-02-23T02:21:17.72075585Z
,simulated,0,2026-02-23T02:21:20.705017071Z
,simulated,0,2026-02-23T02:21:54.809730529Z
,simulated,0,2026-02-23T02:22:17.741541243Z
,simulated,0,2026-02-23T02:22:20.705792829Z
,simulated,0,2026-02-23T02:22:54.812543877Z
,simulated,0,2026-02-23T02:23:17.764257379Z
,simulated,0,2026-02-23T02:23:20.705755747Z
,simulated,0,2026-02-23T02:23:54.816567086Z
,simulated,0,2026-02-23T02:24:17.783500263Z
,simulated,0,2026-02-23T02:24:20.706092311Z
,simulated,0,2026-02-23T02:24:54.821201455Z
,simulated,0,2026-02-23T02:25:17.78456425Z
,simulated,0,2026-02-23T02:25:20.70719609Z
,simulated,0,2026-02-23T02:25:54.825580645Z
,simulated,0,2026-02-23T02:26:17.802257712Z
,simulated,0,2026-02-23T02:26:20.710839303Z
,simulated,0,2026-02-23T02:26:54.834249229Z
,simulated,0,2026-02-23T02:27:17.812816057Z
,simulated,0,2026-02-23T02:27:20.709325421Z
,simulated,0,2026-02-23T02:27:54.837151378Z
,simulated,0,2026-02-23T02:28:17.830237941Z
,simulated,0,2026-02-23T02:28:20.710655594Z
,simulated,0,2026-02-23T02:28:54.838567835Z
,simulated,0,2026-02-23T02:29:17.83797106Z
,simulated,0,2026-02-23T02:29:20.710946493Z
,simulated,0,2026-02-23T02:29:54.842459032Z
,simulated,0,2026-02-23T02:30:17.857396096Z
,simulated,0,2026-02-23T02:30:20.710560006Z
,simulated,0,2026-02-23T02:30:54.850092133Z
,simulated,0,2026-02-23T02:31:17.876195744Z
,simulated,0,2026-02-23T02:31:20.708897638Z
,simulated,0,2026-02-23T02:31:54.848413613Z
,simulated,0,2026-02-23T02:32:17.890590789Z
,simulated,0,2026-02-23T02:32:20.709472277Z
,simulated,0,2026-02-23T02:32:54.854939257Z
,simulated,0,2026-02-23T02:33:17.902923953Z
,simulated,0,2026-02-23T02:33:20.714342919Z
,simulated,0,2026-02-23T02:33:54.856878567Z
,simulated,0,2026-02-23T02:34:17.918923809Z
,simulated,0,2026-02-23T02:34:20.715947219Z
,simulated,0,2026-02-23T02:34:54.857966543Z
,simulated,0,2026-02-23T02:35:17.940014761Z
,simulated,0,2026-02-23T02:35:20.718729339Z
,simulated,0,2026-02-23T02:35:54.859690117Z
,simulated,0,2026-02-23T02:36:17.948236946Z
,simulated,0,2026-02-23T02:36:20.722611511Z
,simulated,0,2026-02-23T02:36:54.864931987Z
,simulated,0,2026-02-23T02:37:17.97233378Z
,simulated,0,2026-02-23T02:37:20.728123809Z
,simulated,0,2026-02-23T02:37:54.867381291Z
,simulated,0,2026-02-23T02:38:17.995441776Z
,simulated,0,2026-02-23T02:38:20.732334212Z
,simulated,0,2026-02-23T02:38:54.870173492Z
,simulated,0,2026-02-23T02:39:18.016036901Z
,simulated,0,2026-02-23T02:39:20.730932808Z
,simulated,0,2026-02-23T02:39:54.871412132Z
,simulated,0,2026-02-23T02:40:18.022763778Z
,simulated,0,2026-02-23T02:40:20.730604899Z
,simulated,0,2026-02-23T02:40:54.875487625Z
,simulated,0,2026-02-23T02:41:18.047473795Z
,simulated,0,2026-02-23T02:41:20.734013067Z
,simulated,0,2026-02-23T02:41:54.882105943Z
,simulated,0,2026-02-23T02:42:18.049990431Z
,simulated,0,2026-02-23T02:42:20.743660775Z
,simulated,0,2026-02-23T02:42:54.881526808Z
,simulated,0,2026-02-23T02:43:18.062669917Z
,simulated,0,2026-02-23T02:43:20.738101304Z
,simulated,0,2026-02-23T02:43:54.879237185Z
,simulated,0,2026-02-23T02:44:18.083293342Z
,simulated,0,2026-02-23T02:44:20.739506322Z
,simulated,0,2026-02-23T02:44:54.882834763Z
,simulated,0,2026-02-23T02:45:18.103386183Z
,simulated,0,2026-02-23T02:45:20.743888916Z
,simulated,0,2026-02-23T02:45:54.882228636Z
,simulated,0,2026-02-23T02:46:18.12693678Z
,simulated,0,2026-02-23T02:46:20.74756473Z
,simulated,0,2026-02-23T02:46:54.884988372Z
,simulated,0,2026-02-23T02:47:18.136102284Z
,simulated,0,2026-02-23T02:47:20.747179147Z
,simulated,0,2026-02-23T02:47:54.886357007Z
,simulated,0,2026-02-23T02:48:18.161430619Z
,simulated,0,2026-02-23T02:48:20.749194899Z
,simulated,0,2026-02-23T02:48:54.886784377Z
,simulated,0,2026-02-23T02:49:18.175737047Z
,simulated,0,2026-02-23T02:49:20.751315428Z
,simulated,0,2026-02-23T02:49:54.891887879Z
,simulated,0,2026-02-23T02:50:18.195817517Z
,simulated,0,2026-02-23T02:50:20.755183397Z
,simulated,0,2026-02-23T02:50:54.891510916Z
,simulated,0,2026-02-23T02:51:18.218034306Z
,simulated,0,2026-02-23T02:51:20.754307303Z
,simulated,0,2026-02-23T02:51:54.893560896Z
,simulated,0,2026-02-23T02:52:18.242469908Z
,simulated,0,2026-02-23T02:52:20.754058132Z
,simulated,0,2026-02-23T02:52:54.895380028Z
,simulated,0,2026-02-23T02:53:18.263948495Z
,simulated,0,2026-02-23T02:53:20.755892194Z
,simulated,0,2026-02-23T02:53:54.897295426Z
,simulated,0,2026-02-23T02:54:18.28614374Z
,simulated,0,2026-02-23T02:54:20.758594613Z
,simulated,0,2026-02-23T02:54:54.899453448Z
,simulated,0,2026-02-23T02:55:18.306555221Z
,simulated,0,2026-02-23T02:55:20.760046Z
,simulated,0,2026-02-23T02:55:54.900690016Z
,simulated,0,2026-02-23T02:56:18.328104536Z
,simulated,0,2026-02-23T02:56:20.761315589Z
,simulated,0,2026-02-23T02:56:54.903155405Z
,simulated,0,2026-02-23T02:57:18.347381867Z
,simulated,0,2026-02-23T02:57:20.763644116Z
,simulated,0,2026-02-23T02:57:54.905280108Z
,simulated,0,2026-02-23T02:58:18.367940409Z
,simulated,0,2026-02-23T02:58:20.765074613Z
,simulated,0,2026-02-23T02:58:54.920763739Z
,simulated,0,2026-02-23T02:59:18.391440315Z
,simulated,0,2026-02-23T02:59:20.767457902Z
,simulated,0,2026-02-23T02:59:54.907524506Z
,simulated,0,2026-02-23T03:00:18.411508829Z
,simulated,0,2026-02-23T03:00:20.774645175Z
,simulated,0,2026-02-23T03:00:54.907712068Z
,simulated,0,2026-02-23T03:01:18.431998793Z
,simulated,0,2026-02-23T03:01:20.770743586Z
,simulated,0,2026-02-23T03:01:54.907582049Z
,simulated,0,2026-02-23T03:02:18.449864168Z
,simulated,0,2026-02-23T03:02:20.770854688Z
,simulated,0,2026-02-23T03:02:54.912843398Z
,simulated,0,2026-02-23T03:03:18.472760762Z
,simulated,0,2026-02-23T03:03:20.774233978Z
,simulated,0,2026-02-23T03:03:54.908023768Z
,simulated,0,2026-02-23T03:04:18.486404936Z
,simulated,0,2026-02-23T03:04:20.776853809Z
,simulated,0,2026-02-23T03:04:54.907377327Z
,simulated,0,2026-02-23T03:05:18.498888671Z
,simulated,0,2026-02-23T03:05:20.780507786Z
,simulated,0,2026-02-23T03:05:54.908395651Z
,simulated,0,2026-02-23T03:06:18.524592228Z
,simulated,0,2026-02-23T03:06:20.781474971Z
,simulated,0,2026-02-23T03:06:54.913694112Z
,simulated,0,2026-02-23T03:07:18.525964967Z
,simulated,0,2026-02-23T03:07:20.782304532Z
,simulated,0,2026-02-23T03:07:54.914734873Z
,simulated,0,2026-02-23T03:08:18.548119373Z
,simulated,0,2026-02-23T03:08:20.785565398Z
,simulated,0,2026-02-23T03:08:54.90860616Z
,simulated,0,2026-02-23T03:09:18.572734904Z
,simulated,0,2026-02-23T03:09:20.786891391Z
,simulated,0,2026-02-23T03:09:54.950743865Z
,simulated,0,2026-02-23T03:10:18.596655168Z
,simulated,0,2026-02-23T03:10:20.788142298Z
,simulated,0,2026-02-23T03:10:54.940771113Z
,simulated,0,2026-02-23T03:11:18.597089506Z
,simulated,0,2026-02-23T03:11:20.787593222Z
,simulated,0,2026-02-23T03:11:54.966917806Z
,simulated,0,2026-02-23T03:12:18.621155776Z
,simulated,0,2026-02-23T03:12:20.789272314Z
,simulated,0,2026-02-23T03:12:54.99482221Z
,simulated,0,2026-02-23T03:13:18.647186474Z
,simulated,0,2026-02-23T03:13:20.792178189Z
,simulated,0,2026-02-23T03:13:55.021333981Z
,simulated,0,2026-02-23T03:14:18.666744008Z
,simulated,0,2026-02-23T03:14:20.793841626Z
,simulated,0,2026-02-23T03:14:55.040116047Z
,simulated,0,2026-02-23T03:15:18.682251134Z
,simulated,0,2026-02-23T03:15:20.795271884Z
,simulated,0,2026-02-23T03:15:55.04055117Z
,simulated,0,2026-02-23T03:16:18.708052024Z
,simulated,0,2026-02-23T03:16:20.796914656Z
,simulated,0,2026-02-23T03:16:55.066762314Z
,simulated,0,2026-02-23T03:17:18.725543514Z
,simulated,0,2026-02-23T03:17:20.798278168Z
,simulated,0,2026-02-23T03:17:55.095881866Z
,simulated,0,2026-02-23T03:18:18.746758372Z
,simulated,0,2026-02-23T03:18:20.801780254Z
,simulated,0,2026-02-23T03:18:55.12444708Z
,simulated,0,2026-02-23T03:19:18.74880473Z
,simulated,0,2026-02-23T03:19:20.802902062Z
,simulated,0,2026-02-23T03:19:55.140337298Z
,simulated,0,2026-02-23T03:20:18.772828586Z
,simulated,0,2026-02-23T03:20:20.802856076Z
,simulated,0,2026-02-23T03:20:55.163765334Z
,simulated,0,2026-02-23T03:21:18.793548324Z
,simulated,0,2026-02-23T03:21:20.806052352Z
,simulated,0,2026-02-23T03:21:55.185686914Z
,simulated,0,2026-02-23T03:22:18.805017166Z
,simulated,0,2026-02-23T03:22:20.806962072Z
,simulated,0,2026-02-23T03:22:55.197417243Z
,simulated,0,2026-02-23T03:23:18.811724163Z
,simulated,0,2026-02-23T03:23:20.866593582Z
,simulated,0,2026-02-23T03:23:55.219393687Z
,simulated,0,2026-02-23T03:24:18.83128646Z
,simulated,0,2026-02-23T03:24:20.811985818Z
,simulated,0,2026-02-23T03:24:55.248536625Z
,simulated,0,2026-02-23T03:25:18.850715922Z
,simulated,0,2026-02-23T03:25:20.816674051Z
,simulated,0,2026-02-23T03:25:55.268730122Z
,simulated,0,2026-02-23T03:26:18.875840077Z
,simulated,0,2026-02-23T03:26:20.814720501Z
,simulated,0,2026-02-23T03:26:55.296871603Z
,simulated,0,2026-02-23T03:27:18.96524288Z
,simulated,0,2026-02-23T03:27:20.816308339Z
,simulated,0,2026-02-23T03:27:55.324440381Z
,simulated,0,2026-02-23T03:28:18.912175989Z
,simulated,0,2026-02-23T03:28:20.819648971Z
,simulated,0,2026-02-23T03:28:55.351943105Z
,simulated,0,2026-02-23T03:29:18.931721488Z
,simulated,0,2026-02-23T03:29:20.820470916Z
,simulated,0,2026-02-23T03:29:55.379641228Z
,simulated,0,2026-02-23T03:30:18.946370153Z
,simulated,0,2026-02-23T03:30:20.823124412Z
,simulated,0,2026-02-23T03:30:55.407203339Z
,simulated,0,2026-02-23T03:31:18.967185138Z
,simulated,0,2026-02-23T03:31:20.825002242Z
,simulated,0,2026-02-23T03:31:55.433374605Z
,simulated,0,2026-02-23T03:32:18.981439708Z
,simulated,0,2026-02-23T03:32:20.827294127Z
,simulated,0,2026-02-23T03:32:55.454270982Z
,simulated,0,2026-02-23T03:33:19.003159939Z
,simulated,0,2026-02-23T03:33:20.828693419Z
,simulated,0,2026-02-23T03:33:55.469797482Z
,simulated,0,2026-02-23T03:34:19.024830965Z
,simulated,0,2026-02-23T03:34:20.832127602Z
,simulated,0,2026-02-23T03:34:55.493181563Z
,simulated,0,2026-02-23T03:35:19.048103236Z
,simulated,0,2026-02-23T03:35:20.830945296Z
,simulated,0,2026-02-23T03:35:55.516719102Z
,simulated,0,2026-02-23T03:36:19.064318056Z
,simulated,0,2026-02-23T03:36:20.8332241Z
,simulated,0,2026-02-23T03:36:55.542956993Z
,simulated,0,2026-02-23T03:37:19.081206373Z
,simulated,0,2026-02-23T03:37:20.833294884Z
,simulated,0,2026-02-23T03:37:55.573564856Z
,simulated,0,2026-02-23T03:38:19.093549133Z
,simulated,0,2026-02-23T03:38:20.838066625Z
,simulated,0,2026-02-23T03:38:55.595879684Z
,simulated,0,2026-02-23T03:39:19.110988701Z
,simulated,0,2026-02-23T03:39:20.838155068Z
,simulated,0,2026-02-23T03:39:55.623639847Z
,simulated,0,2026-02-23T03:40:19.131503113Z
,simulated,0,2026-02-23T03:40:20.838707204Z
,simulated,0,2026-02-23T03:40:55.651464871Z
,simulated,0,2026-02-23T03:41:19.151958489Z
,simulated,0,2026-02-23T03:41:20.843233988Z
,simulated,0,2026-02-23T03:41:55.663804546Z
,simulated,0,2026-02-23T03:42:19.16337353Z
,simulated,0,2026-02-23T03:42:20.843374003Z
,simulated,0,2026-02-23T03:42:55.68622637Z
,simulated,0,2026-02-23T03:43:19.183461338Z
,simulated,0,2026-02-23T03:43:20.851178959Z
,simulated,0,2026-02-23T03:43:55.712866835Z
,simulated,0,2026-02-23T03:44:19.202380715Z
,simulated,0,2026-02-23T03:44:20.846012667Z
,simulated,0,2026-02-23T03:44:55.720675144Z
,simulated,0,2026-02-23T03:45:19.224154719Z
,simulated,0,2026-02-23T03:45:20.847535947Z
,simulated,0,2026-02-23T03:45:55.745348142Z
,simulated,0,2026-02-23T03:46:19.243056248Z
,simulated,0,2026-02-23T03:46:20.847946947Z
,simulated,0,2026-02-23T03:46:55.770053554Z
,simulated,0,2026-02-23T03:47:19.254402339Z
,simulated,0,2026-02-23T03:47:20.848929833Z
,simulated,0,2026-02-23T03:47:55.794800098Z
,simulated,0,2026-02-23T03:48:19.272042442Z
,simulated,0,2026-02-23T03:48:20.85039408Z
,simulated,0,2026-02-23T03:48:55.818981623Z
,simulated,0,2026-02-23T03:49:19.292803212Z
,simulated,0,2026-02-23T03:49:20.852226122Z
,simulated,0,2026-02-23T03:49:55.836413665Z
,simulated,0,2026-02-23T03:50:19.302509273Z
,simulated,0,2026-02-23T03:50:20.853815479Z
,simulated,0,2026-02-23T03:50:55.856772345Z
,simulated,0,2026-02-23T03:51:19.309502942Z
,simulated,0,2026-02-23T03:51:20.858364797Z
,simulated,0,2026-02-23T03:51:55.884697666Z
,simulated,0,2026-02-23T03:52:19.331046159Z
,simulated,0,2026-02-23T03:52:20.856174687Z
,simulated,0,2026-02-23T03:52:55.889287376Z
,simulated,0,2026-02-23T03:53:19.347098475Z
,simulated,0,2026-02-23T03:53:20.859096929Z
,simulated,0,2026-02-23T03:53:55.909595237Z
,simulated,0,2026-02-23T03:54:19.366295895Z
,simulated,0,2026-02-23T03:54:20.860522443Z
,simulated,0,2026-02-23T03:54:55.93556899Z
,simulated,0,2026-02-23T03:55:19.388303103Z
,simulated,0,2026-02-23T03:55:20.859787279Z
,simulated,0,2026-02-23T03:55:55.958883642Z
,simulated,0,2026-02-23T03:56:19.407119368Z
,simulated,0,2026-02-23T03:56:20.862544545Z
,simulated,0,2026-02-23T03:56:55.982515733Z
,simulated,0,2026-02-23T03:57:19.408467926Z
,simulated,0,2026-02-23T03:57:20.861526857Z
,simulated,0,2026-02-23T03:57:56.002355277Z
,simulated,0,2026-02-23T03:58:19.424654725Z
,simulated,0,2026-02-23T03:58:20.865048943Z
,simulated,0,2026-02-23T03:58:56.024388045Z
,simulated,0,2026-02-23T03:59:19.444214289Z
,simulated,0,2026-02-23T03:59:20.864513238Z
,simulated,0,2026-02-23T03:59:56.050021797Z
,simulated,0,2026-02-23T04:00:19.45825995Z
,simulated,0,2026-02-23T04:00:20.867395259Z
,simulated,0,2026-02-23T04:00:56.067801448Z
,simulated,0,2026-02-23T04:01:19.482529246Z
,simulated,0,2026-02-23T04:01:20.868316826Z
,simulated,0,2026-02-23T04:01:56.095579576Z
,simulated,0,2026-02-23T04:02:19.493557181Z
,simulated,0,2026-02-23T04:02:20.869635554Z
,simulated,0,2026-02-23T04:02:56.11490533Z
,simulated,0,2026-02-23T04:03:19.510954426Z
,simulated,0,2026-02-23T04:03:20.869658847Z
,simulated,0,2026-02-23T04:03:56.1182517Z
,simulated,0,2026-02-23T04:04:19.524502272Z
,simulated,0,2026-02-23T04:04:20.871349287Z
,simulated,0,2026-02-23T04:04:56.144581353Z
,simulated,0,2026-02-23T04:05:19.541226012Z
,simulated,0,2026-02-23T04:05:20.870999471Z
,simulated,0,2026-02-23T04:05:56.161215783Z
,simulated,0,2026-02-23T04:06:19.545463546Z
,simulated,0,2026-02-23T04:06:20.871701436Z
,simulated,0,2026-02-23T04:06:56.196186058Z
,simulated,0,2026-02-23T04:07:19.558592697Z
,simulated,0,2026-02-23T04:07:20.873663922Z
,simulated,0,2026-02-23T04:07:56.190592689Z
,simulated,0,2026-02-23T04:08:19.562910192Z
,simulated,0,2026-02-23T04:08:20.876649005Z
,simulated,0,2026-02-23T04:08:56.210769121Z
,simulated,0,2026-02-23T04:09:19.579991691Z
,simulated,0,2026-02-23T04:09:20.875504255Z
,simulated,0,2026-02-23T04:09:56.214992796Z
,simulated,0,2026-02-23T04:10:19.599576158Z
,simulated,0,2026-02-23T04:10:20.876971689Z
,simulated,0,2026-02-23T04:10:56.223434837Z
,simulated,0,2026-02-23T04:11:19.615353604Z
,simulated,0,2026-02-23T04:11:20.881465466Z
,simulated,0,2026-02-23T04:11:56.24630635Z
,simulated,0,2026-02-23T04:12:19.63703247Z
,simulated,0,2026-02-23T04:12:20.879673008Z
,simulated,0,2026-02-23T04:12:56.271158156Z
,simulated,0,2026-02-23T04:13:19.639465754Z
,simulated,0,2026-02-23T04:13:20.881676831Z
,simulated,0,2026-02-23T04:13:56.279572189Z
,simulated,0,2026-02-23T04:14:19.64792955Z
,simulated,0,2026-02-23T04:14:20.884025748Z
,simulated,0,2026-02-23T04:14:56.289766921Z
,simulated,0,2026-02-23T04:15:19.657780997Z
,simulated,0,2026-02-23T04:15:20.881966709Z
,simulated,0,2026-02-23T04:15:56.309728786Z
,simulated,0,2026-02-23T04:16:19.675192862Z
,simulated,0,2026-02-23T04:16:20.883438775Z
,simulated,0,2026-02-23T04:16:56.330782582Z
,simulated,0,2026-02-23T04:17:19.689964332Z
,simulated,0,2026-02-23T04:17:20.883731143Z
,simulated,0,2026-02-23T04:17:56.352101442Z
,simulated,0,2026-02-23T04:18:19.707418395Z
,simulated,0,2026-02-23T04:18:20.885469895Z
,simulated,0,2026-02-23T04:18:56.374706354Z
,simulated,0,2026-02-23T04:19:19.714090006Z
,simulated,0,2026-02-23T04:19:20.891032537Z
,simulated,0,2026-02-23T04:19:56.401431598Z
,simulated,0,2026-02-23T04:20:19.722788118Z
,simulated,0,2026-02-23T04:20:20.889189478Z
,simulated,0,2026-02-23T04:20:56.421252895Z
,simulated,0,2026-02-23T04:21:19.739381647Z
,simulated,0,2026-02-23T04:21:20.891211045Z
,simulated,0,2026-02-23T04:21:56.444987818Z
,simulated,0,2026-02-23T04:22:19.740702127Z
,simulated,0,2026-02-23T04:22:20.891275911Z
,simulated,0,2026-02-23T04:22:56.451057823Z
,simulated,0,2026-02-23T04:23:19.756443676Z
,simulated,0,2026-02-23T04:23:20.892301016Z
,simulated,0,2026-02-23T04:23:56.473777709Z
,simulated,0,2026-02-23T04:24:19.774063628Z
,simulated,0,2026-02-23T04:24:20.892904197Z
,simulated,0,2026-02-23T04:24:56.48760327Z
,simulated,0,2026-02-23T04:25:19.791606488Z
,simulated,0,2026-02-23T04:25:20.893593257Z
,simulated,0,2026-02-23T04:25:56.507995089Z
,simulated,0,2026-02-23T04:26:19.801513697Z
,simulated,0,2026-02-23T04:26:20.894725643Z
,simulated,0,2026-02-23T04:26:56.524382409Z
,simulated,0,2026-02-23T04:27:19.811109278Z
,simulated,0,2026-02-23T04:27:20.895066274Z
,simulated,0,2026-02-23T04:28:44.123721846Z
,simulated,0,2026-02-23T04:29:44.147702938Z
,simulated,0,2026-02-23T04:30:44.178218576Z
,simulated,0,2026-02-23T04:31:44.186163572Z
,simulated,0,2026-02-23T04:32:44.215287457Z
,simulated,0,2026-02-23T04:33:44.239381551Z
,simulated,0,2026-02-23T04:34:44.268933331Z
,simulated,0,2026-02-23T04:35:44.295548174Z
,simulated,0,2026-02-23T04:36:44.3246713Z
,simulated,0,2026-02-23T04:37:44.345881835Z
,simulated,0,2026-02-23T04:38:44.365089316Z
,simulated,0,2026-02-23T04:39:44.394152199Z
,simulated,0,2026-02-23T04:40:44.420281063Z
,simulated,0,2026-02-23T04:41:44.426493617Z
,simulated,0,2026-02-23T04:42:44.454507915Z
,simulated,0,2026-02-23T04:43:44.483208204Z
,simulated,0,2026-02-23T04:44:44.509690849Z
,simulated,0,2026-02-23T04:45:44.510444985Z
,simulated,0,2026-02-23T04:46:44.539668796Z
,simulated,0,2026-02-23T04:47:44.570060541Z
,simulated,0,2026-02-23T04:48:44.594456256Z
,simulated,0,2026-02-23T04:49:44.626279707Z
,simulated,0,2026-02-23T04:50:44.651970821Z
,simulated,0,2026-02-23T04:51:44.67761406Z
,simulated,0,2026-02-23T04:52:44.705544143Z
,simulated,0,2026-02-23T04:53:44.733211716Z
,simulated,0,2026-02-23T04:54:44.757690143Z
,simulated,0,2026-02-23T04:55:44.780708733Z
,simulated,0,2026-02-23T04:56:44.785628095Z
,simulated,0,2026-02-23T04:57:44.810452545Z
,simulated,0,2026-02-23T04:58:44.825956945Z
,simulated,0,2026-02-23T04:59:44.848379414Z
,simulated,0,2026-02-23T05:00:44.880656356Z
,simulated,0,2026-02-23T05:01:44.900908509Z
,simulated,0,2026-02-23T05:02:44.903764422Z
,simulated,0,2026-02-23T05:03:44.923466019Z
,simulated,0,2026-02-23T05:04:44.950823651Z
,simulated,0,2026-02-23T05:05:44.975574619Z
,simulated,0,2026-02-23T05:06:45.000418433Z
,simulated,0,2026-02-23T05:07:45.022268807Z
,simulated,0,2026-02-23T05:08:45.047406092Z
,simulated,0,2026-02-23T05:09:45.072609199Z
,simulated,0,2026-02-23T05:10:45.098274763Z
,simulated,0,2026-02-23T05:11:45.101166837Z
,simulated,0,2026-02-23T05:12:45.12594336Z
,simulated,0,2026-02-23T05:13:45.153150788Z
,simulated,0,2026-02-23T05:14:45.177099896Z
,simulated,0,2026-02-23T05:15:45.201774898Z
,simulated,0,2026-02-23T05:16:45.226875612Z
,simulated,0,2026-02-23T05:17:45.237366315Z
,simulated,0,2026-02-23T05:18:45.265295826Z
,simulated,0,2026-02-23T05:19:45.276711144Z
,simulated,0,2026-02-23T05:20:45.293116687Z
,simulated,0,2026-02-23T05:21:45.31573033Z
,simulated,0,2026-02-23T05:22:45.344844111Z
,simulated,0,2026-02-23T05:23:45.362143408Z
,simulated,0,2026-02-23T05:24:45.387238179Z
,simulated,0,2026-02-23T05:25:45.410237262Z
,simulated,0,2026-02-23T05:26:45.434252152Z
,simulated,0,2026-02-23T05:27:45.449958262Z
,simulated,0,2026-02-23T05:28:45.474163803Z
,simulated,0,2026-02-23T05:29:45.498660938Z
,simulated,0,2026-02-23T05:30:45.521741142Z
,simulated,0,2026-02-23T05:31:45.546418148Z
,simulated,0,2026-02-23T05:32:45.568348234Z
,simulated,0,2026-02-23T05:33:45.591805001Z
,simulated,0,2026-02-23T05:34:45.614124799Z
,simulated,0,2026-02-23T05:35:45.631925116Z
,simulated,0,2026-02-23T05:36:45.657402372Z
,simulated,0,2026-02-23T05:37:45.673431871Z
,simulated,0,2026-02-23T05:38:45.690240124Z
,simulated,0,2026-02-23T05:39:45.716526353Z
,simulated,0,2026-02-23T05:40:45.740556312Z
,simulated,0,2026-02-23T05:41:45.763215256Z
,simulated,0,2026-02-23T05:42:45.778366108Z
,simulated,0,2026-02-23T05:43:45.811432077Z
,simulated,0,2026-02-23T05:44:45.825415711Z
,simulated,0,2026-02-23T05:45:45.844364076Z
,simulated,0,2026-02-23T05:46:45.848147163Z
,simulated,0,2026-02-23T05:47:45.87111402Z
,simulated,0,2026-02-23T05:48:45.894689292Z
,simulated,0,2026-02-23T05:49:45.899334878Z
,simulated,0,2026-02-23T05:50:45.92196288Z
,simulated,0,2026-02-23T05:51:45.945677881Z
,simulated,0,2026-02-23T05:52:45.97058953Z
,simulated,0,2026-02-23T05:53:45.99162914Z
,simulated,0,2026-02-23T05:54:46.013848325Z
,simulated,0,2026-02-23T05:55:46.037522836Z
,simulated,0,2026-02-23T05:56:46.062905501Z
,simulated,0,2026-02-23T05:57:46.09694507Z
,simulated,0,2026-02-23T05:58:46.112858427Z
,simulated,0,2026-02-23T05:59:46.123696556Z
,simulated,0,2026-02-23T06:00:46.149030027Z
,simulated,0,2026-02-23T06:01:46.165268553Z
,simulated,0,2026-02-23T06:02:46.18204134Z
,simulated,0,2026-02-23T06:03:46.203947943Z
,simulated,0,2026-02-23T06:04:46.229919325Z
,simulated,0,2026-02-23T06:05:46.250786319Z
,simulated,0,2026-02-23T06:06:46.271240507Z
,simulated,0,2026-02-23T06:07:46.292689553Z
,simulated,0,2026-02-23T06:08:46.313861666Z
,simulated,0,2026-02-23T06:09:46.334101167Z
,simulated,0,2026-02-23T06:10:46.355283729Z
,simulated,0,2026-02-23T06:11:46.372769395Z
,simulated,0,2026-02-23T06:12:46.391596681Z
,simulated,0,2026-02-23T06:13:46.405925202Z
,simulated,0,2026-02-23T06:14:46.409328189Z
,simulated,0,2026-02-23T06:15:46.42912459Z
,simulated,0,2026-02-23T06:16:46.446724311Z
,simulated,0,2026-02-23T06:17:46.449652954Z
,simulated,0,2026-02-23T06:18:46.449379001Z
,simulated,0,2026-02-23T06:19:46.470682972Z
,simulated,0,2026-02-23T06:20:46.479478624Z
,simulated,0,2026-02-23T06:21:46.49143042Z
,simulated,0,2026-02-23T06:22:46.509725566Z
,simulated,0,2026-02-23T06:23:46.530541625Z
,simulated,0,2026-02-23T06:24:46.551483573Z
,simulated,0,2026-02-23T06:25:46.571587187Z
,simulated,0,2026-02-23T06:26:46.575070334Z
,simulated,0,2026-02-23T06:27:46.594004945Z
,simulated,0,2026-02-23T06:28:46.610169935Z
,simulated,0,2026-02-23T06:29:46.633198593Z
,simulated,0,2026-02-23T06:30:46.654165472Z
,simulated,0,2026-02-23T06:31:46.66975491Z
,simulated,0,2026-02-23T06:32:46.674327948Z
,simulated,0,2026-02-23T06:33:46.688164389Z
,simulated,0,2026-02-23T06:34:46.706682844Z
,simulated,0,2026-02-23T06:35:46.72112466Z
,simulated,0,2026-02-23T06:36:46.742156118Z
,simulated,0,2026-02-23T06:37:46.771430771Z
,simulated,0,2026-02-23T06:38:46.777552405Z
,simulated,0,2026-02-23T06:39:46.799220562Z
,simulated,0,2026-02-23T06:40:46.820994691Z
,simulated,0,2026-02-23T06:41:46.827709244Z
,simulated,0,2026-02-23T06:42:46.833168851Z
,simulated,0,2026-02-23T06:43:46.862883036Z
,simulated,0,2026-02-23T06:44:46.874833262Z
,simulated,0,2026-02-23T06:45:46.890968341Z
,simulated,0,2026-02-23T06:46:46.90320835Z
,simulated,0,2026-02-23T06:47:46.926807273Z
,simulated,0,2026-02-23T06:48:46.928021635Z
,simulated,0,2026-02-23T06:49:46.939654324Z
,simulated,0,2026-02-23T06:50:46.957782784Z
,simulated,0,2026-02-23T06:51:46.979659746Z
,simulated,0,2026-02-23T06:52:46.978572654Z
,simulated,0,2026-02-23T06:53:46.998476729Z
,simulated,0,2026-02-23T06:54:47.011861791Z
,simulated,0,2026-02-23T06:55:47.019166737Z
,simulated,0,2026-02-23T06:56:47.028470234Z
,simulated,0,2026-02-23T06:57:47.047251595Z
,simulated,0,2026-02-23T06:58:47.047545046Z
,simulated,0,2026-02-23T06:59:47.057657909Z
,simulated,0,2026-02-23T07:00:47.073313157Z
,simulated,0,2026-02-23T07:01:47.084861403Z
,simulated,0,2026-02-23T07:02:47.10336778Z
,simulated,0,2026-02-23T07:03:47.117637374Z
,simulated,0,2026-02-23T07:04:47.134473504Z
,simulated,0,2026-02-23T07:05:47.160074637Z
,simulated,0,2026-02-23T07:06:47.166470623Z
,simulated,0,2026-02-23T07:07:47.186326763Z
,simulated,0,2026-02-23T07:08:47.194968901Z
,simulated,0,2026-02-23T07:09:47.216449833Z
,simulated,0,2026-02-23T07:10:47.233880221Z
,simulated,0,2026-02-23T07:11:47.246088953Z
,simulated,0,2026-02-23T07:12:47.276527806Z
,simulated,0,2026-02-23T07:13:47.272317258Z
,simulated,0,2026-02-23T07:14:47.286060059Z
,simulated,0,2026-02-23T07:15:47.307161207Z
,simulated,0,2026-02-23T07:16:47.326003673Z
,simulated,0,2026-02-23T07:17:47.327246736Z
,simulated,0,2026-02-23T07:18:47.343201422Z
,simulated,0,2026-02-23T07:19:47.35074976Z
,simulated,0,2026-02-23T07:20:47.36678895Z
,simulated,0,2026-02-23T07:21:47.387083016Z
,simulated,0,2026-02-23T07:22:47.407664853Z
,simulated,0,2026-02-23T07:23:47.417569192Z
,simulated,0,2026-02-23T07:24:47.430072268Z
,simulated,0,2026-02-23T07:25:47.457586302Z
,simulated,0,2026-02-23T07:26:47.459266202Z
,simulated,0,2026-02-23T07:27:47.468576785Z
,simulated,0,2026-02-23T07:28:47.470427718Z
,simulated,0,2026-02-23T07:29:47.488052796Z
,simulated,0,2026-02-23T07:30:47.504665122Z
,simulated,0,2026-02-23T07:31:47.52339328Z
,simulated,0,2026-02-23T07:32:47.540701012Z
,simulated,0,2026-02-23T07:33:47.552147529Z
,simulated,0,2026-02-23T07:34:47.568816528Z
,simulated,0,2026-02-23T07:35:47.583876116Z
,simulated,0,2026-02-23T07:36:47.599335141Z
,simulated,0,2026-02-23T07:37:47.611278897Z
,simulated,0,2026-02-23T07:38:47.616968502Z
,simulated,0,2026-02-23T07:39:47.633445481Z
,simulated,0,2026-02-23T07:40:47.648160932Z
,simulated,0,2026-02-23T07:41:47.653659663Z
,simulated,0,2026-02-23T07:42:47.66870307Z
,simulated,0,2026-02-23T07:43:47.662401895Z
,simulated,0,2026-02-23T07:44:47.677397424Z
,simulated,0,2026-02-23T07:45:47.676966088Z
,simulated,0,2026-02-23T07:46:47.690056778Z
,simulated,0,2026-02-23T07:47:47.706507946Z
,simulated,0,2026-02-23T07:48:47.718999552Z
,simulated,0,2026-02-23T07:49:47.738388767Z
,simulated,0,2026-02-23T07:50:47.739132061Z
,simulated,0,2026-02-23T07:51:47.744526747Z
,simulated,0,2026-02-23T07:52:47.765053741Z
,simulated,0,2026-02-23T07:53:47.751697154Z
,simulated,0,2026-02-23T07:54:47.762609338Z
,simulated,0,2026-02-23T07:55:47.765102284Z
,simulated,0,2026-02-23T07:56:47.775470999Z
,simulated,0,2026-02-23T07:57:47.788890393Z
,simulated,0,2026-02-23T07:58:47.79696879Z
,simulated,0,2026-02-23T07:59:47.802925033Z
,simulated,1,2026-02-23T08:00:47.81583011Z
,simulated,2,2026-02-23T08:01:47.827610743Z
,simulated,1,2026-02-23T08:02:47.840935836Z
,simulated,2,2026-02-23T08:03:47.847826259Z
,simulated,1,2026-02-23T08:04:47.84894608Z
,simulated,2,2026-02-23T08:05:47.861344118Z
,simulated,2,2026-02-23T08:06:47.874687482Z
,simulated,1,2026-02-23T08:07:47.878633189Z
,simulated,1,2026-02-23T08:08:47.895317946Z
,simulated,1,2026-02-23T08:09:47.897532211Z
,simulated,2,2026-02-23T08:10:47.910114368Z
,simulated,1,2026-02-23T08:11:47.914713587Z
,simulated,1,2026-02-23T08:12:47.919259569Z
,simulated,2,2026-02-23T08:13:47.919856532Z
,simulated,1,2026-02-23T08:14:47.936720317Z
,simulated,1,2026-02-23T08:15:47.938766672Z
,simulated,2,2026-02-23T08:16:47.945912003Z
,simulated,1,2026-02-23T08:17:47.955156714Z
,simulated,2,2026-02-23T08:18:47.962255854Z
,simulated,1,2026-02-23T08:19:47.974580549Z
,simulated,1,2026-02-23T08:20:47.986413345Z
,simulated,1,2026-02-23T08:21:47.994958588Z
,simulated,1,2026-02-23T08:22:48.012796809Z
,simulated,2,2026-02-23T08:23:48.006218728Z
,simulated,2,2026-02-23T08:24:48.016308823Z
,simulated,2,2026-02-23T08:25:48.015945707Z
,simulated,2,2026-02-23T08:26:48.028656047Z
,simulated,2,2026-02-23T08:27:48.038135198Z
,simulated,1,2026-02-23T08:28:48.042396156Z
,simulated,1,2026-02-23T08:29:48.052739579Z
,simulated,2,2026-02-23T08:30:48.063183014Z
,simulated,2,2026-02-23T08:31:48.068898198Z
,simulated,1,2026-02-23T08:32:48.078473956Z
,simulated,1,2026-02-23T08:33:48.087740841Z
,simulated,2,2026-02-23T08:34:48.099185185Z
,simulated,2,2026-02-23T08:35:48.107773179Z
,simulated,2,2026-02-23T08:36:48.113842923Z
,simulated,2,2026-02-23T08:37:48.124768907Z
,simulated,2,2026-02-23T08:38:48.12905392Z
,simulated,2,2026-02-23T08:39:48.144715658Z
,simulated,2,2026-02-23T08:40:48.144486674Z
,simulated,1,2026-02-23T08:41:48.154486238Z
,simulated,2,2026-02-23T08:42:48.163322433Z
,simulated,2,2026-02-23T08:43:48.166998882Z
,simulated,1,2026-02-23T08:44:48.174542544Z
,simulated,1,2026-02-23T08:45:48.184278687Z
,simulated,2,2026-02-23T08:46:48.1931106Z
,simulated,2,2026-02-23T08:47:48.206262368Z
,simulated,1,2026-02-23T08:48:48.206087694Z
,simulated,2,2026-02-23T08:49:48.206111991Z
,simulated,2,2026-02-23T08:50:48.212342286Z
,simulated,1,2026-02-23T08:51:48.218872792Z
,simulated,2,2026-02-23T08:52:48.236182517Z
,simulated,1,2026-02-23T08:53:48.236044061Z
,simulated,1,2026-02-23T08:54:48.247186573Z
,simulated,1,2026-02-23T08:55:48.248459374Z
,simulated,2,2026-02-23T08:56:48.259238521Z
,simulated,2,2026-02-23T08:57:48.263115007Z
,simulated,2,2026-02-23T08:58:48.266632668Z
,simulated,1,2026-02-23T08:59:48.274011382Z
,simulated,3,2026-02-23T09:00:48.274562485Z
,simulated,3,2026-02-23T09:01:48.277576194Z
,simulated,3,2026-02-23T09:02:48.285856733Z
,simulated,3,2026-02-23T09:03:48.29075453Z
,simulated,2,2026-02-23T09:04:48.297874091Z
,simulated,3,2026-02-23T09:05:48.307143227Z
,simulated,3,2026-02-23T09:06:48.313846369Z
,simulated,3,2026-02-23T09:07:48.313916038Z
,simulated,2,2026-02-23T09:08:48.323327491Z
,simulated,4,2026-02-23T09:09:48.332226438Z
,simulated,2,2026-02-23T09:10:48.331426072Z
,simulated,4,2026-02-23T09:11:48.339892264Z
,simulated,2,2026-02-23T09:12:48.350722668Z
,simulated,2,2026-02-23T09:13:48.348100872Z
,simulated,4,2026-02-23T09:14:48.350772216Z
,simulated,3,2026-02-23T09:15:48.355241997Z
,simulated,2,2026-02-23T09:16:48.359758544Z
,simulated,2,2026-02-23T09:17:48.375345795Z
,simulated,2,2026-02-23T09:18:48.373684115Z
,simulated,3,2026-02-23T09:19:48.373527328Z
,simulated,4,2026-02-23T09:20:48.379536426Z
,simulated,4,2026-02-23T09:21:48.389769081Z
,simulated,3,2026-02-23T09:22:48.387693051Z
,simulated,4,2026-02-23T09:23:48.391501542Z
,simulated,2,2026-02-23T09:24:48.390084609Z
,simulated,2,2026-02-23T09:25:48.391602433Z
,simulated,4,2026-02-23T09:26:48.396583479Z
,simulated,3,2026-02-23T09:27:48.405473865Z
,simulated,3,2026-02-23T09:28:48.406885981Z
,simulated,4,2026-02-23T09:29:48.419078303Z
,simulated,4,2026-02-23T09:30:48.415507641Z
,simulated,2,2026-02-23T09:31:48.419189882Z
,simulated,2,2026-02-23T09:32:48.426344358Z
,simulated,2,2026-02-23T09:33:48.432102829Z
,simulated,4,2026-02-23T09:34:48.432360826Z
,simulated,3,2026-02-23T09:35:48.437097464Z
,simulated,4,2026-02-23T09:36:48.441520741Z
,simulated,3,2026-02-23T09:37:48.443785925Z
,simulated,3,2026-02-23T09:38:48.455229229Z
,simulated,3,2026-02-23T09:39:48.450525883Z
,simulated,3,2026-02-23T09:40:48.4509098Z
,simulated,2,2026-02-23T09:41:48.455368553Z
,simulated,2,2026-02-23T09:42:48.459264612Z
,simulated,4,2026-02-23T09:43:48.461157985Z
,simulated,3,2026-02-23T09:44:48.465165497Z
,simulated,4,2026-02-23T09:45:48.463373852Z
,simulated,4,2026-02-23T09:46:48.466116376Z
,simulated,3,2026-02-23T09:47:48.468486744Z
,simulated,2,2026-02-23T09:48:48.469710266Z
,simulated,2,2026-02-23T09:49:48.473484477Z
,simulated,2,2026-02-23T09:50:48.473195044Z
,simulated,3,2026-02-23T09:51:48.476855931Z
,simulated,4,2026-02-23T09:52:48.477283595Z
,simulated,4,2026-02-23T09:53:48.480562975Z
,simulated,4,2026-02-23T09:54:48.48322872Z
,simulated,4,2026-02-23T09:55:48.486658102Z
,simulated,4,2026-02-23T09:56:48.48895141Z
,simulated,3,2026-02-23T09:57:48.49144389Z
,simulated,2,2026-02-23T09:58:48.491978182Z
,simulated,3,2026-02-23T09:59:48.49779503Z
,simulated,3,2026-02-23T10:00:48.495345172Z
,simulated,9,2026-02-23T10:01:48.496584345Z
,simulated,6,2026-02-23T10:02:48.497442581Z
,simulated,3,2026-02-23T10:03:48.510176664Z
,simulated,9,2026-02-23T10:04:48.501062621Z
,simulated,8,2026-02-23T10:05:48.505269815Z
,simulated,6,2026-02-23T10:06:48.502200728Z
,simulated,7,2026-02-23T10:07:48.503860679Z
,simulated,3,2026-02-23T10:08:48.504880131Z
,simulated,3,2026-02-23T10:09:48.505352216Z
,simulated,7,2026-02-23T10:10:48.506202386Z
,simulated,3,2026-02-23T10:11:48.50670241Z
,simulated,4,2026-02-23T10:12:48.51043244Z
,simulated,4,2026-02-23T10:13:48.508649062Z
,simulated,5,2026-02-23T10:14:48.507129166Z
,simulated,5,2026-02-23T10:15:48.507806269Z
,simulated,9,2026-02-23T10:16:48.50793738Z
,simulated,7,2026-02-23T10:17:48.511421868Z
,simulated,6,2026-02-23T10:18:48.536835842Z
,simulated,7,2026-02-23T10:19:48.567244598Z
,simulated,8,2026-02-23T10:20:48.589506514Z
,simulated,9,2026-02-23T10:21:48.606405787Z
,simulated,4,2026-02-23T10:22:48.643209123Z
,simulated,4,2026-02-23T10:23:48.664068027Z
,simulated,7,2026-02-23T10:24:48.664953674Z
,simulated,4,2026-02-23T10:25:48.691940957Z
,simulated,8,2026-02-23T10:26:48.69399969Z
,simulated,6,2026-02-23T10:27:48.699139944Z
,simulated,9,2026-02-23T10:28:48.701349843Z
,simulated,5,2026-02-23T10:29:48.726269293Z
,simulated,9,2026-02-23T10:30:48.750244174Z
,simulated,7,2026-02-23T10:31:48.781058689Z
,simulated,6,2026-02-23T10:32:48.80317542Z
,simulated,9,2026-02-23T10:33:48.81407298Z
,simulated,7,2026-02-23T10:34:48.827335771Z
,simulated,5,2026-02-23T10:35:48.846523363Z
,simulated,7,2026-02-23T10:36:48.875155809Z
,simulated,9,2026-02-23T10:37:48.895563465Z
,simulated,5,2026-02-23T10:38:48.926201226Z
,simulated,8,2026-02-23T10:39:48.95433325Z
,simulated,9,2026-02-23T10:40:48.966210511Z
,simulated,8,2026-02-23T10:41:48.986957227Z
,simulated,7,2026-02-23T10:42:49.021245205Z
,simulated,5,2026-02-23T10:43:49.044267204Z
,simulated,9,2026-02-23T10:44:49.071354761Z
,simulated,9,2026-02-23T10:45:49.093047119Z
,simulated,4,2026-02-23T10:46:49.126623553Z
,simulated,6,2026-02-23T10:47:49.149553118Z
,simulated,6,2026-02-23T10:48:49.1425394Z
,simulated,8,2026-02-23T10:49:49.172014581Z
,simulated,9,2026-02-23T10:50:49.191002507Z
,simulated,7,2026-02-23T10:51:49.203983296Z
,simulated,6,2026-02-23T10:52:49.243302216Z
,simulated,7,2026-02-23T10:53:49.253585579Z
,simulated,6,2026-02-23T10:54:49.26255193Z
,simulated,9,2026-02-23T10:55:49.293634397Z
,simulated,6,2026-02-23T10:56:49.315884305Z
,simulated,4,2026-02-23T10:57:49.339076093Z
,simulated,5,2026-02-23T10:58:49.378492637Z
,simulated,8,2026-02-23T10:59:49.391433847Z
,simulated,8,2026-02-23T11:00:49.413959018Z
,simulated,8,2026-02-23T11:01:49.440748363Z
,simulated,14,2026-02-23T11:02:49.462072739Z
,simulated,19,2026-02-23T11:03:49.484546818Z
,simulated,15,2026-02-23T11:04:49.495520205Z
,simulated,11,2026-02-23T11:05:49.518390385Z
,simulated,13,2026-02-23T11:06:49.533761083Z
,simulated,19,2026-02-23T11:07:49.559275463Z
,simulated,13,2026-02-23T11:08:49.578938511Z
,simulated,11,2026-02-23T11:09:49.582064857Z
,simulated,9,2026-02-23T11:10:49.604350704Z
,simulated,15,2026-02-23T11:11:49.63293763Z
,simulated,8,2026-02-23T11:12:49.653134202Z
,simulated,19,2026-02-23T11:13:49.678416581Z
,simulated,9,2026-02-23T11:14:49.697393554Z
,simulated,20,2026-02-23T11:15:49.712853305Z
,simulated,9,2026-02-23T11:16:49.745450219Z
,simulated,13,2026-02-23T11:17:49.762404692Z
,simulated,10,2026-02-23T11:18:49.791315971Z
,simulated,17,2026-02-23T11:19:49.79930409Z
,simulated,13,2026-02-23T11:20:49.811345786Z
,simulated,14,2026-02-23T11:21:49.818366711Z
,simulated,20,2026-02-23T11:22:49.823025293Z
,simulated,18,2026-02-23T11:23:49.840222186Z
,simulated,9,2026-02-23T11:24:49.867110585Z
,simulated,19,2026-02-23T11:25:49.879529888Z
,simulated,10,2026-02-23T11:26:49.88340139Z
,simulated,12,2026-02-23T11:27:49.906986016Z
,simulated,20,2026-02-23T11:28:49.92910085Z
,simulated,15,2026-02-23T11:29:49.950553539Z
,simulated,19,2026-02-23T11:30:49.97404749Z
,simulated,19,2026-02-23T11:31:49.991616047Z
,simulated,8,2026-02-23T11:32:50.019391735Z
,simulated,9,2026-02-23T11:33:50.035164634Z
,simulated,9,2026-02-23T11:34:50.047596514Z
,simulated,13,2026-02-23T11:35:50.064781522Z
,simulated,11,2026-02-23T11:36:50.082610701Z
,simulated,7,2026-02-23T11:37:50.092437187Z
,simulated,19,2026-02-23T11:38:50.116342729Z
,simulated,10,2026-02-23T11:39:50.139047834Z
,simulated,12,2026-02-23T11:40:50.151875179Z
,simulated,20,2026-02-23T11:41:50.167566659Z
,simulated,17,2026-02-23T11:42:50.17117042Z
,simulated,16,2026-02-23T11:43:50.187409878Z
,simulated,12,2026-02-23T11:44:50.205420481Z
,simulated,13,2026-02-23T11:45:50.224961815Z
,simulated,9,2026-02-23T11:46:50.252880975Z
,simulated,9,2026-02-23T11:47:50.269054188Z
,simulated,9,2026-02-23T11:48:50.276013576Z
,simulated,8,2026-02-23T11:49:50.284930488Z
,simulated,14,2026-02-23T11:50:50.30401562Z
,simulated,11,2026-02-23T11:51:50.315549641Z
,simulated,16,2026-02-23T11:52:50.337823017Z
,simulated,9,2026-02-23T11:53:50.354188012Z
,simulated,18,2026-02-23T11:54:50.358100776Z
,simulated,11,2026-02-23T11:55:50.377901098Z
,simulated,11,2026-02-23T11:56:50.397472897Z
,simulated,9,2026-02-23T11:57:50.419775653Z
,simulated,19,2026-02-23T11:58:50.423084337Z
,simulated,14,2026-02-23T11:59:50.433761081Z
,simulated,32,2026-02-23T12:00:50.460699252Z
,simulated,25,2026-02-23T12:01:50.469818424Z
,simulated,17,2026-02-23T12:02:50.492345591Z
,simulated,24,2026-02-23T12:03:50.506940927Z
,simulated,24,2026-02-23T12:04:50.519992236Z
,simulated,32,2026-02-23T12:05:50.539499001Z
,simulated,19,2026-02-23T12:06:50.54877956Z
,simulated,29,2026-02-23T12:07:50.566460599Z
,simulated,25,2026-02-23T12:08:50.584719218Z
,simulated,27,2026-02-23T12:09:50.599553623Z
,simulated,20,2026-02-23T12:10:50.631465495Z
,simulated,15,2026-02-23T12:11:50.625727747Z
,simulated,31,2026-02-23T12:12:50.656856673Z
,simulated,29,2026-02-23T12:13:50.667103457Z
,simulated,28,2026-02-23T12:14:50.67838467Z
,simulated,27,2026-02-23T12:15:50.684236299Z
,simulated,27,2026-02-23T12:16:50.715815652Z
,simulated,21,2026-02-23T12:17:50.721679852Z
,simulated,22,2026-02-23T12:18:50.73822126Z
,simulated,30,2026-02-23T12:19:50.767161081Z
,simulated,17,2026-02-23T12:20:50.762366122Z
,simulated,16,2026-02-23T12:21:50.782329968Z
,simulated,29,2026-02-23T12:22:50.789273191Z
,simulated,32,2026-02-23T12:23:50.796447639Z
,simulated,32,2026-02-23T12:24:50.814221548Z
,simulated,16,2026-02-23T12:25:50.835600296Z
,simulated,24,2026-02-23T12:26:50.846672354Z
,simulated,22,2026-02-23T12:27:50.868520203Z
,simulated,29,2026-02-23T12:28:50.880181385Z
,simulated,27,2026-02-23T12:29:50.896622016Z
,simulated,22,2026-02-23T12:30:50.905920661Z
,simulated,15,2026-02-23T12:31:50.921262798Z
,simulated,17,2026-02-23T12:32:50.935813236Z
,simulated,25,2026-02-23T12:33:50.955150011Z
,simulated,30,2026-02-23T12:34:50.974313066Z
,simulated,30,2026-02-23T12:35:50.983655606Z
,simulated,32,2026-02-23T12:36:51.007454841Z
,simulated,16,2026-02-23T12:37:51.017187398Z
,simulated,19,2026-02-23T12:38:51.031421867Z
,simulated,17,2026-02-23T12:39:51.050820159Z
,simulated,16,2026-02-23T12:40:51.063455795Z
,simulated,32,2026-02-23T12:41:51.068429524Z
,simulated,21,2026-02-23T12:42:51.087514772Z
,simulated,19,2026-02-23T12:43:51.097116137Z
,simulated,32,2026-02-23T12:44:51.111790527Z
,simulated,15,2026-02-23T12:45:51.12070913Z
,simulated,20,2026-02-23T12:46:51.149024977Z
,simulated,24,2026-02-23T12:47:51.144485022Z
,simulated,24,2026-02-23T12:48:51.163183208Z
,simulated,20,2026-02-23T12:49:51.170419666Z
,simulated,22,2026-02-23T12:50:51.187140717Z
,simulated,30,2026-02-23T12:51:51.198244307Z
,simulated,22,2026-02-23T12:52:51.210072129Z
,simulated,22,2026-02-23T12:53:51.220906035Z
,simulated,25,2026-02-23T12:54:51.220313381Z
,simulated,16,2026-02-23T12:55:51.241078841Z
,simulated,20,2026-02-23T12:56:51.251851931Z
,simulated,15,2026-02-23T12:57:51.263505263Z
,simulated,19,2026-02-23T12:58:51.272832272Z
,simulated,31,2026-02-23T12:59:51.278260333Z
,simulated,14,2026-02-23T13:00:51.291058523Z
,simulated,17,2026-02-23T13:01:51.306648544Z
,simulated,11,2026-02-23T13:02:51.314261092Z
,simulated,12,2026-02-23T13:03:51.325476419Z
,simulated,26,2026-02-23T13:04:51.335071869Z
,simulated,21,2026-02-23T13:05:51.340687441Z
,simulated,23,2026-02-23T13:06:51.34675969Z
,simulated,11,2026-02-23T13:07:51.365439656Z
,simulated,22,2026-02-23T13:08:51.375045554Z
,simulated,22,2026-02-23T13:09:51.380426558Z
,simulated,19,2026-02-23T13:10:51.394451413Z
,simulated,20,2026-02-23T13:11:51.398624815Z
,simulated,14,2026-02-23T13:12:51.412558594Z
,simulated,27,2026-02-23T13:13:51.415167174Z
,simulated,20,2026-02-23T13:14:51.423180901Z
,simulated,13,2026-02-23T13:15:51.43360484Z
,simulated,24,2026-02-23T13:16:51.434689227Z
,simulated,14,2026-02-23T13:17:51.444462065Z
,simulated,13,2026-02-23T13:18:51.461012189Z
,simulated,12,2026-02-23T13:19:51.464641567Z
,simulated,15,2026-02-23T13:20:51.473428109Z
,simulated,22,2026-02-23T13:21:51.48199154Z
,simulated,24,2026-02-23T13:22:51.487576168Z
,simulated,22,2026-02-23T13:23:51.504246786Z
,simulated,11,2026-02-23T13:24:51.502493087Z
,simulated,17,2026-02-23T13:25:51.514915559Z
,simulated,11,2026-02-23T13:26:51.523320567Z
,simulated,27,2026-02-23T13:27:51.53193884Z
,simulated,15,2026-02-23T13:28:51.541821585Z
,simulated,15,2026-02-23T13:29:51.544658534Z
,simulated,19,2026-02-23T13:30:51.549793637Z
,simulated,23,2026-02-23T13:31:51.557133779Z
,simulated,18,2026-02-23T13:32:51.566476831Z
,simulated,17,2026-02-23T13:33:51.575831783Z
,simulated,23,2026-02-23T13:34:51.582346367Z
,simulated,25,2026-02-23T13:35:51.591995265Z
,simulated,23,2026-02-23T13:36:51.599246599Z
,simulated,19,2026-02-23T13:37:51.597455353Z
,simulated,11,2026-02-23T13:38:51.60627092Z
,simulated,25,2026-02-23T13:39:51.615150517Z
,simulated,18,2026-02-23T13:40:51.623385133Z
,simulated,20,2026-02-23T13:41:51.635810373Z
,simulated,13,2026-02-23T13:42:51.639757773Z
,simulated,18,2026-02-23T13:43:51.649182551Z
,simulated,12,2026-02-23T13:44:51.653996154Z
,simulated,26,2026-02-23T13:45:51.665709741Z
,simulated,26,2026-02-23T13:46:51.662739968Z
,simulated,13,2026-02-23T13:47:51.670868726Z
,simulated,17,2026-02-23T13:48:51.673807589Z
,simulated,15,2026-02-23T13:49:51.67434202Z
,simulated,13,2026-02-23T13:50:51.681509385Z
,simulated,25,2026-02-23T13:51:51.691019848Z
,simulated,11,2026-02-23T13:52:51.711283541Z
,simulated,20,2026-02-23T13:53:51.706339949Z
,simulated,19,2026-02-23T13:54:51.70507316Z
,simulated,15,2026-02-23T13:55:51.711003327Z
,simulated,11,2026-02-23T13:56:51.714458284Z
,simulated,12,2026-02-23T13:57:51.720834439Z
,simulated,27,2026-02-23T13:58:51.72158285Z
,simulated,18,2026-02-23T13:59:51.73221027Z
,simulated,28,2026-02-23T14:00:51.732935952Z
,simulated,30,2026-02-23T14:01:51.741368738Z
,simulated,34,2026-02-23T14:02:51.738193286Z
,simulated,26,2026-02-23T14:03:51.747435349Z
,simulated,29,2026-02-23T14:04:51.76852719Z
,simulated,31,2026-02-23T14:05:51.760674019Z
,simulated,20,2026-02-23T14:06:51.770071098Z
,simulated,19,2026-02-23T14:07:51.76894476Z
,simulated,20,2026-02-23T14:08:51.768739295Z
,simulated,28,2026-02-23T14:09:51.768858272Z
,simulated,37,2026-02-23T14:10:51.772430729Z
,simulated,28,2026-02-23T14:11:51.775343566Z
,simulated,24,2026-02-23T14:12:51.77838484Z
,simulated,33,2026-02-23T14:13:51.783564874Z
,simulated,27,2026-02-23T14:14:51.788229636Z
,simulated,31,2026-02-23T14:15:51.79507281Z
,simulated,33,2026-02-23T14:16:51.802059871Z
,simulated,32,2026-02-23T14:17:51.797807373Z
,simulated,25,2026-02-23T14:18:51.79880903Z
,simulated,24,2026-02-23T14:19:51.803822311Z
,simulated,30,2026-02-23T14:20:51.805778676Z
,simulated,29,2026-02-23T14:21:51.811319683Z
,simulated,23,2026-02-23T14:22:51.810076618Z
,simulated,18,2026-02-23T14:23:51.813393869Z
,simulated,36,2026-02-23T14:24:51.819416127Z
,simulated,28,2026-02-23T14:25:51.821134582Z
,simulated,19,2026-02-23T14:26:51.824402544Z
,simulated,28,2026-02-23T14:27:51.831380187Z
,simulated,35,2026-02-23T14:28:51.829086059Z
,simulated,30,2026-02-23T14:29:51.828041022Z
,simulated,27,2026-02-23T14:30:51.831250364Z
,simulated,30,2026-02-23T14:31:51.833763101Z
,simulated,28,2026-02-23T14:32:51.839324352Z
,simulated,29,2026-02-23T14:33:51.838520042Z
,simulated,23,2026-02-23T14:34:51.838590472Z
,simulated,23,2026-02-23T14:35:51.843420034Z
,simulated,30,2026-02-23T14:36:51.844704955Z
,simulated,21,2026-02-23T14:37:51.847740671Z
,simulated,24,2026-02-23T14:38:51.847305602Z
,simulated,31,2026-02-23T14:39:51.845748445Z
,simulated,20,2026-02-23T14:40:51.848460941Z
,simulated,27,2026-02-23T14:41:51.853182262Z
,simulated,28,2026-02-23T14:42:51.849432011Z
,simulated,23,2026-02-23T14:43:51.85162485Z
,simulated,34,2026-02-23T14:44:51.85017201Z
,simulated,36,2026-02-23T14:45:51.851154738Z
,simulated,28,2026-02-23T14:46:51.855331805Z
,simulated,30,2026-02-23T14:47:51.852447124Z
,simulated,24,2026-02-23T14:48:51.855159611Z
,simulated,27,2026-02-23T14:49:51.854133425Z
,simulated,35,2026-02-23T14:50:51.954482461Z
,simulated,34,2026-02-23T14:51:51.870498285Z
,simulated,31,2026-02-23T14:52:51.895828353Z
,simulated,36,2026-02-23T14:53:51.900128678Z
,simulated,28,2026-02-23T14:54:51.904664919Z
,simulated,30,2026-02-23T14:55:51.943444703Z
,simulated,37,2026-02-23T14:56:51.954008392Z
,simulated,36,2026-02-23T14:57:51.976753073Z
,simulated,35,2026-02-23T14:58:52.004574593Z
,simulated,34,2026-02-23T14:59:52.027121275Z
,simulated,35,2026-02-23T15:00:52.043271155Z
,simulated,34,2026-02-23T15:01:52.068042063Z
,simulated,33,2026-02-23T15:02:52.094503777Z
,simulated,40,2026-02-23T15:03:52.136932689Z
,simulated,41,2026-02-23T15:04:52.146855643Z
,simulated,32,2026-02-23T15:05:52.174880738Z
,simulated,23,2026-02-23T15:06:52.197087087Z
,simulated,34,2026-02-23T15:07:52.222722376Z
,simulated,29,2026-02-23T15:08:52.253256973Z
,simulated,21,2026-02-23T15:09:52.283992864Z
,simulated,21,2026-02-23T15:10:52.319155755Z
,simulated,38,2026-02-23T15:11:52.339738037Z
,simulated,24,2026-02-23T15:12:52.370557938Z
,simulated,25,2026-02-23T15:13:52.390483193Z
,simulated,25,2026-02-23T15:14:52.431169058Z
,simulated,22,2026-02-23T15:15:52.451716388Z
,simulated,32,2026-02-23T15:16:52.47189703Z
,simulated,32,2026-02-23T15:17:52.507614613Z
,simulated,36,2026-02-23T15:18:52.527105225Z
,simulated,39,2026-02-23T15:19:52.553646119Z
,simulated,35,2026-02-23T15:20:52.580244336Z
,simulated,39,2026-02-23T15:21:52.603204945Z
,simulated,41,2026-02-23T15:22:52.62762819Z
,simulated,29,2026-02-23T15:23:52.655930791Z
,simulated,24,2026-02-23T15:24:52.682812395Z
,simulated,41,2026-02-23T15:25:52.691297367Z
,simulated,30,2026-02-23T15:26:52.702708309Z
,simulated,33,2026-02-23T15:27:52.730867259Z
,simulated,40,2026-02-23T15:28:52.752017638Z
,simulated,23,2026-02-23T15:29:52.770605222Z
,simulated,25,2026-02-23T15:30:52.793603808Z
,simulated,37,2026-02-23T15:31:52.819303246Z
,simulated,23,2026-02-23T15:32:52.844038046Z
,simulated,41,2026-02-23T15:33:52.863172961Z
,simulated,41,2026-02-23T15:34:52.881684412Z
,simulated,23,2026-02-23T15:35:52.903710335Z
,simulated,25,2026-02-23T15:36:52.930072845Z
,simulated,36,2026-02-23T15:37:52.945409383Z
,simulated,41,2026-02-23T15:38:52.963506895Z
,simulated,40,2026-02-23T15:39:52.974135347Z
,simulated,26,2026-02-23T15:40:53.000617384Z
,simulated,29,2026-02-23T15:41:53.025028005Z
,simulated,36,2026-02-23T15:42:53.040616517Z
,simulated,27,2026-02-23T15:43:53.038143147Z
,simulated,29,2026-02-23T15:44:53.062466711Z
,simulated,41,2026-02-23T15:45:53.082465Z
,simulated,41,2026-02-23T15:46:53.095338806Z
,simulated,24,2026-02-23T15:47:53.103806755Z
,simulated,23,2026-02-23T15:48:53.127161343Z
,simulated,37,2026-02-23T15:49:53.150823804Z
,simulated,35,2026-02-23T15:50:53.167213718Z
,simulated,41,2026-02-23T15:51:53.187286306Z
,simulated,24,2026-02-23T15:52:53.220102277Z
,simulated,36,2026-02-23T15:53:53.243856279Z
,simulated,31,2026-02-23T15:54:53.250210574Z
,simulated,37,2026-02-23T15:55:53.279272513Z
,simulated,26,2026-02-23T15:56:53.290422361Z
,simulated,39,2026-02-23T15:57:53.323630127Z
,simulated,34,2026-02-23T15:58:53.3386543Z
,simulated,25,2026-02-23T15:59:53.368456808Z
,simulated,27,2026-02-23T16:00:53.365798171Z
,simulated,27,2026-02-23T16:01:53.383568361Z
,simulated,16,2026-02-23T16:02:53.409898595Z
,simulated,23,2026-02-23T16:03:53.418102792Z
,simulated,28,2026-02-23T16:04:53.446350065Z
,simulated,30,2026-02-23T16:05:53.461591659Z
,simulated,28,2026-02-23T16:06:53.484518536Z
,simulated,13,2026-02-23T16:07:53.506766459Z
,simulated,28,2026-02-23T16:08:53.513792373Z
,simulated,26,2026-02-23T16:09:53.532937415Z
,simulated,30,2026-02-23T16:10:53.557810125Z
,simulated,13,2026-02-23T16:11:53.569996429Z
,simulated,17,2026-02-23T16:12:53.594992591Z
,simulated,16,2026-02-23T16:13:53.59562186Z
,simulated,23,2026-02-23T16:14:53.635229836Z
,simulated,28,2026-02-23T16:15:53.649640748Z
,simulated,22,2026-02-23T16:16:53.671191767Z
,simulated,18,2026-02-23T16:17:53.681835573Z
,simulated,17,2026-02-23T16:18:53.700980241Z
,simulated,28,2026-02-23T16:19:53.706101402Z
,simulated,30,2026-02-23T16:20:53.730736088Z
,simulated,27,2026-02-23T16:21:53.751290349Z
,simulated,17,2026-02-23T16:22:53.783416258Z
,simulated,18,2026-02-23T16:23:53.795164578Z
,simulated,16,2026-02-23T16:24:53.796994216Z
,simulated,24,2026-02-23T16:25:53.804655674Z
,simulated,21,2026-02-23T16:26:53.823623195Z
,simulated,21,2026-02-23T16:27:53.848539909Z
,simulated,22,2026-02-23T16:28:53.869021633Z
,simulated,28,2026-02-23T16:29:53.871411718Z
,simulated,19,2026-02-23T16:30:53.891374055Z
,simulated,21,2026-02-23T16:31:53.908307967Z
,simulated,16,2026-02-23T16:32:53.928040125Z
,simulated,22,2026-02-23T16:33:53.944263146Z
,simulated,24,2026-02-23T16:34:53.962898643Z
,simulated,18,2026-02-23T16:35:53.967907089Z
,simulated,16,2026-02-23T16:36:53.991617344Z
,simulated,28,2026-02-23T16:37:54.003190008Z
,simulated,14,2026-02-23T16:38:54.003526078Z
,simulated,22,2026-02-23T16:39:54.027305392Z
,simulated,22,2026-02-23T16:40:54.046438058Z
,simulated,20,2026-02-23T16:41:54.07173294Z
,simulated,28,2026-02-23T16:42:54.083489955Z
,simulated,25,2026-02-23T16:43:54.096435381Z
,simulated,28,2026-02-23T16:44:54.122990632Z
,simulated,18,2026-02-23T16:45:54.131171985Z
,simulated,25,2026-02-23T16:46:54.148038068Z
,simulated,15,2026-02-23T16:47:54.150551172Z
,simulated,28,2026-02-23T16:48:54.167642684Z
,simulated,19,2026-02-23T16:49:54.186885973Z
,simulated,30,2026-02-23T16:50:54.207652088Z
,simulated,28,2026-02-23T16:51:54.229584521Z
,simulated,15,2026-02-23T16:52:54.244388498Z
,simulated,19,2026-02-23T16:53:54.255276055Z
,simulated,17,2026-02-23T16:54:54.27309478Z
,simulated,18,2026-02-23T16:55:54.291383119Z
,simulated,25,2026-02-23T16:56:54.302538604Z
,simulated,28,2026-02-23T16:57:54.32719688Z
,simulated,14,2026-02-23T16:58:54.351216877Z
,simulated,24,2026-02-23T16:59:54.365221661Z
,simulated,16,2026-02-23T17:00:54.38390527Z
,simulated,9,2026-02-23T17:01:54.39801027Z
,simulated,14,2026-02-23T17:02:54.42233869Z
,simulated,8,2026-02-23T17:03:54.428334215Z
,simulated,10,2026-02-23T17:04:54.458525078Z
,simulated,20,2026-02-23T17:05:54.469820496Z
,simulated,18,2026-02-23T17:06:54.472316558Z
,simulated,8,2026-02-23T17:07:54.493969873Z
,simulated,10,2026-02-23T17:08:54.498895281Z
,simulated,15,2026-02-23T17:09:54.516406869Z
,simulated,13,2026-02-23T17:10:54.539045022Z
,simulated,15,2026-02-23T17:11:54.555199134Z
,simulated,21,2026-02-23T17:12:54.567469276Z
,simulated,19,2026-02-23T17:13:54.581443732Z
,simulated,14,2026-02-23T17:14:54.60041597Z
,simulated,21,2026-02-23T17:15:54.61634671Z
,simulated,15,2026-02-23T17:16:54.633778277Z
,simulated,15,2026-02-23T17:17:54.667189079Z
,simulated,20,2026-02-23T17:18:54.659155497Z
,simulated,14,2026-02-23T17:19:54.676153387Z
,simulated,19,2026-02-23T17:20:54.692253411Z
,simulated,21,2026-02-23T17:21:54.711831092Z
,simulated,9,2026-02-23T17:22:54.737312783Z
,simulated,14,2026-02-23T17:23:54.754851883Z
,simulated,14,2026-02-23T17:24:54.754384826Z
,simulated,10,2026-02-23T17:25:54.75652417Z
,simulated,16,2026-02-23T17:26:54.77537596Z
,simulated,19,2026-02-23T17:27:54.788491133Z
,simulated,8,2026-02-23T17:28:54.807142762Z
,simulated,17,2026-02-23T17:29:54.824163662Z
,simulated,18,2026-02-23T17:30:54.831700932Z
,simulated,17,2026-02-23T17:31:54.832115356Z
,simulated,11,2026-02-23T17:32:54.852791321Z
,simulated,19,2026-02-23T17:33:54.869421259Z
,simulated,8,2026-02-23T17:34:54.873310473Z
,simulated,10,2026-02-23T17:35:54.885448285Z
,simulated,11,2026-02-23T17:36:54.888529834Z
,simulated,19,2026-02-23T17:37:54.896830115Z
,simulated,13,2026-02-23T17:38:54.913938511Z
,simulated,18,2026-02-23T17:39:54.931571465Z
,simulated,13,2026-02-23T17:40:54.940032918Z
,simulated,20,2026-02-23T17:41:54.954878297Z
,simulated,17,2026-02-23T17:42:54.975062795Z
,simulated,20,2026-02-23T17:43:54.989020249Z
,simulated,20,2026-02-23T17:44:55.001662489Z
,simulated,10,2026-02-23T17:45:55.005462607Z
,simulated,15,2026-02-23T17:46:55.007395427Z
,simulated,14,2026-02-23T17:47:55.019279281Z
,simulated,10,2026-02-23T17:48:55.03393832Z
,simulated,12,2026-02-23T17:49:55.053851735Z
,simulated,16,2026-02-23T17:50:55.062385357Z
,simulated,11,2026-02-23T17:51:55.088247512Z
,simulated,10,2026-02-23T17:52:55.111808399Z
,simulated,21,2026-02-23T17:53:55.105971928Z
,simulated,14,2026-02-23T17:54:55.113777989Z
,simulated,12,2026-02-23T17:55:55.127173479Z
,simulated,8,2026-02-23T17:56:55.157052145Z
,simulated,16,2026-02-23T17:57:55.154604476Z
,simulated,9,2026-02-23T17:58:55.17110514Z
,simulated,10,2026-02-23T17:59:55.183051411Z
,simulated,11,2026-02-23T18:00:55.199620748Z
,simulated,13,2026-02-23T18:01:55.205678051Z
,simulated,14,2026-02-23T18:02:55.223294275Z
,simulated,13,2026-02-23T18:03:55.235546339Z
,simulated,8,2026-02-23T18:04:55.266830235Z
,simulated,12,2026-02-23T18:05:55.260848834Z
,simulated,12,2026-02-23T18:06:55.276180677Z
,simulated,10,2026-02-23T18:07:55.289776919Z
,simulated,13,2026-02-23T18:08:55.301715604Z
,simulated,9,2026-02-23T18:09:55.323747734Z
,simulated,10,2026-02-23T18:10:55.32705215Z
,simulated,9,2026-02-23T18:11:55.331301419Z
,simulated,15,2026-02-23T18:12:55.341037095Z
,simulated,15,2026-02-23T18:13:55.354079037Z
,simulated,9,2026-02-23T18:14:55.367076485Z
,simulated,13,2026-02-23T18:15:55.374692864Z
,simulated,8,2026-02-23T18:16:55.389293578Z
,simulated,9,2026-02-23T18:17:55.397660579Z
,simulated,14,2026-02-23T18:18:55.410484645Z
,simulated,14,2026-02-23T18:19:55.423903875Z
,simulated,13,2026-02-23T18:20:55.435449603Z
,simulated,14,2026-02-23T18:21:55.453942515Z
,simulated,8,2026-02-23T18:22:55.46694451Z
,simulated,8,2026-02-23T18:23:55.471893461Z
,simulated,9,2026-02-23T18:24:55.478088094Z
,simulated,11,2026-02-23T18:25:55.483807471Z
,simulated,14,2026-02-23T18:26:55.487274227Z
,simulated,15,2026-02-23T18:27:55.494564959Z
,simulated,11,2026-02-23T18:28:55.507002375Z
,simulated,10,2026-02-23T18:29:55.512767264Z
,simulated,13,2026-02-23T18:30:55.518002275Z
,simulated,13,2026-02-23T18:31:55.531071187Z
,simulated,15,2026-02-23T18:32:55.531334643Z
,simulated,14,2026-02-23T18:33:55.544626754Z
,simulated,9,2026-02-23T18:34:55.54999765Z
,simulated,15,2026-02-23T18:35:55.569692567Z
,simulated,11,2026-02-23T18:36:55.575298026Z
,simulated,13,2026-02-23T18:37:55.587431772Z
,simulated,14,2026-02-23T18:38:55.596726082Z
,simulated,9,2026-02-23T18:39:55.598043226Z
,simulated,15,2026-02-23T18:40:55.610553466Z
,simulated,8,2026-02-23T18:41:55.627650354Z
,simulated,14,2026-02-23T18:42:55.619241527Z
,simulated,11,2026-02-23T18:43:55.627267684Z
,simulated,9,2026-02-23T18:44:55.634768094Z
,simulated,14,2026-02-23T18:45:55.641579994Z
,simulated,15,2026-02-23T18:46:55.6474349Z
,simulated,12,2026-02-23T18:47:55.662368202Z
,simulated,8,2026-02-23T18:48:55.667444058Z
,simulated,15,2026-02-23T18:49:55.674394322Z
,simulated,9,2026-02-23T18:50:55.681120731Z
,simulated,14,2026-02-23T18:51:55.692791186Z
,simulated,14,2026-02-23T18:52:55.697458431Z
,simulated,13,2026-02-23T18:53:55.704639799Z
,simulated,11,2026-02-23T18:54:55.714166104Z
,simulated,15,2026-02-23T18:55:55.727229113Z
,simulated,14,2026-02-23T18:56:55.736909706Z
,simulated,10,2026-02-23T18:57:55.745144451Z
,simulated,10,2026-02-23T18:58:55.743059512Z
,simulated,14,2026-02-23T18:59:55.751569241Z
,simulated,6,2026-02-23T19:00:55.771056134Z
,simulated,10,2026-02-23T19:01:55.773231873Z
,simulated,10,2026-02-23T19:02:55.780065087Z
,simulated,10,2026-02-23T19:03:55.779989424Z
,simulated,11,2026-02-23T19:04:55.788199465Z
,simulated,8,2026-02-23T19:05:55.795700877Z
,simulated,7,2026-02-23T19:06:55.795849698Z
,simulated,10,2026-02-23T19:07:55.807135414Z
,simulated,5,2026-02-23T19:08:55.810963636Z
,simulated,9,2026-02-23T19:09:55.821795154Z
,simulated,9,2026-02-23T19:10:55.822423613Z
,simulated,8,2026-02-23T19:11:55.831706618Z
,simulated,5,2026-02-23T19:12:55.849059992Z
,simulated,5,2026-02-23T19:13:55.846465125Z
,simulated,8,2026-02-23T19:14:55.848204508Z
,simulated,4,2026-02-23T19:15:55.855763282Z
,simulated,5,2026-02-23T19:16:55.86296033Z
,simulated,11,2026-02-23T19:17:55.87078734Z
,simulated,7,2026-02-23T19:18:55.877947629Z
,simulated,8,2026-02-23T19:19:55.893703705Z
,simulated,7,2026-02-23T19:20:55.894845431Z
,simulated,9,2026-02-23T19:21:55.896770238Z
,simulated,8,2026-02-23T19:22:55.901291013Z
,simulated,10,2026-02-23T19:23:55.91568052Z
,simulated,7,2026-02-23T19:24:55.915215358Z
,simulated,10,2026-02-23T19:25:55.917919696Z
,simulated,5,2026-02-23T19:26:55.927303645Z
,simulated,6,2026-02-23T19:27:55.935237524Z
,simulated,7,2026-02-23T19:28:55.943180892Z
,simulated,6,2026-02-23T19:29:55.947362088Z
,simulated,7,2026-02-23T19:30:55.953442865Z
,simulated,7,2026-02-23T19:31:55.964591207Z
,simulated,7,2026-02-23T19:32:55.9679817Z
,simulated,6,2026-02-23T19:33:55.974913189Z
,simulated,8,2026-02-23T19:34:55.981843137Z
,simulated,4,2026-02-23T19:35:55.98679133Z
,simulated,8,2026-02-23T19:36:55.993728506Z
,simulated,6,2026-02-23T19:37:55.998678314Z
,simulated,5,2026-02-23T19:38:56.000551181Z
,simulated,5,2026-02-23T19:39:56.00458074Z
,simulated,5,2026-02-23T19:40:56.010187211Z
,simulated,11,2026-02-23T19:41:56.016663171Z
,simulated,4,2026-02-23T19:42:56.021821771Z
,simulated,10,2026-02-23T19:43:56.02685656Z
,simulated,6,2026-02-23T19:44:56.029207455Z
,simulated,5,2026-02-23T19:45:56.034897493Z
,simulated,6,2026-02-23T19:46:56.039501469Z
,simulated,11,2026-02-23T19:47:56.041281896Z
,simulated,9,2026-02-23T19:48:56.043338098Z
,simulated,10,2026-02-23T19:49:56.042602667Z
,simulated,4,2026-02-23T19:50:56.050818652Z
,simulated,4,2026-02-23T19:51:56.054990053Z
,simulated,8,2026-02-23T19:52:56.064641758Z
,simulated,8,2026-02-23T19:53:56.058152685Z
,simulated,8,2026-02-23T19:54:56.064220413Z
,simulated,4,2026-02-23T19:55:56.071575557Z
,simulated,8,2026-02-23T19:56:56.077436335Z
,simulated,10,2026-02-23T19:57:56.086323272Z
,simulated,5,2026-02-23T19:58:56.073832118Z
,simulated,5,2026-02-23T19:59:56.085256064Z
,simulated,5,2026-02-23T20:00:56.085706481Z
,simulated,9,2026-02-23T20:01:56.085939233Z
,simulated,7,2026-02-23T20:02:56.096096945Z
,simulated,8,2026-02-23T20:03:56.096007508Z
,simulated,9,2026-02-23T20:04:56.113086666Z
,simulated,9,2026-02-23T20:05:56.106849709Z
,simulated,7,2026-02-23T20:06:56.108464917Z
,simulated,9,2026-02-23T20:07:56.123600137Z
,simulated,9,2026-02-23T20:08:56.121882105Z
,simulated,9,2026-02-23T20:09:56.112368976Z
,simulated,8,2026-02-23T20:10:56.117076437Z
,simulated,10,2026-02-23T20:11:56.127054138Z
,simulated,9,2026-02-23T20:12:56.12179308Z
,simulated,10,2026-02-23T20:13:56.13457046Z
,simulated,5,2026-02-23T20:14:56.127177394Z
,simulated,8,2026-02-23T20:15:56.130964557Z
,simulated,9,2026-02-23T20:16:56.134585735Z
,simulated,6,2026-02-23T20:17:56.141941016Z
,simulated,6,2026-02-23T20:18:56.134350442Z
,simulated,7,2026-02-23T20:19:56.132946519Z
,simulated,10,2026-02-23T20:20:56.138550798Z
,simulated,10,2026-02-23T20:21:56.153950375Z
,simulated,6,2026-02-23T20:22:56.146763118Z
,simulated,9,2026-02-23T20:23:56.144765234Z
,simulated,5,2026-02-23T20:24:56.145464344Z
,simulated,10,2026-02-23T20:25:56.146473315Z
,simulated,9,2026-02-23T20:26:56.149863506Z
,simulated,10,2026-02-23T20:27:56.159385668Z
,simulated,6,2026-02-23T20:28:56.159968574Z
,simulated,5,2026-02-23T20:29:56.162046062Z
,simulated,8,2026-02-23T20:30:56.153471452Z
,simulated,6,2026-02-23T20:31:56.15494161Z
,simulated,5,2026-02-23T20:32:56.171296925Z
,simulated,6,2026-02-23T20:33:56.159046146Z
,simulated,6,2026-02-23T20:34:56.157408673Z
,simulated,9,2026-02-23T20:35:56.156382166Z
,simulated,10,2026-02-23T20:36:56.15471423Z
,simulated,5,2026-02-23T20:37:56.16165432Z
,simulated,7,2026-02-23T20:38:56.155998669Z
,simulated,10,2026-02-23T20:39:56.153556879Z
,simulated,9,2026-02-23T20:40:56.153554795Z
,simulated,5,2026-02-23T20:41:56.187716781Z
,simulated,6,2026-02-23T20:42:56.211177459Z
,simulated,9,2026-02-23T20:43:56.230070038Z
,simulated,7,2026-02-23T20:44:56.25579715Z
,simulated,7,2026-02-23T20:45:56.269324392Z
,simulated,8,2026-02-23T20:46:56.299171367Z
,simulated,6,2026-02-23T20:47:56.331280095Z
,simulated,5,2026-02-23T20:48:56.356275107Z
,simulated,10,2026-02-23T20:49:56.375467768Z
,simulated,7,2026-02-23T20:50:56.395683161Z
,simulated,10,2026-02-23T20:51:56.427277578Z
,simulated,5,2026-02-23T20:52:56.448519207Z
,simulated,10,2026-02-23T20:53:56.477699674Z
,simulated,8,2026-02-23T20:54:56.502453719Z
,simulated,7,2026-02-23T20:55:56.527604892Z
,simulated,5,2026-02-23T20:56:56.553586747Z
,simulated,6,2026-02-23T20:57:56.578395291Z
,simulated,9,2026-02-23T20:58:56.601606538Z
,simulated,9,2026-02-23T20:59:56.605913457Z
,simulated,6,2026-02-23T21:00:56.631154927Z
,simulated,5,2026-02-23T21:01:56.658290257Z
,simulated,7,2026-02-23T21:02:56.67899288Z
,simulated,5,2026-02-23T21:03:56.682006241Z
,simulated,7,2026-02-23T21:04:56.70061799Z
,simulated,5,2026-02-23T21:05:56.723157857Z
,simulated,4,2026-02-23T21:06:56.730627093Z
,simulated,7,2026-02-23T21:07:56.759335468Z
,simulated,3,2026-02-23T21:08:56.784745254Z
,simulated,7,2026-02-23T21:09:56.808709353Z
,simulated,5,2026-02-23T21:10:56.843358412Z
,simulated,4,2026-02-23T21:11:56.860310648Z
,simulated,6,2026-02-23T21:12:56.882449829Z
,simulated,4,2026-02-23T21:13:56.885154007Z
,simulated,4,2026-02-23T21:14:56.905995273Z
,simulated,3,2026-02-23T21:15:56.939204341Z
,simulated,5,2026-02-23T21:16:56.945673076Z
,simulated,6,2026-02-23T21:17:56.962653688Z
,simulated,6,2026-02-23T21:18:56.978207862Z
,simulated,7,2026-02-23T21:19:56.99118133Z
,simulated,7,2026-02-23T21:20:57.0134366Z
,simulated,6,2026-02-23T21:21:57.040681692Z
,simulated,4,2026-02-23T21:22:57.054778221Z
,simulated,5,2026-02-23T21:23:57.078799004Z
,simulated,4,2026-02-23T21:24:57.08989582Z
,simulated,7,2026-02-23T21:25:57.115165534Z
,simulated,3,2026-02-23T21:26:57.144472017Z
,simulated,7,2026-02-23T21:27:57.164992794Z
,simulated,5,2026-02-23T21:28:57.195631373Z
,simulated,4,2026-02-23T21:29:57.217716281Z
,simulated,4,2026-02-23T21:30:57.243506993Z
,simulated,5,2026-02-23T21:31:57.258866813Z
,simulated,5,2026-02-23T21:32:57.283429066Z
,simulated,3,2026-02-23T21:33:57.294336694Z
,simulated,6,2026-02-23T21:34:57.315246861Z
,simulated,5,2026-02-23T21:35:57.347087476Z
,simulated,4,2026-02-23T21:36:57.360427023Z
,simulated,4,2026-02-23T21:37:57.386776922Z
,simulated,3,2026-02-23T21:38:57.408936563Z
,simulated,6,2026-02-23T21:39:57.433690341Z
,simulated,5,2026-02-23T21:40:57.456393298Z
,simulated,3,2026-02-23T21:41:57.480818589Z
,simulated,7,2026-02-23T21:42:57.501611229Z
,simulated,4,2026-02-23T21:43:57.524728728Z
,simulated,3,2026-02-23T21:44:57.535249591Z
,simulated,6,2026-02-23T21:45:57.556516185Z
,simulated,5,2026-02-23T21:46:57.576468849Z
,simulated,7,2026-02-23T21:47:57.601279663Z
,simulated,5,2026-02-23T21:48:57.627304703Z
,simulated,3,2026-02-23T21:49:57.64657361Z
,simulated,5,2026-02-23T21:50:57.663624333Z
,simulated,3,2026-02-23T21:51:57.679284037Z
,simulated,3,2026-02-23T21:52:57.704341937Z
,simulated,3,2026-02-23T21:53:57.721982137Z
,simulated,3,2026-02-23T21:54:57.748647754Z
,simulated,5,2026-02-23T21:55:57.765842318Z
,simulated,4,2026-02-23T21:56:57.770219682Z
,simulated,7,2026-02-23T21:57:57.76949355Z
,simulated,6,2026-02-23T21:58:57.791302442Z
,simulated,4,2026-02-23T21:59:57.808697991Z
,simulated,3,2026-02-23T22:00:57.823265252Z
,simulated,7,2026-02-23T22:01:57.848909651Z
,simulated,6,2026-02-23T22:02:57.851388905Z
,simulated,4,2026-02-23T22:03:57.872672822Z
,simulated,5,2026-02-23T22:04:57.897605775Z
,simulated,7,2026-02-23T22:05:57.902844247Z
,simulated,4,2026-02-23T22:06:57.925132717Z
,simulated,5,2026-02-23T22:07:57.95076592Z
,simulated,6,2026-02-23T22:08:57.951225885Z
,simulated,6,2026-02-23T22:09:57.968077284Z
,simulated,5,2026-02-23T22:10:57.977982723Z
,simulated,6,2026-02-23T22:11:57.980938344Z
,simulated,3,2026-02-23T22:12:58.007165362Z
,simulated,7,2026-02-23T22:13:58.036751292Z
,simulated,3,2026-02-23T22:14:58.035078996Z
,simulated,4,2026-02-23T22:15:58.054314526Z
,simulated,7,2026-02-23T22:16:58.079759339Z
,simulated,4,2026-02-23T22:17:58.085898599Z
,simulated,6,2026-02-23T22:18:58.102590101Z
,simulated,7,2026-02-23T22:19:58.115296941Z
,simulated,5,2026-02-23T22:20:58.139507916Z
,simulated,4,2026-02-23T22:21:58.155165595Z
,simulated,5,2026-02-23T22:22:58.176033865Z
,simulated,3,2026-02-23T22:23:58.184640701Z
,simulated,7,2026-02-23T22:24:58.203882656Z
,simulated,6,2026-02-23T22:25:58.234990058Z
,simulated,5,2026-02-23T22:26:58.240257045Z
,simulated,4,2026-02-23T22:27:58.261727872Z
,simulated,5,2026-02-23T22:28:58.279177059Z
,simulated,3,2026-02-23T22:29:58.297635682Z
,simulated,4,2026-02-23T22:30:58.308538911Z
,simulated,6,2026-02-23T22:31:58.329624499Z
,simulated,6,2026-02-23T22:32:58.353934131Z
,simulated,5,2026-02-23T22:33:58.365610843Z
,simulated,7,2026-02-23T22:34:58.368902504Z
,simulated,6,2026-02-23T22:35:58.384547196Z
,simulated,4,2026-02-23T22:36:58.401184088Z
,simulated,4,2026-02-23T22:37:58.420378695Z
,simulated,3,2026-02-23T22:38:58.440370024Z
,simulated,5,2026-02-23T22:39:58.451522763Z
,simulated,7,2026-02-23T22:40:58.471382653Z
,simulated,6,2026-02-23T22:41:58.484065176Z
,simulated,7,2026-02-23T22:42:58.500911855Z
,simulated,6,2026-02-23T22:43:58.50612468Z
,simulated,4,2026-02-23T22:44:58.521351281Z
,simulated,4,2026-02-23T22:45:58.534140667Z
,simulated,4,2026-02-23T22:46:58.548403267Z
,simulated,6,2026-02-23T22:47:58.570976465Z
,simulated,3,2026-02-23T22:48:58.583432369Z
,simulated,5,2026-02-23T22:49:58.597554495Z
,simulated,5,2026-02-23T22:50:58.60564064Z
,simulated,4,2026-02-23T22:51:58.619158426Z
,simulated,7,2026-02-23T22:52:58.646068764Z
,simulated,7,2026-02-23T22:53:58.650266141Z
,simulated,3,2026-02-23T22:54:58.660921351Z
,simulated,6,2026-02-23T22:55:58.667832986Z
,simulated,6,2026-02-23T22:56:58.681460764Z
,simulated,3,2026-02-23T22:57:58.691841455Z
,simulated,6,2026-02-23T22:58:58.699169513Z
,simulated,6,2026-02-23T22:59:58.714190579Z
,simulated,3,2026-02-23T23:00:58.728957756Z
,simulated,5,2026-02-23T23:01:58.752020992Z
,simulated,5,2026-02-23T23:02:58.760147335Z
,simulated,7,2026-02-23T23:03:58.773378864Z
,simulated,6,2026-02-23T23:04:58.779515476Z
,simulated,5,2026-02-23T23:05:58.792202917Z
,simulated,3,2026-02-23T23:06:58.802038396Z
,simulated,4,2026-02-23T23:07:58.818459391Z
,simulated,4,2026-02-23T23:08:58.826416954Z
,simulated,4,2026-02-23T23:09:58.831607616Z
,simulated,5,2026-02-23T23:10:58.851581981Z
,simulated,5,2026-02-23T23:11:58.847237033Z
,simulated,4,2026-02-23T23:12:58.858216858Z
,simulated,5,2026-02-23T23:13:58.870894149Z
,simulated,5,2026-02-23T23:14:58.879801702Z
,simulated,6,2026-02-23T23:15:58.891747233Z
,simulated,3,2026-02-23T23:16:58.908428343Z
,simulated,4,2026-02-23T23:17:58.927359456Z
,simulated,6,2026-02-23T23:18:58.933411033Z
,simulated,3,2026-02-23T23:19:58.949899767Z
,simulated,6,2026-02-23T23:20:58.966738824Z
,simulated,4,2026-02-23T23:21:58.964998519Z
,simulated,4,2026-02-23T23:22:58.974277379Z
,simulated,4,2026-02-23T23:23:58.984162729Z
,simulated,5,2026-02-23T23:24:58.981538165Z
,simulated,5,2026-02-23T23:25:58.995512272Z
,simulated,6,2026-02-23T23:26:59.010520093Z
,simulated,5,2026-02-23T23:27:59.023231822Z
,simulated,5,2026-02-23T23:28:59.028428588Z
,simulated,7,2026-02-23T23:29:59.05773317Z
,simulated,4,2026-02-23T23:30:59.055759276Z
,simulated,4,2026-02-23T23:31:59.063767846Z
,simulated,7,2026-02-23T23:32:59.076360176Z
,simulated,4,2026-02-23T23:33:59.080179631Z
,simulated,4,2026-02-23T23:34:59.089499104Z
,simulated,3,2026-02-23T23:35:59.101817515Z
,simulated,4,2026-02-23T23:36:59.117765943Z
,simulated,4,2026-02-23T23:37:59.127193053Z
,simulated,3,2026-02-23T23:38:59.132706575Z
,simulated,4,2026-02-23T23:39:59.139335144Z
,simulated,7,2026-02-23T23:40:59.150522345Z
,simulated,5,2026-02-23T23:41:59.165362883Z
,simulated,4,2026-02-23T23:42:59.17219043Z
,simulated,6,2026-02-23T23:43:59.176441471Z
,simulated,5,2026-02-23T23:44:59.184367248Z
,simulated,5,2026-02-23T23:45:59.192848425Z
,simulated,5,2026-02-23T23:46:59.201674124Z
,simulated,3,2026-02-23T23:47:59.215322984Z
,simulated,7,2026-02-23T23:48:59.218956779Z
,simulated,7,2026-02-23T23:49:59.229146133Z
,simulated,4,2026-02-23T23:50:59.235672491Z
,simulated,3,2026-02-23T23:51:59.242721538Z
,simulated,3,2026-02-23T23:52:59.249723617Z
,simulated,3,2026-02-23T23:53:59.267650789Z
,simulated,3,2026-02-23T23:54:59.267102386Z
,simulated,6,2026-02-23T23:55:59.275667234Z
,simulated,5,2026-02-23T23:56:59.280681999Z
,simulated,5,2026-02-23T23:57:59.290257236Z
,simulated,5,2026-02-23T23:58:59.297611388Z
,simulated,5,2026-02-23T23:59:59.305311709Z
,simulated,0,2026-02-24T00:00:59.315419321Z
,simulated,0,2026-02-24T00:01:59.321204389Z
,simulated,0,2026-02-24T00:02:59.338947407Z
,simulated,0,2026-02-24T00:03:59.343598938Z
,simulated,0,2026-02-24T00:04:59.349035581Z
,simulated,0,2026-02-24T00:05:59.35406229Z
,simulated,0,2026-02-24T00:06:59.367284206Z
,simulated,0,2026-02-24T00:07:59.367848974Z
,simulated,0,2026-02-24T00:08:59.373790864Z
,simulated,0,2026-02-24T00:09:59.380693779Z
,simulated,0,2026-02-24T00:10:59.388174828Z
,simulated,0,2026-02-24T00:11:59.394710735Z
,simulated,0,2026-02-24T00:12:59.398487032Z
,simulated,0,2026-02-24T00:13:59.401647137Z
,simulated,0,2026-02-24T00:14:59.411524547Z
,simulated,0,2026-02-24T00:15:59.417443921Z
,simulated,0,2026-02-24T00:16:59.427232802Z
,simulated,0,2026-02-24T00:17:59.428801041Z
,simulated,0,2026-02-24T00:18:59.43091003Z
,simulated,0,2026-02-24T00:19:59.441751636Z
,simulated,0,2026-02-24T00:20:59.451258415Z
,simulated,0,2026-02-24T00:21:59.453245959Z
,simulated,0,2026-02-24T00:22:59.446809828Z
,simulated,0,2026-02-24T00:23:59.452249958Z
,simulated,0,2026-02-24T00:24:59.452513698Z
,simulated,0,2026-02-24T00:25:59.459839389Z
,simulated,0,2026-02-24T00:26:59.465704169Z
,simulated,0,2026-02-24T00:27:59.471154957Z
,simulated,0,2026-02-24T00:28:59.471816621Z
,simulated,0,2026-02-24T00:29:59.474067093Z
,simulated,0,2026-02-24T00:30:59.486872659Z
,simulated,0,2026-02-24T00:31:59.490622451Z
,simulated,0,2026-02-24T00:32:59.490843836Z
,simulated,0,2026-02-24T00:33:59.494395547Z
,simulated,0,2026-02-24T00:34:59.494297422Z
,simulated,0,2026-02-24T00:35:59.493585671Z
,simulated,0,2026-02-24T00:36:59.497686674Z
,simulated,0,2026-02-24T00:37:59.503090844Z
,simulated,0,2026-02-24T00:38:59.508644614Z
,simulated,0,2026-02-24T00:39:59.504822107Z
,simulated,0,2026-02-24T00:40:59.509241778Z
,simulated,0,2026-02-24T00:41:59.515603295Z
,simulated,0,2026-02-24T00:42:59.51942453Z
,simulated,0,2026-02-24T00:43:59.517646507Z
,simulated,0,2026-02-24T00:44:59.521022945Z
,simulated,0,2026-02-24T00:45:59.523987337Z
,simulated,0,2026-02-24T00:46:59.527206719Z
,simulated,0,2026-02-24T00:47:59.525131651Z
,simulated,0,2026-02-24T00:48:59.527727113Z
,simulated,0,2026-02-24T00:49:59.530700832Z
,simulated,0,2026-02-24T00:50:59.535323753Z
,simulated,0,2026-02-24T00:51:59.534388918Z
,simulated,0,2026-02-24T00:52:59.539386974Z
,simulated,0,2026-02-24T00:53:59.536727834Z
,simulated,0,2026-02-24T00:54:59.538508596Z
,simulated,0,2026-02-24T00:55:59.542434545Z
,simulated,0,2026-02-24T00:56:59.550761095Z
,simulated,0,2026-02-24T00:57:59.548454756Z
,simulated,0,2026-02-24T00:58:59.546124973Z
,simulated,0,2026-02-24T00:59:59.547216451Z
,simulated,0,2026-02-24T01:00:59.546547922Z
,simulated,0,2026-02-24T01:01:59.552808076Z
,simulated,0,2026-02-24T01:02:59.561952602Z
,simulated,0,2026-02-24T01:03:59.560489201Z
,simulated,0,2026-02-24T01:04:59.551291408Z
,simulated,0,2026-02-24T01:05:59.555058031Z
,simulated,0,2026-02-24T01:06:59.552892298Z
,simulated,0,2026-02-24T01:07:59.556132394Z
,simulated,0,2026-02-24T01:08:59.55382549Z
,simulated,0,2026-02-24T01:09:59.63325552Z
,simulated,0,2026-02-24T01:10:59.580429948Z
,simulated,0,2026-02-24T01:11:59.605322103Z
,simulated,0,2026-02-24T01:12:59.615370166Z
,simulated,0,2026-02-24T01:13:59.643885626Z
,simulated,0,2026-02-24T01:14:59.683219847Z
,simulated,0,2026-02-24T01:15:59.68393709Z
,simulated,0,2026-02-24T01:16:59.690346589Z
,simulated,0,2026-02-24T01:17:59.704955907Z
,simulated,0,2026-02-24T01:18:59.732501883Z
,simulated,0,2026-02-24T01:19:59.756970588Z
,simulated,0,2026-02-24T01:20:59.784634353Z
,simulated,0,2026-02-24T01:21:59.812093006Z
,simulated,0,2026-02-24T01:22:59.81580177Z
,simulated,0,2026-02-24T01:23:59.839267913Z
,simulated,0,2026-02-24T01:24:59.844447275Z
,simulated,0,2026-02-24T01:25:59.869801073Z
,simulated,0,2026-02-24T01:26:59.896769532Z
,simulated,0,2026-02-24T01:27:59.928442391Z
,simulated,0,2026-02-24T01:28:59.958519671Z
,simulated,0,2026-02-24T01:29:59.980410221Z
,simulated,0,2026-02-24T01:31:00.011205526Z
,simulated,0,2026-02-24T01:32:00.053717072Z
,simulated,0,2026-02-24T01:33:00.079047419Z
,simulated,0,2026-02-24T01:34:00.092321273Z
,simulated,0,2026-02-24T01:35:00.122937353Z
,simulated,0,2026-02-24T01:36:00.154517561Z
,simulated,0,2026-02-24T01:37:00.176504408Z
,simulated,0,2026-02-24T01:38:00.203993254Z
,simulated,0,2026-02-24T01:39:00.206719993Z
,simulated,0,2026-02-24T01:40:00.228299692Z
,simulated,0,2026-02-24T01:41:00.26036262Z
,simulated,0,2026-02-24T01:42:00.285819289Z
,simulated,0,2026-02-24T01:43:00.311606938Z
,simulated,0,2026-02-24T01:44:00.319975303Z
,simulated,0,2026-02-24T01:45:00.345782087Z
,simulated,0,2026-02-24T01:46:00.368675014Z
,simulated,0,2026-02-24T01:47:00.392373262Z
,simulated,0,2026-02-24T01:48:00.437379925Z
,simulated,0,2026-02-24T01:49:00.44313332Z
,simulated,0,2026-02-24T01:50:00.472119786Z
,simulated,0,2026-02-24T01:51:00.493738182Z
,simulated,0,2026-02-24T01:52:00.522838992Z
,simulated,0,2026-02-24T01:53:00.519245299Z
,simulated,0,2026-02-24T01:54:00.540530505Z
,simulated,0,2026-02-24T01:55:00.567752059Z
,simulated,0,2026-02-24T01:56:00.593617408Z
,simulated,0,2026-02-24T01:57:00.623841346Z
,simulated,0,2026-02-24T01:58:00.645016869Z
,simulated,0,2026-02-24T01:59:00.669436062Z
,simulated,0,2026-02-24T02:00:00.684390595Z
,simulated,0,2026-02-24T02:01:00.708125033Z
,simulated,0,2026-02-24T02:02:00.732270194Z
,simulated,0,2026-02-24T02:03:00.745088395Z
,simulated,0,2026-02-24T02:04:00.774888753Z
,simulated,0,2026-02-24T02:05:00.788146259Z
,simulated,0,2026-02-24T02:06:00.815213478Z
,simulated,0,2026-02-24T02:07:00.839310545Z
,simulated,0,2026-02-24T02:08:00.863271111Z
,simulated,0,2026-02-24T02:09:00.864056429Z
,simulated,0,2026-02-24T02:10:00.866863242Z
,simulated,0,2026-02-24T02:11:00.894063712Z
,simulated,0,2026-02-24T02:12:00.894514075Z
,simulated,0,2026-02-24T02:13:00.923834679Z
,simulated,0,2026-02-24T02:14:00.921541503Z
,simulated,0,2026-02-24T02:15:00.939060858Z
,simulated,0,2026-02-24T02:16:00.935736848Z
,simulated,0,2026-02-24T02:17:00.963725412Z
,simulated,0,2026-02-24T02:18:00.978965663Z
,simulated,0,2026-02-24T02:19:00.990132947Z
,simulated,0,2026-02-24T02:20:01.017993616Z
,simulated,0,2026-02-24T02:21:01.00900492Z
,simulated,0,2026-02-24T02:22:01.031185887Z
,simulated,0,2026-02-24T02:23:01.035212977Z
,simulated,0,2026-02-24T02:24:01.054878409Z
,simulated,0,2026-02-24T02:25:01.076946257Z
,simulated,0,2026-02-24T02:26:01.100073353Z
,simulated,0,2026-02-24T02:27:01.129345587Z
,simulated,0,2026-02-24T02:28:01.136897486Z
,simulated,0,2026-02-24T02:29:01.158681813Z
,simulated,0,2026-02-24T02:30:01.178932566Z
,simulated,0,2026-02-24T02:31:01.186109645Z
,simulated,0,2026-02-24T02:32:01.210589061Z
,simulated,0,2026-02-24T02:33:01.234255577Z
,simulated,0,2026-02-24T02:34:01.236593169Z
,simulated,0,2026-02-24T02:35:01.263257355Z
,simulated,0,2026-02-24T02:36:01.279439079Z
,simulated,0,2026-02-24T02:37:01.29972707Z
,simulated,0,2026-02-24T02:38:01.323886266Z
,simulated,0,2026-02-24T02:39:01.348057264Z
,simulated,0,2026-02-24T02:40:01.364134255Z
,simulated,0,2026-02-24T02:41:01.655499561Z
,simulated,0,2026-02-24T02:42:01.414770295Z
,simulated,0,2026-02-24T02:43:01.429585276Z
,simulated,0,2026-02-24T02:44:01.446370606Z
,simulated,0,2026-02-24T02:45:01.456891444Z
,simulated,0,2026-02-24T02:46:01.47907934Z
,simulated,0,2026-02-24T02:47:01.500114838Z
,simulated,0,2026-02-24T02:48:01.527324727Z
,simulated,0,2026-02-24T02:49:01.530272121Z
,simulated,0,2026-02-24T02:50:01.547976031Z
,simulated,0,2026-02-24T02:51:01.564686779Z
,simulated,0,2026-02-24T02:52:01.576924219Z
,simulated,0,2026-02-24T02:53:01.592090818Z
,simulated,0,2026-02-24T02:54:01.612650607Z
,simulated,0,2026-02-24T02:55:01.647222769Z
,simulated,0,2026-02-24T02:56:01.659033555Z
,simulated,0,2026-02-24T02:57:01.664974466Z
,simulated,0,2026-02-24T02:58:01.675842054Z
,simulated,0,2026-02-24T02:59:01.692739813Z
,simulated,0,2026-02-24T03:00:01.704172508Z
,simulated,0,2026-02-24T03:01:01.724630798Z
,simulated,0,2026-02-24T03:02:01.743569797Z
,simulated,0,2026-02-24T03:03:01.755322933Z
,simulated,0,2026-02-24T03:04:01.782631172Z
,simulated,0,2026-02-24T03:05:01.789177602Z
,simulated,0,2026-02-24T03:06:01.804846242Z
,simulated,0,2026-02-24T03:07:01.831416785Z
,simulated,0,2026-02-24T03:08:01.855568936Z
,simulated,0,2026-02-24T03:09:01.863122897Z
,simulated,0,2026-02-24T03:10:01.89363299Z
,simulated,0,2026-02-24T03:11:01.901597229Z
,simulated,0,2026-02-24T03:12:01.92352654Z
,simulated,0,2026-02-24T03:13:01.948025139Z
,simulated,0,2026-02-24T03:14:01.963536939Z
,simulated,0,2026-02-24T03:15:01.977473975Z
,simulated,0,2026-02-24T03:16:01.984215068Z
,simulated,0,2026-02-24T03:17:01.989236686Z
,simulated,0,2026-02-24T03:18:02.005517139Z
,simulated,0,2026-02-24T03:19:02.012191939Z
,simulated,0,2026-02-24T03:20:02.033958696Z
,simulated,0,2026-02-24T03:21:02.048493361Z
,simulated,0,2026-02-24T03:22:02.070472675Z
,simulated,0,2026-02-24T03:23:02.086997843Z
,simulated,0,2026-02-24T03:24:02.105834599Z
,simulated,0,2026-02-24T03:25:02.127829177Z
,simulated,0,2026-02-24T03:26:02.148514648Z
,simulated,0,2026-02-24T03:27:02.159711223Z
,simulated,0,2026-02-24T03:28:02.169757742Z
,simulated,0,2026-02-24T03:29:02.184839469Z
,simulated,0,2026-02-24T03:30:02.200398931Z
,simulated,0,2026-02-24T03:31:02.214083402Z
,simulated,0,2026-02-24T03:32:02.229915328Z
,simulated,0,2026-02-24T03:33:02.25592762Z
,simulated,0,2026-02-24T03:34:02.270626503Z
,simulated,0,2026-02-24T03:35:02.280431401Z
,simulated,0,2026-02-24T03:36:02.301277889Z
,simulated,0,2026-02-24T03:37:02.31090387Z
,simulated,0,2026-02-24T03:38:02.331405059Z
,simulated,0,2026-02-24T03:39:02.339349609Z
,simulated,0,2026-02-24T03:40:02.35804822Z
,simulated,0,2026-02-24T03:41:02.364580089Z
,simulated,0,2026-02-24T03:42:02.388532894Z
,simulated,0,2026-02-24T03:43:02.40136661Z
,simulated,0,2026-02-24T03:44:02.413675501Z
,simulated,0,2026-02-24T03:45:02.430433923Z
,simulated,0,2026-02-24T03:46:02.434597707Z
,simulated,0,2026-02-24T03:47:02.447629751Z
,simulated,0,2026-02-24T03:48:02.479169754Z
,simulated,0,2026-02-24T03:49:02.489070752Z
,simulated,0,2026-02-24T03:50:02.496924928Z
,simulated,0,2026-02-24T03:51:02.504190248Z
,simulated,0,2026-02-24T03:52:02.51239428Z
,simulated,0,2026-02-24T03:53:02.533508822Z
,simulated,0,2026-02-24T03:54:02.542746295Z
,simulated,0,2026-02-24T03:55:02.546042586Z
,simulated,0,2026-02-24T03:56:02.549742471Z
,simulated,0,2026-02-24T03:57:02.56407815Z
,simulated,0,2026-02-24T03:58:02.587047673Z
,simulated,0,2026-02-24T03:59:02.59798342Z
,simulated,0,2026-02-24T04:00:02.612922685Z
,simulated,0,2026-02-24T04:01:02.637920097Z
,simulated,0,2026-02-24T04:02:02.639311084Z
,simulated,0,2026-02-24T04:03:02.654770328Z
,simulated,0,2026-02-24T04:04:02.660503703Z
,simulated,0,2026-02-24T04:05:02.68515677Z
,simulated,0,2026-02-24T04:06:02.688222868Z
,simulated,0,2026-02-24T04:07:02.70365921Z
,simulated,0,2026-02-24T04:08:02.727237223Z
,simulated,0,2026-02-24T04:09:02.739601036Z
,simulated,0,2026-02-24T04:10:02.755001751Z
,simulated,0,2026-02-24T04:11:02.77067533Z
,simulated,0,2026-02-24T04:12:02.787487356Z
,simulated,0,2026-02-24T04:13:02.795771167Z
,simulated,0,2026-02-24T04:14:02.81415976Z
,simulated,0,2026-02-24T04:15:02.82896848Z
,simulated,0,2026-02-24T04:16:02.84285977Z
,simulated,0,2026-02-24T04:17:02.856105998Z
,simulated,0,2026-02-24T04:18:02.869523226Z
,simulated,0,2026-02-24T04:19:02.879502949Z
,simulated,0,2026-02-24T04:20:02.894447525Z
,simulated,0,2026-02-24T04:21:02.907786898Z
,simulated,0,2026-02-24T04:22:02.920396855Z
,simulated,0,2026-02-24T04:23:02.935472611Z
,simulated,0,2026-02-24T04:24:02.943764575Z
,simulated,0,2026-02-24T04:25:02.958255696Z
,simulated,0,2026-02-24T04:26:02.971071044Z
,simulated,0,2026-02-24T04:27:02.969619925Z
,simulated,0,2026-02-24T04:28:02.983451722Z
,simulated,0,2026-02-24T04:29:02.995967289Z
,simulated,0,2026-02-24T04:30:03.012337371Z
,simulated,0,2026-02-24T04:31:03.021079819Z
,simulated,0,2026-02-24T04:32:03.035965511Z
,simulated,0,2026-02-24T04:33:03.038070749Z
,simulated,0,2026-02-24T04:34:03.053543367Z
,simulated,0,2026-02-24T04:35:03.06793895Z
,simulated,0,2026-02-24T04:36:03.073535839Z
,simulated,0,2026-02-24T04:37:03.080036733Z
,simulated,0,2026-02-24T04:38:03.082417918Z
,simulated,0,2026-02-24T04:39:03.096350705Z
,simulated,0,2026-02-24T04:40:03.110407248Z
,simulated,0,2026-02-24T04:41:03.127537425Z
,simulated,0,2026-02-24T04:42:03.136544619Z
,simulated,0,2026-02-24T04:43:03.145347819Z
,simulated,0,2026-02-24T04:44:03.156647539Z
,simulated,0,2026-02-24T04:45:03.166736091Z
,simulated,0,2026-02-24T04:46:03.177071037Z
,simulated,0,2026-02-24T04:47:03.180941702Z
,simulated,0,2026-02-24T04:48:03.194235685Z
,simulated,0,2026-02-24T04:49:03.206548125Z
,simulated,0,2026-02-24T04:50:03.220534112Z
,simulated,0,2026-02-24T04:51:03.229285731Z
,simulated,0,2026-02-24T04:52:03.232175236Z
,simulated,0,2026-02-24T04:53:03.240756534Z
,simulated,0,2026-02-24T04:54:03.253118397Z
,simulated,0,2026-02-24T04:55:03.267665806Z
,simulated,0,2026-02-24T04:56:03.281410885Z
,simulated,0,2026-02-24T04:57:03.279414627Z
,simulated,0,2026-02-24T04:58:03.279320916Z
,simulated,0,2026-02-24T04:59:03.292523513Z
,simulated,0,2026-02-24T05:00:03.300637239Z
,simulated,0,2026-02-24T05:01:03.310503781Z
,simulated,0,2026-02-24T05:03:03.659385692Z
,simulated,0,2026-02-24T05:04:03.680144068Z
,simulated,0,2026-02-24T05:05:03.70972014Z
,simulated,0,2026-02-24T05:06:03.739529908Z
,simulated,0,2026-02-24T05:07:03.754441101Z
,simulated,0,2026-02-24T05:08:03.781839531Z
,simulated,0,2026-02-24T05:09:03.786624372Z
,simulated,0,2026-02-24T05:10:03.815138878Z
,simulated,0,2026-02-24T05:11:03.839044537Z
,simulated,0,2026-02-24T05:12:03.846088142Z
,simulated,0,2026-02-24T05:13:03.86978791Z
,simulated,0,2026-02-24T05:14:03.879679375Z
,simulated,0,2026-02-24T05:15:03.911775374Z
,simulated,0,2026-02-24T05:16:03.937048403Z
,simulated,0,2026-02-24T05:17:03.963874555Z
,simulated,0,2026-02-24T05:18:03.983878625Z
,simulated,0,2026-02-24T05:19:04.004069879Z
,simulated,0,2026-02-24T05:20:04.057279628Z
,simulated,0,2026-02-24T05:21:04.051172483Z
,simulated,0,2026-02-24T05:22:04.069958817Z
,simulated,0,2026-02-24T05:23:04.096687396Z
,simulated,0,2026-02-24T05:24:04.129730829Z
,simulated,0,2026-02-24T05:25:04.158635335Z
,simulated,0,2026-02-24T05:26:04.195054099Z
,simulated,0,2026-02-24T05:27:04.205596606Z
,simulated,0,2026-02-24T05:28:04.235048412Z
,simulated,0,2026-02-24T05:29:04.261417064Z
,simulated,0,2026-02-24T05:30:04.287825837Z
,simulated,0,2026-02-24T05:31:04.319932456Z
,simulated,0,2026-02-24T05:32:04.320355635Z
,simulated,0,2026-02-24T05:33:04.34181444Z
,simulated,0,2026-02-24T05:34:04.360816007Z
,simulated,0,2026-02-24T05:35:04.384818886Z
,simulated,0,2026-02-24T05:36:04.414083979Z
,simulated,0,2026-02-24T05:37:04.423851996Z
,simulated,0,2026-02-24T05:38:04.444233693Z
,simulated,0,2026-02-24T05:39:04.455385102Z
,simulated,0,2026-02-24T05:40:04.471935501Z
,simulated,0,2026-02-24T05:41:04.498011604Z
,simulated,0,2026-02-24T05:42:04.519503812Z
,simulated,0,2026-02-24T05:43:04.53320953Z
,simulated,0,2026-02-24T05:44:04.555088137Z
,simulated,0,2026-02-24T05:45:04.577720397Z
,simulated,0,2026-02-24T05:46:04.595495718Z
,simulated,0,2026-02-24T05:47:04.613238198Z
,simulated,0,2026-02-24T05:48:04.643508127Z
,simulated,0,2026-02-24T05:49:04.662422378Z
,simulated,0,2026-02-24T05:50:04.687478047Z
,simulated,0,2026-02-24T05:51:04.713423776Z
,simulated,0,2026-02-24T05:52:04.736334496Z
,simulated,0,2026-02-24T05:53:04.741412275Z
,simulated,0,2026-02-24T05:54:04.766443147Z
,simulated,0,2026-02-24T05:55:04.791801127Z
,simulated,0,2026-02-24T05:56:04.799427656Z
,simulated,0,2026-02-24T05:57:04.829651268Z
,simulated,0,2026-02-24T05:58:04.851762141Z
,simulated,0,2026-02-24T05:59:04.877224418Z
,simulated,0,2026-02-24T06:00:04.899404959Z
,simulated,0,2026-02-24T06:01:04.931243218Z
,simulated,0,2026-02-24T06:02:04.936630979Z
,simulated,0,2026-02-24T06:03:04.953777931Z
,simulated,0,2026-02-24T06:04:04.977833124Z
,simulated,0,2026-02-24T06:05:05.006902105Z
,simulated,0,2026-02-24T06:06:05.024553128Z
,simulated,0,2026-02-24T06:07:05.027367538Z
,simulated,0,2026-02-24T06:08:05.048125349Z
,simulated,0,2026-02-24T06:09:05.065100641Z
,simulated,0,2026-02-24T06:10:05.091891942Z
,simulated,0,2026-02-24T06:11:05.116236258Z
,simulated,0,2026-02-24T06:12:05.154647715Z
,simulated,0,2026-02-24T06:13:05.172633798Z
,simulated,0,2026-02-24T06:14:05.189169174Z
,simulated,0,2026-02-24T06:15:05.21524191Z
,simulated,0,2026-02-24T06:16:05.243392412Z
,simulated,0,2026-02-24T06:17:05.243341492Z
,simulated,0,2026-02-24T06:18:05.269979587Z
,simulated,0,2026-02-24T06:19:05.287305833Z
,simulated,0,2026-02-24T06:20:05.313768881Z
,simulated,0,2026-02-24T06:21:05.335317243Z
,simulated,0,2026-02-24T06:22:05.3508502Z
,simulated,0,2026-02-24T06:23:05.348771546Z
,simulated,0,2026-02-24T06:24:05.371561841Z
,simulated,0,2026-02-24T06:25:05.396316202Z
,simulated,0,2026-02-24T06:26:05.406027311Z
,simulated,0,2026-02-24T06:27:05.427405467Z
,simulated,0,2026-02-24T06:28:05.451414692Z
,simulated,0,2026-02-24T06:29:05.464780051Z
,simulated,0,2026-02-24T06:30:05.487304598Z
,simulated,0,2026-02-24T06:31:05.50808239Z
,simulated,0,2026-02-24T06:32:05.543769843Z
,simulated,0,2026-02-24T06:33:05.552838591Z
,simulated,0,2026-02-24T06:34:05.57198559Z
,simulated,0,2026-02-24T06:35:05.590503738Z
,simulated,0,2026-02-24T06:36:05.599284414Z
,simulated,0,2026-02-24T06:37:05.618388991Z
,simulated,0,2026-02-24T06:38:05.639341575Z
,simulated,0,2026-02-24T06:39:05.659812918Z
,simulated,0,2026-02-24T06:40:05.679808198Z
,simulated,0,2026-02-24T06:41:05.70228018Z
,simulated,0,2026-02-24T06:42:05.723249937Z
,simulated,0,2026-02-24T06:43:05.75103892Z
,simulated,0,2026-02-24T06:44:05.768361407Z
,simulated,0,2026-02-24T06:45:05.788185739Z
,simulated,0,2026-02-24T06:46:05.79245285Z
,simulated,0,2026-02-24T06:47:05.818194523Z
,simulated,0,2026-02-24T06:48:05.834891411Z
,simulated,0,2026-02-24T06:49:05.860700605Z
,simulated,0,2026-02-24T06:50:05.880490155Z
,simulated,0,2026-02-24T06:51:05.896020685Z
,simulated,0,2026-02-24T06:52:05.915500074Z
,simulated,0,2026-02-24T06:53:05.924385525Z
,simulated,0,2026-02-24T06:54:05.947150675Z
,simulated,0,2026-02-24T06:55:05.965309236Z
,simulated,0,2026-02-24T06:56:05.98261723Z
,simulated,0,2026-02-24T06:57:06.006989773Z
,simulated,0,2026-02-24T06:58:06.022141586Z
,simulated,0,2026-02-24T06:59:06.046591186Z
,simulated,0,2026-02-24T07:00:06.06263015Z
,simulated,0,2026-02-24T07:01:06.067960582Z
,simulated,0,2026-02-24T07:02:06.088151937Z
,simulated,0,2026-02-24T07:03:06.105692507Z
,simulated,0,2026-02-24T07:04:06.121756121Z
,simulated,0,2026-02-24T07:05:06.153898918Z
,simulated,0,2026-02-24T07:06:06.157128406Z
,simulated,0,2026-02-24T07:07:06.179888252Z
,simulated,0,2026-02-24T07:08:06.195118439Z
,simulated,0,2026-02-24T07:09:06.201890508Z
,simulated,0,2026-02-24T07:10:06.220867648Z
,simulated,0,2026-02-24T07:11:06.227325318Z
,simulated,0,2026-02-24T07:12:06.24710585Z
,simulated,0,2026-02-24T07:13:06.247805045Z
,simulated,0,2026-02-24T07:14:06.252495711Z
,simulated,0,2026-02-24T07:15:06.267286698Z
,simulated,0,2026-02-24T07:16:06.287569794Z
,simulated,0,2026-02-24T07:17:06.292329617Z
,simulated,0,2026-02-24T07:18:06.312069089Z
,simulated,0,2026-02-24T07:19:06.317262192Z
,simulated,0,2026-02-24T07:20:06.334566313Z
,simulated,0,2026-02-24T07:21:06.355073196Z
,simulated,0,2026-02-24T07:22:06.368161024Z
,simulated,0,2026-02-24T07:23:06.37073027Z
,simulated,0,2026-02-24T07:24:06.373310158Z
,simulated,0,2026-02-24T07:25:06.397808806Z
,simulated,0,2026-02-24T07:26:06.416120565Z
,simulated,0,2026-02-24T07:27:06.431245864Z
,simulated,0,2026-02-24T07:28:06.443338599Z
,simulated,0,2026-02-24T07:29:06.464044237Z
,simulated,0,2026-02-24T07:30:06.468671794Z
,simulated,0,2026-02-24T07:31:06.485358922Z
,simulated,0,2026-02-24T07:32:06.501101166Z
,simulated,0,2026-02-24T07:33:06.519722288Z
,simulated,0,2026-02-24T07:34:06.526338558Z
,simulated,0,2026-02-24T07:35:06.547931413Z
,simulated,0,2026-02-24T07:36:06.55964064Z
,simulated,0,2026-02-24T07:37:06.574967092Z
,simulated,0,2026-02-24T07:38:06.57745107Z
,simulated,0,2026-02-24T07:39:06.595041818Z
,simulated,0,2026-02-24T07:40:06.614354075Z
,simulated,0,2026-02-24T07:41:06.634338743Z
,simulated,0,2026-02-24T07:42:06.650446291Z
,simulated,0,2026-02-24T07:43:06.665740075Z
,simulated,0,2026-02-24T07:44:06.671776583Z
,simulated,0,2026-02-24T07:45:06.695804765Z
,simulated,0,2026-02-24T07:46:06.690262702Z
,simulated,0,2026-02-24T07:47:06.709452185Z
,simulated,0,2026-02-24T07:48:06.725041296Z
,simulated,0,2026-02-24T07:49:06.73334215Z
,simulated,0,2026-02-24T07:50:06.75992499Z
,simulated,0,2026-02-24T07:51:06.765608775Z
,simulated,0,2026-02-24T07:52:06.782184665Z
,simulated,0,2026-02-24T07:53:06.792046083Z
,simulated,0,2026-02-24T07:54:06.789691495Z
,simulated,0,2026-02-24T07:55:06.801643719Z
,simulated,0,2026-02-24T07:56:06.806371538Z
,simulated,0,2026-02-24T07:57:06.816312885Z
,simulated,0,2026-02-24T07:58:06.830426508Z
,simulated,0,2026-02-24T07:59:06.842206879Z
,simulated,2,2026-02-24T08:00:06.855936285Z
,simulated,1,2026-02-24T08:01:06.866665683Z
,simulated,1,2026-02-24T08:02:06.88287447Z
,simulated,1,2026-02-24T08:03:06.903413554Z
,simulated,1,2026-02-24T08:04:06.900124176Z
,simulated,1,2026-02-24T08:05:06.913637433Z
,simulated,1,2026-02-24T08:06:06.951188121Z
,simulated,1,2026-02-24T08:07:06.945568231Z
,simulated,2,2026-02-24T08:08:06.966600321Z
,simulated,2,2026-02-24T08:09:06.971318287Z
,simulated,2,2026-02-24T08:10:06.977129195Z
,simulated,2,2026-02-24T08:11:06.990455504Z
,simulated,1,2026-02-24T08:12:06.993763059Z
,simulated,1,2026-02-24T08:13:07.006278907Z
,simulated,2,2026-02-24T08:14:07.014639755Z
,simulated,2,2026-02-24T08:15:07.023405305Z
,simulated,1,2026-02-24T08:16:07.039339936Z
,simulated,2,2026-02-24T08:17:07.041788151Z
,simulated,2,2026-02-24T08:18:07.05919972Z
,simulated,1,2026-02-24T08:19:07.07031553Z
,simulated,1,2026-02-24T08:20:07.144653989Z
,simulated,1,2026-02-24T08:21:07.089783123Z
,simulated,2,2026-02-24T08:22:07.102688582Z
,simulated,1,2026-02-24T08:23:07.11154219Z
,simulated,2,2026-02-24T08:24:07.122478693Z
,simulated,1,2026-02-24T08:25:07.140610519Z
,simulated,1,2026-02-24T08:26:07.150982814Z
,simulated,1,2026-02-24T08:27:07.159885386Z
,simulated,2,2026-02-24T08:28:07.163874556Z
,simulated,1,2026-02-24T08:29:07.17184609Z
,simulated,2,2026-02-24T08:30:07.196253026Z
,simulated,2,2026-02-24T08:31:07.19384857Z
,simulated,1,2026-02-24T08:32:07.208508369Z
,simulated,2,2026-02-24T08:33:07.235052951Z
,simulated,2,2026-02-24T08:34:07.226851107Z
,simulated,2,2026-02-24T08:35:07.233681275Z
,simulated,1,2026-02-24T08:36:07.251682324Z
,simulated,1,2026-02-24T08:37:07.257172346Z
,simulated,1,2026-02-24T08:38:07.273498556Z
,simulated,2,2026-02-24T08:39:07.283986606Z
,simulated,2,2026-02-24T08:40:07.293640549Z
,simulated,2,2026-02-24T08:41:07.306302187Z
,simulated,1,2026-02-24T08:42:07.318278602Z
,simulated,1,2026-02-24T08:43:07.331075832Z
,simulated,2,2026-02-24T08:44:07.335874214Z
,simulated,1,2026-02-24T08:45:07.34704814Z
,simulated,1,2026-02-24T08:46:07.347358625Z
,simulated,2,2026-02-24T08:47:07.355406601Z
,simulated,2,2026-02-24T08:48:07.360417044Z
,simulated,2,2026-02-24T08:49:07.366683311Z
,simulated,2,2026-02-24T08:50:07.379243768Z
,simulated,1,2026-02-24T08:51:07.389976172Z
,simulated,1,2026-02-24T08:52:07.399366811Z
,simulated,1,2026-02-24T08:53:07.414802876Z
,simulated,1,2026-02-24T08:54:07.431184156Z
,simulated,1,2026-02-24T08:55:07.439075455Z
,simulated,2,2026-02-24T08:56:07.450379231Z
,simulated,2,2026-02-24T08:57:07.455917418Z
,simulated,2,2026-02-24T08:58:07.455186202Z
,simulated,1,2026-02-24T08:59:07.468127097Z
,simulated,4,2026-02-24T09:00:07.473950111Z
,simulated,4,2026-02-24T09:01:07.482032659Z
,simulated,4,2026-02-24T09:02:07.492073195Z
,simulated,3,2026-02-24T09:03:07.495340429Z
,simulated,2,2026-02-24T09:04:07.495472471Z
,simulated,2,2026-02-24T09:05:07.501863518Z
,simulated,2,2026-02-24T09:06:07.51141452Z
,simulated,3,2026-02-24T09:07:07.517559647Z
,simulated,2,2026-02-24T09:08:07.531039762Z
,simulated,2,2026-02-24T09:09:07.540617174Z
,simulated,4,2026-02-24T09:10:07.546214121Z
,simulated,3,2026-02-24T09:11:07.559043857Z
,simulated,2,2026-02-24T09:12:07.559073632Z
,simulated,4,2026-02-24T09:13:07.567205359Z
,simulated,2,2026-02-24T09:14:07.575893041Z
,simulated,3,2026-02-24T09:15:07.585213021Z
,simulated,3,2026-02-24T09:16:07.594040132Z
,simulated,4,2026-02-24T09:17:07.603824346Z
,simulated,4,2026-02-24T09:18:07.61107951Z
,simulated,2,2026-02-24T09:19:07.6225634Z
,simulated,3,2026-02-24T09:20:07.635390194Z
,simulated,3,2026-02-24T09:21:07.64047559Z
,simulated,4,2026-02-24T09:22:07.646483175Z
,simulated,3,2026-02-24T09:23:07.661411504Z
,simulated,4,2026-02-24T09:24:07.659404735Z
,simulated,3,2026-02-24T09:25:07.661521305Z
,simulated,4,2026-02-24T09:26:07.669638489Z
,simulated,4,2026-02-24T09:27:07.67989569Z
,simulated,3,2026-02-24T09:28:07.686785932Z
,simulated,2,2026-02-24T09:29:07.688582574Z
,simulated,3,2026-02-24T09:30:07.693010303Z
,simulated,3,2026-02-24T09:31:07.695710301Z
,simulated,3,2026-02-24T09:32:07.702435727Z
,simulated,3,2026-02-24T09:33:07.702433497Z
,simulated,2,2026-02-24T09:34:07.710707803Z
,simulated,3,2026-02-24T09:35:07.71947034Z
,simulated,3,2026-02-24T09:36:07.729238808Z
,simulated,3,2026-02-24T09:37:07.729697249Z
,simulated,3,2026-02-24T09:38:07.735755757Z
,simulated,2,2026-02-24T09:39:07.7394405Z
,simulated,3,2026-02-24T09:40:07.743844398Z
,simulated,4,2026-02-24T09:41:07.748148006Z
,simulated,2,2026-02-24T09:42:07.754993641Z
,simulated,2,2026-02-24T09:43:07.770968825Z
,simulated,4,2026-02-24T09:44:07.763213694Z
,simulated,3,2026-02-24T09:45:07.782671498Z
,simulated,2,2026-02-24T09:46:07.773135491Z
,simulated,2,2026-02-24T09:47:07.777028128Z
,simulated,2,2026-02-24T09:48:07.783314612Z
,simulated,3,2026-02-24T09:49:07.789873616Z
,simulated,4,2026-02-24T09:50:07.795353819Z
,simulated,2,2026-02-24T09:51:07.801891602Z
,simulated,4,2026-02-24T09:52:07.810402037Z
,simulated,4,2026-02-24T09:53:07.81145254Z
,simulated,3,2026-02-24T09:54:07.815109189Z
,simulated,3,2026-02-24T09:55:07.824895403Z
,simulated,4,2026-02-24T09:56:07.829264338Z
,simulated,3,2026-02-24T09:57:07.831052116Z
,simulated,2,2026-02-24T09:58:07.831599784Z
,simulated,2,2026-02-24T09:59:07.83547226Z
,simulated,8,2026-02-24T10:00:07.839174247Z
,simulated,7,2026-02-24T10:01:07.84278572Z
,simulated,5,2026-02-24T10:02:07.846161479Z
,simulated,6,2026-02-24T10:03:07.854096006Z
,simulated,6,2026-02-24T10:04:07.857849223Z
,simulated,8,2026-02-24T10:05:07.85812524Z
,simulated,7,2026-02-24T10:06:07.862462171Z
,simulated,3,2026-02-24T10:07:07.866289762Z
,simulated,4,2026-02-24T10:08:07.870364382Z
,simulated,7,2026-02-24T10:09:07.874672596Z
,simulated,3,2026-02-24T10:10:07.87895926Z
,simulated,7,2026-02-24T10:11:07.88869762Z
,simulated,4,2026-02-24T10:12:07.88628558Z
,simulated,5,2026-02-24T10:13:07.891629356Z
,simulated,8,2026-02-24T10:14:07.894109063Z
,simulated,7,2026-02-24T10:15:07.897818864Z
,simulated,7,2026-02-24T10:16:07.898575102Z
,simulated,7,2026-02-24T10:17:07.897235317Z
,simulated,3,2026-02-24T10:18:07.900538584Z
,simulated,5,2026-02-24T10:19:07.901630031Z
,simulated,4,2026-02-24T10:20:07.904014152Z
,simulated,9,2026-02-24T10:21:07.927316892Z
,simulated,5,2026-02-24T10:22:07.913591234Z
,simulated,4,2026-02-24T10:23:07.929774223Z
,simulated,9,2026-02-24T10:24:07.915789102Z
,simulated,9,2026-02-24T10:25:07.920536047Z
,simulated,8,2026-02-24T10:26:07.927424762Z
,simulated,6,2026-02-24T10:27:07.927046056Z
,simulated,4,2026-02-24T10:28:07.931355241Z
,simulated,6,2026-02-24T10:29:07.927974707Z
,simulated,4,2026-02-24T10:30:07.927686435Z
,simulated,5,2026-02-24T10:31:07.931288865Z
,simulated,5,2026-02-24T10:32:07.93347589Z
,simulated,3,2026-02-24T10:33:07.931865351Z
,simulated,8,2026-02-24T10:34:07.931251945Z
,simulated,9,2026-02-24T10:35:07.943937195Z
,simulated,9,2026-02-24T10:36:07.933786185Z
,simulated,7,2026-02-24T10:37:07.934993508Z
,simulated,9,2026-02-24T10:38:07.946607857Z
,simulated,6,2026-02-24T10:39:07.938722721Z
,simulated,6,2026-02-24T10:40:07.93602483Z
,simulated,6,2026-02-24T10:41:07.936972874Z
,simulated,4,2026-02-24T10:42:07.937706366Z
,simulated,5,2026-02-24T10:43:07.943700117Z
,simulated,6,2026-02-24T10:44:07.943185525Z
,simulated,4,2026-02-24T10:45:07.942776943Z
,simulated,3,2026-02-24T10:46:07.938871464Z
,simulated,5,2026-02-24T10:47:07.939996878Z
,simulated,9,2026-02-24T10:48:07.938884141Z
,simulated,8,2026-02-24T10:49:07.96571273Z
,simulated,4,2026-02-24T10:50:07.988048799Z
,simulated,9,2026-02-24T10:51:08.019049345Z
,simulated,7,2026-02-24T10:52:08.038505579Z
,simulated,4,2026-02-24T10:53:08.066103211Z
,simulated,8,2026-02-24T10:54:08.090447829Z
,simulated,4,2026-02-24T10:55:08.12424056Z
,simulated,8,2026-02-24T10:56:08.152015286Z
,simulated,6,2026-02-24T10:57:08.17457981Z
,simulated,3,2026-02-24T10:58:08.216080024Z
,simulated,6,2026-02-24T10:59:08.231460192Z
,simulated,7,2026-02-24T11:00:08.259516528Z
,simulated,19,2026-02-24T11:01:08.28247475Z
,simulated,8,2026-02-24T11:02:08.309441289Z
,simulated,16,2026-02-24T11:03:08.339416928Z
,simulated,19,2026-02-24T11:04:08.368314208Z
,simulated,20,2026-02-24T11:05:08.393938318Z
,simulated,12,2026-02-24T11:06:08.422073038Z
,simulated,13,2026-02-24T11:07:08.451307617Z
,simulated,12,2026-02-24T11:08:08.473373251Z
,simulated,7,2026-02-24T11:09:08.496436995Z
,simulated,10,2026-02-24T11:10:08.508158836Z
,simulated,16,2026-02-24T11:11:08.534401765Z
,simulated,20,2026-02-24T11:12:08.546379258Z
,simulated,14,2026-02-24T11:13:08.575343959Z
,simulated,13,2026-02-24T11:14:08.599959407Z
,simulated,18,2026-02-24T11:15:08.627079982Z
,simulated,11,2026-02-24T11:16:08.647720319Z
,simulated,16,2026-02-24T11:17:08.668863112Z
,simulated,7,2026-02-24T11:18:08.694856895Z
,simulated,17,2026-02-24T11:19:08.72837426Z
,simulated,15,2026-02-24T11:20:08.751820778Z
,simulated,20,2026-02-24T11:21:08.776871569Z
,simulated,12,2026-02-24T11:22:08.800007413Z
,simulated,7,2026-02-24T11:23:08.827908497Z
,simulated,9,2026-02-24T11:24:08.830339478Z
,simulated,14,2026-02-24T11:25:08.855945179Z
,simulated,15,2026-02-24T11:26:08.894673528Z
,simulated,10,2026-02-24T11:27:08.890069497Z
,simulated,16,2026-02-24T11:28:08.904676985Z
,simulated,13,2026-02-24T11:29:08.92867805Z
,simulated,7,2026-02-24T11:30:08.946878458Z
,simulated,19,2026-02-24T11:31:08.979087385Z
,simulated,16,2026-02-24T11:32:09.014875499Z
,simulated,19,2026-02-24T11:33:09.02254487Z
,simulated,17,2026-02-24T11:34:09.029475615Z
,simulated,18,2026-02-24T11:35:09.07363075Z
,simulated,16,2026-02-24T11:36:09.078738511Z
,simulated,15,2026-02-24T11:37:09.094705305Z
,simulated,9,2026-02-24T11:38:09.097557778Z
,simulated,9,2026-02-24T11:39:09.116761025Z
,simulated,16,2026-02-24T11:40:09.151300474Z
,simulated,18,2026-02-24T11:41:09.155043181Z
,simulated,14,2026-02-24T11:42:09.17200774Z
,simulated,19,2026-02-24T11:43:09.193983721Z
,simulated,7,2026-02-24T11:44:09.219680001Z
,simulated,7,2026-02-24T11:45:09.242604587Z
,simulated,9,2026-02-24T11:46:09.262717836Z
,simulated,17,2026-02-24T11:47:09.278671088Z
,simulated,20,2026-02-24T11:48:09.303178699Z
,simulated,16,2026-02-24T11:49:09.315796543Z
,simulated,13,2026-02-24T11:50:09.343384894Z
,simulated,11,2026-02-24T11:51:09.362544194Z
,simulated,18,2026-02-24T11:52:09.38542696Z
,simulated,14,2026-02-24T11:53:09.40614116Z
,simulated,13,2026-02-24T11:54:09.441829495Z
,simulated,8,2026-02-24T11:55:09.454439056Z
,simulated,19,2026-02-24T11:56:09.473368052Z
,simulated,12,2026-02-24T11:57:09.492715729Z
,simulated,15,2026-02-24T11:58:09.515813519Z
,simulated,15,2026-02-24T11:59:09.531495617Z
,simulated,31,2026-02-24T12:00:09.557957629Z
,simulated,16,2026-02-24T12:01:09.569526499Z
,simulated,19,2026-02-24T12:02:09.595030397Z
,simulated,22,2026-02-24T12:03:09.613236182Z
,simulated,29,2026-02-24T12:04:09.645299266Z
,simulated,24,2026-02-24T12:05:09.647441311Z
,simulated,28,2026-02-24T12:06:09.66848025Z
,simulated,29,2026-02-24T12:07:09.688847588Z
,simulated,19,2026-02-24T12:08:09.714184929Z
,simulated,19,2026-02-24T12:09:09.730866913Z
,simulated,24,2026-02-24T12:10:09.753687334Z
,simulated,25,2026-02-24T12:11:09.777254195Z
,simulated,30,2026-02-24T12:12:09.794057234Z
,simulated,15,2026-02-24T12:13:09.81731729Z
,simulated,21,2026-02-24T12:14:09.822799765Z
,simulated,16,2026-02-24T12:15:09.854777589Z
,simulated,23,2026-02-24T12:16:09.863953797Z
,simulated,16,2026-02-24T12:17:09.877953592Z
,simulated,25,2026-02-24T12:18:09.898952996Z
,simulated,19,2026-02-24T12:19:09.910415885Z
,simulated,27,2026-02-24T12:20:09.923594955Z
,simulated,32,2026-02-24T12:21:09.942095233Z
,simulated,24,2026-02-24T12:22:09.963794592Z
,simulated,23,2026-02-24T12:23:09.987978126Z
,simulated,26,2026-02-24T12:24:09.993244813Z
,simulated,27,2026-02-24T12:25:10.018248387Z
,simulated,23,2026-02-24T12:26:10.038723214Z
,simulated,28,2026-02-24T12:27:10.051105563Z
,simulated,19,2026-02-24T12:28:10.058711848Z
,simulated,32,2026-02-24T12:29:10.077064255Z
,simulated,22,2026-02-24T12:30:10.095498671Z
,simulated,18,2026-02-24T12:31:10.126115918Z
,simulated,22,2026-02-24T12:32:10.13431063Z
,simulated,15,2026-02-24T12:33:10.155795507Z
,simulated,28,2026-02-24T12:34:10.166537902Z
,simulated,30,2026-02-24T12:35:10.181651811Z
,simulated,31,2026-02-24T12:36:10.198276955Z
,simulated,16,2026-02-24T12:37:10.201470827Z
,simulated,15,2026-02-24T12:38:10.22675304Z
,simulated,24,2026-02-24T12:39:10.235170845Z
,simulated,27,2026-02-24T12:40:10.247585701Z
,simulated,24,2026-02-24T12:41:10.254065089Z
,simulated,26,2026-02-24T12:42:10.286388034Z
,simulated,16,2026-02-24T12:43:10.281699148Z
,simulated,16,2026-02-24T12:44:10.299899107Z
,simulated,29,2026-02-24T12:45:10.319324219Z
,simulated,26,2026-02-24T12:46:10.361494938Z
,simulated,25,2026-02-24T12:47:10.357635898Z
,simulated,20,2026-02-24T12:48:10.364199936Z
,simulated,16,2026-02-24T12:49:10.371680574Z
,simulated,24,2026-02-24T12:50:10.387546367Z
,simulated,17,2026-02-24T12:51:10.402245319Z
,simulated,23,2026-02-24T12:52:10.416682846Z
,simulated,19,2026-02-24T12:53:10.430269421Z
,simulated,24,2026-02-24T12:54:10.45580778Z
,simulated,18,2026-02-24T12:55:10.46281848Z
,simulated,18,2026-02-24T12:56:10.468923496Z
,simulated,32,2026-02-24T12:57:10.491358828Z
,simulated,18,2026-02-24T12:58:10.575045547Z
,simulated,17,2026-02-24T12:59:10.514154111Z
,simulated,22,2026-02-24T13:00:10.535430394Z
,simulated,25,2026-02-24T13:01:10.546511084Z
,simulated,24,2026-02-24T13:02:10.567032756Z
,simulated,27,2026-02-24T13:03:10.5636415Z
,simulated,18,2026-02-24T13:04:10.580141391Z
,simulated,14,2026-02-24T13:05:10.583663814Z
,simulated,24,2026-02-24T13:06:10.598250466Z
,simulated,14,2026-02-24T13:07:10.611187717Z
,simulated,12,2026-02-24T13:08:10.638384596Z
,simulated,16,2026-02-24T13:09:10.651664142Z
,simulated,17,2026-02-24T13:10:10.664808065Z
,simulated,20,2026-02-24T13:11:10.67478044Z
,simulated,22,2026-02-24T13:12:10.686608145Z
,simulated,14,2026-02-24T13:13:10.698996234Z
,simulated,21,2026-02-24T13:14:10.714525934Z
,simulated,21,2026-02-24T13:15:10.735044233Z
,simulated,26,2026-02-24T13:16:10.747285875Z
,simulated,22,2026-02-24T13:17:10.759936124Z
,simulated,27,2026-02-24T13:18:10.769672113Z
,simulated,22,2026-02-24T13:19:10.773909113Z
,simulated,18,2026-02-24T13:20:10.788796957Z
,simulated,17,2026-02-24T13:21:10.796627721Z
,simulated,13,2026-02-24T13:22:10.809658975Z
,simulated,27,2026-02-24T13:23:10.834157337Z
,simulated,22,2026-02-24T13:24:10.831609661Z
,simulated,26,2026-02-24T13:25:10.845591741Z
,simulated,13,2026-02-24T13:26:10.846450439Z
,simulated,18,2026-02-24T13:27:10.855526731Z
,simulated,15,2026-02-24T13:28:10.871376322Z
,simulated,22,2026-02-24T13:29:10.874637048Z
,simulated,22,2026-02-24T13:30:10.899204314Z
,simulated,27,2026-02-24T13:31:10.898826723Z
,simulated,26,2026-02-24T13:32:10.913265285Z
,simulated,27,2026-02-24T13:33:10.930583355Z
,simulated,27,2026-02-24T13:34:10.945239677Z
,simulated,16,2026-02-24T13:35:10.954880245Z
,simulated,20,2026-02-24T13:36:10.975231727Z
,simulated,20,2026-02-24T13:37:10.97821742Z
,simulated,27,2026-02-24T13:38:10.980076949Z
,simulated,25,2026-02-24T13:39:10.991619074Z
,simulated,13,2026-02-24T13:40:11.004375657Z
,simulated,20,2026-02-24T13:41:11.016120704Z
,simulated,18,2026-02-24T13:42:11.027181627Z
,simulated,12,2026-02-24T13:43:11.040068383Z
,simulated,13,2026-02-24T13:44:11.054145415Z
,simulated,16,2026-02-24T13:45:11.062624662Z
,simulated,25,2026-02-24T13:46:11.067707316Z
,simulated,27,2026-02-24T13:47:11.080672057Z
,simulated,13,2026-02-24T13:48:11.085295509Z
,simulated,16,2026-02-24T13:49:11.095460077Z
,simulated,12,2026-02-24T13:50:11.113385419Z
,simulated,22,2026-02-24T13:51:11.118448238Z
,simulated,18,2026-02-24T13:52:11.13239003Z
,simulated,17,2026-02-24T13:53:11.140834115Z
,simulated,15,2026-02-24T13:54:11.157926816Z
,simulated,17,2026-02-24T13:55:11.164258123Z
,simulated,22,2026-02-24T13:56:11.169375291Z
,simulated,13,2026-02-24T13:57:11.177961456Z
,simulated,21,2026-02-24T13:58:11.184042992Z
,simulated,26,2026-02-24T13:59:11.192629511Z
,simulated,31,2026-02-24T14:00:11.201972817Z
,simulated,28,2026-02-24T14:01:11.210187456Z
,simulated,25,2026-02-24T14:02:11.211069795Z
,simulated,29,2026-02-24T14:03:11.213583583Z
,simulated,21,2026-02-24T14:04:11.219784816Z
,simulated,36,2026-02-24T14:05:11.230241037Z
,simulated,21,2026-02-24T14:06:11.239366747Z
,simulated,29,2026-02-24T14:07:11.249283165Z
,simulated,30,2026-02-24T14:08:11.25302994Z
,simulated,20,2026-02-24T14:09:11.262908326Z
,simulated,26,2026-02-24T14:10:11.280588276Z
,simulated,21,2026-02-24T14:11:11.279845727Z
,simulated,32,2026-02-24T14:12:11.287165225Z
,simulated,25,2026-02-24T14:13:11.286602888Z
,simulated,19,2026-02-24T14:14:11.307523282Z
,simulated,23,2026-02-24T14:15:11.300404556Z
,simulated,20,2026-02-24T14:16:11.309506809Z
,simulated,30,2026-02-24T14:17:11.316737922Z
,simulated,29,2026-02-24T14:18:11.324428457Z
,simulated,32,2026-02-24T14:19:11.343158541Z
,simulated,30,2026-02-24T14:20:11.331715517Z
,simulated,32,2026-02-24T14:21:11.337041491Z
,simulated,20,2026-02-24T14:22:11.339901888Z
,simulated,26,2026-02-24T14:23:11.347410503Z
,simulated,26,2026-02-24T14:24:11.348875602Z
,simulated,30,2026-02-24T14:25:11.355358874Z
,simulated,29,2026-02-24T14:26:11.365950268Z
,simulated,36,2026-02-24T14:27:11.374659321Z
,simulated,32,2026-02-24T14:28:11.373582027Z
,simulated,23,2026-02-24T14:29:11.378450281Z
,simulated,18,2026-02-24T14:30:11.378130525Z
,simulated,21,2026-02-24T14:31:11.387374546Z
,simulated,33,2026-02-24T14:32:11.386662638Z
,simulated,24,2026-02-24T14:33:11.389464177Z
,simulated,29,2026-02-24T14:34:11.392748144Z
,simulated,35,2026-02-24T14:35:11.39966413Z
,simulated,26,2026-02-24T14:36:11.398516655Z
,simulated,18,2026-02-24T14:37:11.405852344Z
,simulated,24,2026-02-24T14:38:11.406365927Z
,simulated,30,2026-02-24T14:39:11.412163792Z
,simulated,29,2026-02-24T14:40:11.419038593Z
,simulated,27,2026-02-24T14:41:11.419216416Z
,simulated,34,2026-02-24T14:42:11.423445629Z
,simulated,32,2026-02-24T14:43:11.428682995Z
,simulated,33,2026-02-24T14:44:11.432418737Z
,simulated,22,2026-02-24T14:45:11.455627581Z
,simulated,19,2026-02-24T14:46:11.438506553Z
,simulated,20,2026-02-24T14:47:11.442901245Z
,simulated,21,2026-02-24T14:48:11.447854436Z
,simulated,32,2026-02-24T14:49:11.455386989Z
,simulated,35,2026-02-24T14:50:11.455217964Z
,simulated,22,2026-02-24T14:51:11.454407047Z
,simulated,27,2026-02-24T14:52:11.466190821Z
,simulated,29,2026-02-24T14:53:11.463041255Z
,simulated,23,2026-02-24T14:54:11.471373995Z
,simulated,37,2026-02-24T14:55:11.4726653Z
,simulated,37,2026-02-24T14:56:11.475245448Z
,simulated,23,2026-02-24T14:57:11.475949082Z
,simulated,24,2026-02-24T14:58:11.47210481Z
,simulated,37,2026-02-24T14:59:11.477014467Z
,simulated,29,2026-02-24T15:00:11.476066146Z
,simulated,41,2026-02-24T15:01:11.47638816Z
,simulated,36,2026-02-24T15:02:11.479486987Z
,simulated,25,2026-02-24T15:03:11.479386741Z
,simulated,26,2026-02-24T15:04:11.481524502Z
,simulated,41,2026-02-24T15:05:11.48327994Z
,simulated,23,2026-02-24T15:06:11.484987297Z
,simulated,32,2026-02-24T15:07:11.487458782Z
,simulated,27,2026-02-24T15:08:11.491669075Z
,simulated,22,2026-02-24T15:09:11.489942088Z
,simulated,30,2026-02-24T15:10:11.491434983Z
,simulated,21,2026-02-24T15:11:11.491736037Z
,simulated,21,2026-02-24T15:12:11.49300953Z
,simulated,27,2026-02-24T15:13:11.492979373Z
,simulated,29,2026-02-24T15:14:11.493807082Z
,simulated,26,2026-02-24T15:15:11.499843086Z
,simulated,28,2026-02-24T15:16:11.496909561Z
,simulated,35,2026-02-24T15:17:11.498266988Z
,simulated,29,2026-02-24T15:18:11.501917549Z
,simulated,37,2026-02-24T15:19:11.500493609Z
,simulated,35,2026-02-24T15:20:11.499416995Z
,simulated,41,2026-02-24T15:21:11.518035942Z
,simulated,23,2026-02-24T15:22:11.529908718Z
,simulated,31,2026-02-24T15:23:11.544096362Z
,simulated,22,2026-02-24T15:24:11.572088381Z
,simulated,41,2026-02-24T15:25:11.596813408Z
,simulated,35,2026-02-24T15:26:11.622910715Z
,simulated,31,2026-02-24T15:27:11.653622237Z
,simulated,38,2026-02-24T15:28:11.68185927Z
,simulated,28,2026-02-24T15:29:11.709016419Z
,simulated,22,2026-02-24T15:30:11.727471238Z
,simulated,39,2026-02-24T15:31:11.75828411Z
,simulated,33,2026-02-24T15:32:11.783425649Z
,simulated,41,2026-02-24T15:33:11.809297097Z
,simulated,29,2026-02-24T15:34:11.833916096Z
,simulated,32,2026-02-24T15:35:11.859445878Z
,simulated,41,2026-02-24T15:36:11.873504451Z
,simulated,31,2026-02-24T15:37:11.899944703Z
,simulated,22,2026-02-24T15:38:11.932859415Z
,simulated,31,2026-02-24T15:39:11.971143899Z
,simulated,26,2026-02-24T15:40:11.997485025Z
,simulated,22,2026-02-24T15:41:11.975510538Z
,simulated,35,2026-02-24T15:42:12.002770853Z
,simulated,35,2026-02-24T15:43:12.006291792Z
,simulated,39,2026-02-24T15:44:12.033205258Z
,simulated,23,2026-02-24T15:45:12.037427049Z
,simulated,27,2026-02-24T15:46:12.060671842Z
,simulated,38,2026-02-24T15:47:12.063262471Z
,simulated,33,2026-02-24T15:48:12.09556089Z
,simulated,37,2026-02-24T15:49:12.114585676Z
,simulated,38,2026-02-24T15:50:12.119396949Z
,simulated,28,2026-02-24T15:51:12.127096816Z
,simulated,27,2026-02-24T15:52:12.151329293Z
,simulated,32,2026-02-24T15:53:12.177914818Z
,simulated,36,2026-02-24T15:54:12.202853696Z
,simulated,29,2026-02-24T15:55:12.232600861Z
,simulated,27,2026-02-24T15:56:12.255328532Z
,simulated,28,2026-02-24T15:57:12.278403988Z
,simulated,33,2026-02-24T15:58:12.302167168Z
,simulated,29,2026-02-24T15:59:12.330687211Z
,simulated,24,2026-02-24T16:00:12.355754402Z
,simulated,21,2026-02-24T16:01:12.383223656Z
,simulated,19,2026-02-24T16:02:12.401810047Z
,simulated,23,2026-02-24T16:03:12.429653404Z
,simulated,24,2026-02-24T16:04:12.453131777Z
,simulated,16,2026-02-24T16:05:12.476227692Z
,simulated,14,2026-02-24T16:06:12.505942099Z
,simulated,13,2026-02-24T16:07:12.52564195Z
,simulated,29,2026-02-24T16:08:12.561899517Z
,simulated,17,2026-02-24T16:09:12.573697097Z
,simulated,27,2026-02-24T16:10:12.596480331Z
,simulated,22,2026-02-24T16:11:12.622637844Z
,simulated,25,2026-02-24T16:12:12.63973905Z
,simulated,24,2026-02-24T16:13:12.666745054Z
,simulated,23,2026-02-24T16:14:12.684176286Z
,simulated,28,2026-02-24T16:15:12.712198287Z
,simulated,24,2026-02-24T16:16:12.733475579Z
,simulated,28,2026-02-24T16:17:12.737859347Z
,simulated,29,2026-02-24T16:18:12.772451525Z
,simulated,13,2026-02-24T16:19:12.790708364Z
,simulated,21,2026-02-24T16:20:12.814318438Z
,simulated,30,2026-02-24T16:21:12.838678679Z
,simulated,19,2026-02-24T16:22:12.867045647Z
,simulated,17,2026-02-24T16:23:12.86649384Z
,simulated,18,2026-02-24T16:24:12.891581203Z
,simulated,23,2026-02-24T16:25:12.898201369Z
,simulated,20,2026-02-24T16:26:12.903315522Z
,simulated,29,2026-02-24T16:27:12.915937133Z
,simulated,15,2026-02-24T16:28:12.930773773Z
,simulated,29,2026-02-24T16:29:12.952033253Z
,simulated,24,2026-02-24T16:30:12.976637349Z
,simulated,13,2026-02-24T16:31:12.996954399Z
,simulated,16,2026-02-24T16:32:13.027769126Z
,simulated,23,2026-02-24T16:33:13.027146303Z
,simulated,16,2026-02-24T16:34:13.04968866Z
,simulated,30,2026-02-24T16:35:13.070952419Z
,simulated,24,2026-02-24T16:36:13.089739103Z
,simulated,21,2026-02-24T16:37:13.116658065Z
,simulated,29,2026-02-24T16:38:13.135612503Z
,simulated,25,2026-02-24T16:39:13.149737981Z
,simulated,18,2026-02-24T16:40:13.167526552Z
,simulated,23,2026-02-24T16:41:13.187211063Z
,simulated,22,2026-02-24T16:42:13.189188177Z
,simulated,26,2026-02-24T16:43:13.203132121Z
,simulated,21,2026-02-24T16:44:13.224385916Z
,simulated,25,2026-02-24T16:45:13.247572296Z
,simulated,23,2026-02-24T16:46:13.269637154Z
,simulated,29,2026-02-24T16:47:13.292237835Z
,simulated,22,2026-02-24T16:48:13.316953949Z
,simulated,13,2026-02-24T16:49:13.341102866Z
,simulated,15,2026-02-24T16:50:13.363046767Z
,simulated,13,2026-02-24T16:51:13.385741412Z
,simulated,30,2026-02-24T16:52:13.404138826Z
,simulated,18,2026-02-24T16:53:13.422001741Z
,simulated,28,2026-02-24T16:54:13.442107538Z
,simulated,25,2026-02-24T16:55:13.463241222Z
,simulated,22,2026-02-24T16:56:13.48234605Z
,simulated,23,2026-02-24T16:57:13.510113729Z
,simulated,24,2026-02-24T16:58:13.514950755Z
,simulated,20,2026-02-24T16:59:13.536081021Z
,simulated,17,2026-02-24T17:00:13.561085087Z
,simulated,15,2026-02-24T17:01:13.577113293Z
,simulated,19,2026-02-24T17:02:13.601405917Z
,simulated,16,2026-02-24T17:03:13.604934729Z
,simulated,18,2026-02-24T17:04:13.615328296Z
,simulated,15,2026-02-24T17:05:13.636541272Z
,simulated,12,2026-02-24T17:06:13.657363354Z
,simulated,17,2026-02-24T17:07:13.67786725Z
,simulated,10,2026-02-24T17:08:13.700330532Z
,simulated,8,2026-02-24T17:09:13.720896279Z
,simulated,9,2026-02-24T17:10:13.7461615Z
,simulated,20,2026-02-24T17:11:13.79460107Z
,simulated,9,2026-02-24T17:12:13.787887404Z
,simulated,9,2026-02-24T17:13:13.809244996Z
,simulated,8,2026-02-24T17:14:13.830351717Z
,simulated,19,2026-02-24T17:15:13.833286161Z
,simulated,9,2026-02-24T17:16:13.855423288Z
,simulated,9,2026-02-24T17:17:13.871397877Z
,simulated,10,2026-02-24T17:18:13.884729943Z
,simulated,11,2026-02-24T17:19:13.904577301Z
,simulated,9,2026-02-24T17:20:13.925704761Z
,simulated,11,2026-02-24T17:21:13.943563305Z
,simulated,12,2026-02-24T17:22:13.966124745Z
,simulated,17,2026-02-24T17:23:13.973995789Z
,simulated,15,2026-02-24T17:24:13.986932859Z
,simulated,11,2026-02-24T17:25:13.993218503Z
,simulated,8,2026-02-24T17:26:14.000705105Z
,simulated,21,2026-02-24T17:27:14.00505855Z
,simulated,19,2026-02-24T17:28:14.023164512Z
,simulated,10,2026-02-24T17:29:14.044927942Z
,simulated,12,2026-02-24T17:30:14.064028783Z
,simulated,16,2026-02-24T17:31:14.083583137Z
,simulated,21,2026-02-24T17:32:14.103327443Z
,simulated,19,2026-02-24T17:33:14.128630575Z
,simulated,15,2026-02-24T17:34:14.147112189Z
,simulated,8,2026-02-24T17:35:14.162199875Z
,simulated,13,2026-02-24T17:36:14.182227239Z
,simulated,10,2026-02-24T17:37:14.198986506Z
,simulated,11,2026-02-24T17:38:14.223269196Z
,simulated,16,2026-02-24T17:39:14.236679133Z
,simulated,12,2026-02-24T17:40:14.258241642Z
,simulated,10,2026-02-24T17:41:14.277202243Z
,simulated,16,2026-02-24T17:42:14.290331651Z
,simulated,11,2026-02-24T17:43:14.301454978Z
,simulated,18,2026-02-24T17:44:14.321693136Z
,simulated,13,2026-02-24T17:45:14.339747598Z
,simulated,18,2026-02-24T17:46:14.359878623Z
,simulated,8,2026-02-24T17:47:14.37417197Z
,simulated,12,2026-02-24T17:48:14.391526425Z
,simulated,8,2026-02-24T17:49:14.409521801Z
,simulated,16,2026-02-24T17:50:14.428274288Z
,simulated,13,2026-02-24T17:51:14.442292509Z
,simulated,13,2026-02-24T17:52:14.452375625Z
,simulated,12,2026-02-24T17:53:14.467165572Z
,simulated,16,2026-02-24T17:54:14.473537541Z
,simulated,17,2026-02-24T17:55:14.493461514Z
,simulated,9,2026-02-24T17:56:14.507695336Z
,simulated,16,2026-02-24T17:57:14.527778383Z
,simulated,20,2026-02-24T17:58:14.546927337Z
,simulated,12,2026-02-24T17:59:14.562700486Z
,simulated,9,2026-02-24T18:00:14.580267456Z
,simulated,14,2026-02-24T18:01:14.594255632Z
,simulated,9,2026-02-24T18:02:14.611098756Z
,simulated,15,2026-02-24T18:03:14.625941711Z
,simulated,9,2026-02-24T18:04:14.646838433Z
,simulated,10,2026-02-24T18:05:14.660420229Z
,simulated,11,2026-02-24T18:06:14.677672131Z
,simulated,8,2026-02-24T18:07:14.689841142Z
,simulated,14,2026-02-24T18:08:14.70224667Z
,simulated,14,2026-02-24T18:09:14.721126492Z
,simulated,14,2026-02-24T18:10:14.731588133Z
,simulated,13,2026-02-24T18:11:14.74749291Z
,simulated,14,2026-02-24T18:12:14.754194475Z
,simulated,13,2026-02-24T18:13:14.775088493Z
,simulated,14,2026-02-24T18:14:14.779044296Z
,simulated,15,2026-02-24T18:15:14.794243392Z
,simulated,13,2026-02-24T18:16:14.806409269Z
,simulated,15,2026-02-24T18:17:14.830082657Z
,simulated,12,2026-02-24T18:18:14.838846255Z
,simulated,9,2026-02-24T18:19:14.859186911Z
,simulated,12,2026-02-24T18:20:14.873055019Z
,simulated,14,2026-02-24T18:21:14.88575437Z
,simulated,14,2026-02-24T18:22:14.90318283Z
,simulated,14,2026-02-24T18:23:14.91536042Z
,simulated,14,2026-02-24T18:24:14.937168735Z
,simulated,9,2026-02-24T18:25:14.942917284Z
,simulated,12,2026-02-24T18:26:14.962555062Z
,simulated,12,2026-02-24T18:27:14.971628907Z
,simulated,13,2026-02-24T18:28:14.986334376Z
,simulated,10,2026-02-24T18:29:14.996816653Z
,simulated,13,2026-02-24T18:30:15.013104851Z
,simulated,11,2026-02-24T18:31:15.026773245Z
,simulated,15,2026-02-24T18:32:15.037232445Z
,simulated,15,2026-02-24T18:33:15.051373003Z
,simulated,11,2026-02-24T18:34:15.056620515Z
,simulated,9,2026-02-24T18:35:15.069872743Z
,simulated,11,2026-02-24T18:36:15.085729731Z
,simulated,11,2026-02-24T18:37:15.095484788Z
,simulated,12,2026-02-24T18:38:15.097363316Z
,simulated,14,2026-02-24T18:39:15.11161098Z
,simulated,10,2026-02-24T18:40:15.1248061Z
,simulated,8,2026-02-24T18:41:15.131228044Z
,simulated,11,2026-02-24T18:42:15.14959454Z
,simulated,8,2026-02-24T18:43:15.151471426Z
,simulated,9,2026-02-24T18:44:15.15537702Z
,simulated,11,2026-02-24T18:45:15.168321259Z
,simulated,10,2026-02-24T18:46:15.182759975Z
,simulated,11,2026-02-24T18:47:15.189222724Z
,simulated,12,2026-02-24T18:48:15.201091541Z
,simulated,12,2026-02-24T18:49:15.215093827Z
,simulated,13,2026-02-24T18:50:15.230036173Z
,simulated,9,2026-02-24T18:51:15.238961571Z
,simulated,14,2026-02-24T18:52:15.259049575Z
,simulated,11,2026-02-24T18:53:15.265952015Z
,simulated,13,2026-02-24T18:54:15.27992267Z
,simulated,15,2026-02-24T18:55:15.295867222Z
,simulated,9,2026-02-24T18:56:15.306294475Z
,simulated,10,2026-02-24T18:57:15.317046988Z
,simulated,10,2026-02-24T18:58:15.318910972Z
,simulated,12,2026-02-24T18:59:15.333635564Z
,simulated,8,2026-02-24T19:00:15.348521213Z
,simulated,5,2026-02-24T19:01:15.36317089Z
,simulated,7,2026-02-24T19:02:15.37255603Z
,simulated,10,2026-02-24T19:03:15.385695528Z
,simulated,10,2026-02-24T19:04:15.391997829Z
,simulated,11,2026-02-24T19:05:15.406771118Z
,simulated,4,2026-02-24T19:06:15.419222669Z
,simulated,7,2026-02-24T19:07:15.428784271Z
,simulated,10,2026-02-24T19:08:15.436876593Z
,simulated,7,2026-02-24T19:09:15.449951267Z
,simulated,4,2026-02-24T19:10:15.465878684Z
,simulated,8,2026-02-24T19:11:15.473212279Z
,simulated,10,2026-02-24T19:12:15.486388338Z
,simulated,10,2026-02-24T19:13:15.497409408Z
,simulated,9,2026-02-24T19:14:15.509518686Z
,simulated,5,2026-02-24T19:15:15.518643029Z
,simulated,4,2026-02-24T19:16:15.531419664Z
,simulated,11,2026-02-24T19:17:15.543075955Z
,simulated,9,2026-02-24T19:18:15.565349034Z
,simulated,6,2026-02-24T19:19:15.554483749Z
,simulated,4,2026-02-24T19:20:15.569583295Z
,simulated,6,2026-02-24T19:21:15.578471567Z
,simulated,10,2026-02-24T19:22:15.586239967Z
,simulated,11,2026-02-24T19:23:15.59596765Z
,simulated,7,2026-02-24T19:24:15.59683755Z
,simulated,8,2026-02-24T19:25:15.606219201Z
,simulated,5,2026-02-24T19:26:15.637840788Z
,simulated,4,2026-02-24T19:27:15.626970555Z
,simulated,8,2026-02-24T19:28:15.639300903Z
,simulated,11,2026-02-24T19:29:15.644308998Z
,simulated,6,2026-02-24T19:30:15.655736494Z
,simulated,4,2026-02-24T19:31:15.65550727Z
,simulated,9,2026-02-24T19:32:15.664371657Z
,simulated,9,2026-02-24T19:33:15.668836543Z
,simulated,9,2026-02-24T19:34:15.678603665Z
,simulated,10,2026-02-24T19:35:15.680565873Z
,simulated,6,2026-02-24T19:36:15.691400991Z
,simulated,4,2026-02-24T19:37:15.696932641Z
,simulated,7,2026-02-24T19:38:15.713362905Z
,simulated,6,2026-02-24T19:39:15.713996519Z
,simulated,5,2026-02-24T19:40:15.721156952Z
,simulated,6,2026-02-24T19:41:15.734815054Z
,simulated,6,2026-02-24T19:42:15.730876876Z
,simulated,4,2026-02-24T19:43:15.73279126Z
,simulated,5,2026-02-24T19:44:15.747386749Z
,simulated,4,2026-02-24T19:45:15.750621967Z
,simulated,4,2026-02-24T19:46:15.759247282Z
,simulated,8,2026-02-24T19:47:15.76743292Z
,simulated,6,2026-02-24T19:48:15.772133964Z
,simulated,8,2026-02-24T19:49:15.776814039Z
,simulated,6,2026-02-24T19:50:15.795554257Z
,simulated,6,2026-02-24T19:51:15.793076591Z
,simulated,8,2026-02-24T19:52:15.806633233Z
,simulated,6,2026-02-24T19:53:15.809784827Z
,simulated,8,2026-02-24T19:54:15.819132171Z
,simulated,8,2026-02-24T19:55:15.827138472Z
,simulated,7,2026-02-24T19:56:15.827596331Z
,simulated,6,2026-02-24T19:57:15.832981083Z
,simulated,9,2026-02-24T19:58:15.838916371Z
,simulated,8,2026-02-24T19:59:15.843373469Z
,simulated,8,2026-02-24T20:00:15.845777812Z
,simulated,7,2026-02-24T20:01:15.855142403Z
,simulated,8,2026-02-24T20:02:15.858420983Z
,simulated,6,2026-02-24T20:03:15.861334463Z
,simulated,7,2026-02-24T20:04:15.863154395Z
,simulated,5,2026-02-24T20:05:15.869903648Z
,simulated,8,2026-02-24T20:06:15.874607699Z
,simulated,10,2026-02-24T20:07:15.879081093Z
,simulated,8,2026-02-24T20:08:15.880593574Z
,simulated,10,2026-02-24T20:09:15.888781638Z
,simulated,9,2026-02-24T20:10:15.893859982Z
,simulated,10,2026-02-24T20:11:15.891081756Z
,simulated,6,2026-02-24T20:12:15.894076627Z
,simulated,9,2026-02-24T20:13:15.90013005Z
,simulated,8,2026-02-24T20:14:15.905805363Z
,simulated,7,2026-02-24T20:15:15.921582796Z
,simulated,6,2026-02-24T20:16:15.920260726Z
,simulated,6,2026-02-24T20:17:15.92787898Z
,simulated,6,2026-02-24T20:18:15.934491233Z
,simulated,5,2026-02-24T20:19:15.928932477Z
,simulated,7,2026-02-24T20:20:15.940287842Z
,simulated,6,2026-02-24T20:21:15.939288345Z
,simulated,9,2026-02-24T20:22:15.945661194Z
,simulated,8,2026-02-24T20:23:15.951500342Z
,simulated,7,2026-02-24T20:24:15.956859944Z
,simulated,10,2026-02-24T20:25:15.960967227Z
,simulated,8,2026-02-24T20:26:15.968258443Z
,simulated,10,2026-02-24T20:27:15.971184045Z
,simulated,10,2026-02-24T20:28:15.974626208Z
,simulated,8,2026-02-24T20:29:15.979097526Z
,simulated,7,2026-02-24T20:30:15.983528621Z
,simulated,7,2026-02-24T20:31:15.98620165Z
,simulated,10,2026-02-24T20:32:15.990572227Z
,simulated,8,2026-02-24T20:33:15.99119762Z
,simulated,10,2026-02-24T20:34:15.995655369Z
,simulated,8,2026-02-24T20:35:15.999248038Z
,simulated,9,2026-02-24T20:36:15.997482446Z
,simulated,7,2026-02-24T20:37:16.001459441Z
,simulated,9,2026-02-24T20:38:16.002142663Z
,simulated,5,2026-02-24T20:39:16.007590007Z
,simulated,8,2026-02-24T20:40:16.004963107Z
,simulated,5,2026-02-24T20:41:16.009617167Z
,simulated,8,2026-02-24T20:42:16.011097842Z
,simulated,10,2026-02-24T20:43:16.01275125Z
,simulated,9,2026-02-24T20:44:16.01880718Z
,simulated,6,2026-02-24T20:45:16.017923382Z
,simulated,5,2026-02-24T20:46:16.022028771Z
,simulated,8,2026-02-24T20:47:16.022635967Z
,simulated,9,2026-02-24T20:48:16.024496612Z
,simulated,9,2026-02-24T20:49:16.026804872Z
,simulated,8,2026-02-24T20:50:16.031892163Z
,simulated,6,2026-02-24T20:51:16.034876216Z
,simulated,7,2026-02-24T20:52:16.043424199Z
,simulated,7,2026-02-24T20:53:16.033997329Z
,simulated,6,2026-02-24T20:54:16.037249392Z
,simulated,9,2026-02-24T20:55:16.043126847Z
,simulated,10,2026-02-24T20:56:16.03918335Z
,simulated,8,2026-02-24T20:57:16.041294182Z
,simulated,9,2026-02-24T20:58:16.047529171Z
,simulated,8,2026-02-24T20:59:16.06576602Z
,simulated,6,2026-02-24T21:00:16.074992712Z
,simulated,5,2026-02-24T21:01:16.050503692Z
,simulated,4,2026-02-24T21:02:16.054385037Z
,simulated,3,2026-02-24T21:03:16.054156951Z
,simulated,7,2026-02-24T21:04:16.054599701Z
,simulated,4,2026-02-24T21:05:16.058375125Z
,simulated,4,2026-02-24T21:06:16.053440659Z
,simulated,3,2026-02-24T21:07:16.056457Z
,simulated,5,2026-02-24T21:08:16.059226531Z
,simulated,5,2026-02-24T21:09:16.051783235Z
,simulated,7,2026-02-24T21:10:16.052285719Z
,simulated,3,2026-02-24T21:11:16.061645539Z
,simulated,5,2026-02-24T21:12:16.087667824Z
,simulated,4,2026-02-24T21:13:16.115896211Z
,simulated,4,2026-02-24T21:14:16.147036406Z
,simulated,4,2026-02-24T21:15:16.161581262Z
,simulated,7,2026-02-24T21:16:16.191429321Z
,simulated,7,2026-02-24T21:17:16.210923706Z
,simulated,4,2026-02-24T21:18:16.243382044Z
,simulated,6,2026-02-24T21:19:16.273162347Z
,simulated,7,2026-02-24T21:20:16.294003267Z
,simulated,4,2026-02-24T21:21:16.324515051Z
,simulated,3,2026-02-24T21:22:16.344053045Z
,simulated,6,2026-02-24T21:23:16.370878991Z
,simulated,6,2026-02-24T21:24:16.395243757Z
,simulated,3,2026-02-24T21:25:16.424257494Z
,simulated,6,2026-02-24T21:26:16.453706211Z
,simulated,3,2026-02-24T21:27:16.481951139Z
,simulated,6,2026-02-24T21:28:16.510555443Z
,simulated,5,2026-02-24T21:29:16.538247409Z
,simulated,7,2026-02-24T21:30:16.562428839Z
,simulated,7,2026-02-24T21:31:16.58453197Z
,simulated,7,2026-02-24T21:32:16.610966749Z
,simulated,7,2026-02-24T21:33:16.639474384Z
,simulated,3,2026-02-24T21:34:16.667121349Z
,simulated,5,2026-02-24T21:35:16.692454568Z
,simulated,6,2026-02-24T21:36:16.703078415Z
,simulated,4,2026-02-24T21:37:16.716724262Z
,simulated,3,2026-02-24T21:38:16.739452585Z
,simulated,6,2026-02-24T21:39:16.763320619Z
,simulated,3,2026-02-24T21:40:16.789889603Z
,simulated,3,2026-02-24T21:41:16.816035024Z
,simulated,6,2026-02-24T21:42:16.849608484Z
,simulated,5,2026-02-24T21:43:16.86821988Z
,simulated,4,2026-02-24T21:44:16.866927986Z
,simulated,5,2026-02-24T21:45:16.879809729Z
,simulated,4,2026-02-24T21:46:16.905027673Z
,simulated,6,2026-02-24T21:47:16.928440648Z
,simulated,7,2026-02-24T21:48:16.949707665Z
,simulated,3,2026-02-24T21:49:16.972945119Z
,simulated,3,2026-02-24T21:50:16.994913386Z
,simulated,4,2026-02-24T21:51:17.018413437Z
,simulated,5,2026-02-24T21:52:17.041409623Z
,simulated,3,2026-02-24T21:53:17.066437888Z
,simulated,6,2026-02-24T21:54:17.094023362Z
,simulated,3,2026-02-24T21:55:17.116002107Z
,simulated,6,2026-02-24T21:56:17.141629783Z
,simulated,4,2026-02-24T21:57:17.150924175Z
,simulated,4,2026-02-24T21:58:17.165355102Z
,simulated,6,2026-02-24T21:59:17.173713367Z
,simulated,5,2026-02-24T22:00:17.191124825Z
,simulated,5,2026-02-24T22:01:17.214466432Z
,simulated,5,2026-02-24T22:02:17.23898434Z
,simulated,3,2026-02-24T22:03:17.263849233Z
,simulated,3,2026-02-24T22:04:17.283638559Z
,simulated,5,2026-02-24T22:05:17.289062955Z
,simulated,5,2026-02-24T22:06:17.312679989Z
,simulated,6,2026-02-24T22:07:17.337943851Z
,simulated,6,2026-02-24T22:08:17.358410334Z
,simulated,4,2026-02-24T22:09:17.381776679Z
,simulated,3,2026-02-24T22:10:17.407711577Z
,simulated,7,2026-02-24T22:11:17.431643075Z
,simulated,5,2026-02-24T22:12:17.435808398Z
,simulated,3,2026-02-24T22:13:17.451266934Z
,simulated,4,2026-02-24T22:14:17.474415746Z
,simulated,5,2026-02-24T22:15:17.497765765Z
,simulated,3,2026-02-24T22:16:17.521957393Z
,simulated,5,2026-02-24T22:17:17.535718798Z
,simulated,7,2026-02-24T22:18:17.580102439Z
,simulated,7,2026-02-24T22:19:17.579443523Z
,simulated,3,2026-02-24T22:20:17.593342645Z
,simulated,4,2026-02-24T22:21:17.614275677Z
,simulated,6,2026-02-24T22:22:17.633368912Z
,simulated,4,2026-02-24T22:23:17.653675367Z
,simulated,3,2026-02-24T22:24:17.67464624Z
,simulated,6,2026-02-24T22:25:17.697835242Z
,simulated,4,2026-02-24T22:26:17.714781904Z
,simulated,6,2026-02-24T22:27:17.730960275Z
,simulated,7,2026-02-24T22:28:17.75175595Z
,simulated,3,2026-02-24T22:29:17.77089828Z
,simulated,5,2026-02-24T22:30:17.794274268Z
,simulated,7,2026-02-24T22:31:17.815635078Z
,simulated,6,2026-02-24T22:32:17.829041167Z
,simulated,5,2026-02-24T22:33:17.847775891Z
,simulated,6,2026-02-24T22:34:17.868143313Z
,simulated,4,2026-02-24T22:35:17.889299695Z
,simulated,4,2026-02-24T22:36:17.908643428Z
,simulated,6,2026-02-24T22:37:17.924403823Z
,simulated,6,2026-02-24T22:38:17.92578141Z
,simulated,5,2026-02-24T22:39:17.942598569Z
,simulated,4,2026-02-24T22:40:17.959491179Z
,simulated,6,2026-02-24T22:41:17.975128291Z
,simulated,3,2026-02-24T22:42:17.989412838Z
,simulated,7,2026-02-24T22:43:18.00898954Z
,simulated,6,2026-02-24T22:44:18.019063602Z
,simulated,4,2026-02-24T22:45:18.036671532Z
,simulated,3,2026-02-24T22:46:18.048811766Z
,simulated,3,2026-02-24T22:47:18.065030984Z
,simulated,5,2026-02-24T22:48:18.083293733Z
,simulated,7,2026-02-24T22:49:18.104568471Z
,simulated,6,2026-02-24T22:50:18.121300069Z
,simulated,4,2026-02-24T22:51:18.137618996Z
,simulated,6,2026-02-24T22:52:18.152567538Z
,simulated,7,2026-02-24T22:53:18.169929791Z
,simulated,4,2026-02-24T22:54:18.186006082Z
,simulated,7,2026-02-24T22:55:18.203277066Z
,simulated,4,2026-02-24T22:56:18.222141818Z
,simulated,7,2026-02-24T22:57:18.235619294Z
,simulated,5,2026-02-24T22:58:18.253447218Z
,simulated,6,2026-02-24T22:59:18.274585193Z
,simulated,3,2026-02-24T23:00:18.290187943Z
,simulated,3,2026-02-24T23:01:18.306188724Z
,simulated,6,2026-02-24T23:02:18.314441936Z
,simulated,4,2026-02-24T23:03:18.33411099Z
,simulated,4,2026-02-24T23:04:18.349987569Z
,simulated,5,2026-02-24T23:05:18.373244897Z
,simulated,3,2026-02-24T23:06:18.38515967Z
,simulated,5,2026-02-24T23:07:18.400078261Z
,simulated,4,2026-02-24T23:08:18.414887571Z
,simulated,5,2026-02-24T23:09:18.431366635Z
,simulated,3,2026-02-24T23:10:18.441647325Z
,simulated,3,2026-02-24T23:11:18.456957021Z
,simulated,4,2026-02-24T23:12:18.473372277Z
,simulated,7,2026-02-24T23:13:18.491600597Z
,simulated,5,2026-02-24T23:14:18.495803325Z
,simulated,6,2026-02-24T23:15:18.514614758Z
,simulated,7,2026-02-24T23:16:18.529228869Z
,simulated,4,2026-02-24T23:17:18.546346262Z
,simulated,3,2026-02-24T23:18:18.562455003Z
,simulated,7,2026-02-24T23:19:18.579578655Z
,simulated,6,2026-02-24T23:20:18.594330975Z
,simulated,3,2026-02-24T23:21:18.611297394Z
,simulated,5,2026-02-24T23:22:18.617057803Z
,simulated,4,2026-02-24T23:23:18.635632192Z
,simulated,7,2026-02-24T23:24:18.647174263Z
,simulated,4,2026-02-24T23:25:18.660634038Z
,simulated,7,2026-02-24T23:26:18.674967718Z
,simulated,7,2026-02-24T23:27:18.690273374Z
,simulated,4,2026-02-24T23:28:18.704474708Z
,simulated,6,2026-02-24T23:29:18.721684246Z
,simulated,6,2026-02-24T23:30:18.734419281Z
,simulated,7,2026-02-24T23:31:18.749499766Z
,simulated,6,2026-02-24T23:32:18.765459368Z
,simulated,3,2026-02-24T23:33:18.771331362Z
,simulated,6,2026-02-24T23:34:18.786156242Z
,simulated,7,2026-02-24T23:35:18.790589284Z
,simulated,3,2026-02-24T23:36:18.792147643Z
,simulated,4,2026-02-24T23:37:18.808577811Z
,simulated,5,2026-02-24T23:38:18.805429194Z
,simulated,5,2026-02-24T23:39:18.817151952Z
,simulated,6,2026-02-24T23:40:18.824876509Z
,simulated,6,2026-02-24T23:41:18.840311729Z
,simulated,3,2026-02-24T23:42:18.850370846Z
,simulated,5,2026-02-24T23:43:18.856331999Z
,simulated,7,2026-02-24T23:44:18.869581518Z
,simulated,6,2026-02-24T23:45:18.883961052Z
,simulated,3,2026-02-24T23:46:18.89653785Z
,simulated,5,2026-02-24T23:47:18.909632459Z
,simulated,3,2026-02-24T23:48:18.918159627Z
,simulated,4,2026-02-24T23:49:18.930877807Z
,simulated,7,2026-02-24T23:50:18.943159884Z
,simulated,7,2026-02-24T23:51:18.955109533Z
,simulated,6,2026-02-24T23:52:18.963199807Z
,simulated,5,2026-02-24T23:53:18.96997189Z
,simulated,6,2026-02-24T23:54:18.97881857Z
,simulated,3,2026-02-24T23:55:18.981905458Z
,simulated,6,2026-02-24T23:56:18.98309389Z
,simulated,3,2026-02-24T23:57:18.996604414Z
,simulated,5,2026-02-24T23:58:19.010912039Z
,simulated,5,2026-02-24T23:59:19.021456546Z
,simulated,0,2026-02-25T00:00:19.031412362Z
,simulated,0,2026-02-25T00:01:19.041856675Z
,simulated,0,2026-02-25T00:02:19.059709906Z
,simulated,0,2026-02-25T00:03:19.069467627Z
,simulated,0,2026-02-25T00:04:19.085707635Z
,simulated,0,2026-02-25T00:05:19.093657978Z
,simulated,0,2026-02-25T00:06:19.102503943Z
,simulated,0,2026-02-25T00:07:19.109673415Z
,simulated,0,2026-02-25T00:08:19.1198811Z
,simulated,0,2026-02-25T00:09:19.129341245Z
,simulated,0,2026-02-25T00:10:19.149001637Z
,simulated,0,2026-02-25T00:11:19.154183508Z
,simulated,0,2026-02-25T00:12:19.164199458Z
,simulated,0,2026-02-25T00:13:19.168762653Z
,simulated,0,2026-02-25T00:14:19.172215645Z
,simulated,0,2026-02-25T00:15:19.175080809Z
,simulated,0,2026-02-25T00:16:19.184879303Z
,simulated,0,2026-02-25T00:17:19.194694931Z
,simulated,0,2026-02-25T00:18:19.20283687Z
,simulated,0,2026-02-25T00:19:19.211934375Z
,simulated,0,2026-02-25T00:20:19.217034225Z
,simulated,0,2026-02-25T00:21:19.230867901Z
,simulated,0,2026-02-25T00:22:19.234479068Z
,simulated,0,2026-02-25T00:23:19.24032477Z
,simulated,0,2026-02-25T00:24:19.249058934Z
,simulated,0,2026-02-25T00:25:19.257041305Z
,simulated,0,2026-02-25T00:26:19.267592189Z
,simulated,0,2026-02-25T00:27:19.279763536Z
,simulated,0,2026-02-25T00:28:19.28437165Z
,simulated,0,2026-02-25T00:29:19.292086038Z
,simulated,0,2026-02-25T00:30:19.297983058Z
,simulated,0,2026-02-25T00:31:19.306326575Z
,simulated,0,2026-02-25T00:32:19.306217707Z
,simulated,0,2026-02-25T00:33:19.31541124Z
,simulated,0,2026-02-25T00:34:19.318003799Z
,simulated,0,2026-02-25T00:35:19.327042007Z
,simulated,0,2026-02-25T00:36:19.332708769Z
,simulated,0,2026-02-25T00:37:19.337538956Z
,simulated,0,2026-02-25T00:38:19.344397682Z
,simulated,0,2026-02-25T00:39:19.350865436Z
,simulated,0,2026-02-25T00:40:19.358674259Z
,simulated,0,2026-02-25T00:41:19.359180419Z
,simulated,0,2026-02-25T00:42:19.365798323Z
,simulated,0,2026-02-25T00:43:19.374897901Z
,simulated,0,2026-02-25T00:44:19.377843731Z
,simulated,0,2026-02-25T00:45:19.380209707Z
,simulated,0,2026-02-25T00:46:19.385393077Z
,simulated,0,2026-02-25T00:47:19.393356294Z
,simulated,0,2026-02-25T00:48:19.393782227Z
,simulated,0,2026-02-25T00:49:19.400584655Z
,simulated,0,2026-02-25T00:50:19.405756831Z
,simulated,0,2026-02-25T00:51:19.410355543Z
,simulated,0,2026-02-25T00:52:19.416540034Z
,simulated,0,2026-02-25T00:53:19.418179946Z
,simulated,0,2026-02-25T00:54:19.420687805Z
,simulated,0,2026-02-25T00:55:19.424744485Z
,simulated,0,2026-02-25T00:56:19.431123039Z
,simulated,0,2026-02-25T00:57:19.429972798Z
,simulated,0,2026-02-25T00:58:19.438675876Z
,simulated,0,2026-02-25T00:59:19.438205712Z
,simulated,0,2026-02-25T01:00:19.444115486Z
,simulated,0,2026-02-25T01:01:19.446489439Z
,simulated,0,2026-02-25T01:02:19.450200712Z
,simulated,0,2026-02-25T01:03:19.456354716Z
,simulated,0,2026-02-25T01:04:19.460127538Z
,simulated,0,2026-02-25T01:05:19.467312426Z
,simulated,0,2026-02-25T01:06:19.468003382Z
,simulated,0,2026-02-25T01:07:19.468849843Z
,simulated,0,2026-02-25T01:08:19.470059198Z
,simulated,0,2026-02-25T01:09:19.471759394Z
,simulated,0,2026-02-25T01:10:19.476287517Z
,simulated,0,2026-02-25T01:11:19.477382104Z
,simulated,0,2026-02-25T01:12:19.48147912Z
,simulated,0,2026-02-25T01:13:19.487004468Z
,simulated,0,2026-02-25T01:14:19.489998229Z
,simulated,0,2026-02-25T01:15:19.490665544Z
,simulated,0,2026-02-25T01:16:19.493296001Z
,simulated,0,2026-02-25T01:17:19.494086415Z
,simulated,0,2026-02-25T01:18:19.496485976Z
,simulated,0,2026-02-25T01:19:19.498009109Z
,simulated,0,2026-02-25T01:20:19.499291304Z
,simulated,0,2026-02-25T01:21:19.510953648Z
,simulated,0,2026-02-25T01:22:19.502345219Z
,simulated,0,2026-02-25T01:23:19.505327997Z
,simulated,0,2026-02-25T01:24:19.505761947Z
,simulated,0,2026-02-25T01:25:19.504803594Z
,simulated,0,2026-02-25T01:26:19.508384234Z
,simulated,0,2026-02-25T01:27:19.510964387Z
,simulated,0,2026-02-25T01:28:19.509832401Z
,simulated,0,2026-02-25T01:29:19.513517409Z
,simulated,0,2026-02-25T01:30:19.512814065Z
,simulated,0,2026-02-25T01:31:19.515906884Z
,simulated,0,2026-02-25T01:32:19.522199031Z
,simulated,0,2026-02-25T01:33:19.514477118Z
,simulated,0,2026-02-25T01:34:19.520170989Z
,simulated,0,2026-02-25T01:35:19.517554742Z
,simulated,0,2026-02-25T01:36:19.51736636Z
,simulated,0,2026-02-25T01:37:19.515238833Z
,simulated,0,2026-02-25T01:38:19.521100014Z
,simulated,0,2026-02-25T01:39:19.541332637Z
,simulated,0,2026-02-25T01:40:19.572322964Z
,simulated,0,2026-02-25T01:41:19.593611868Z
,simulated,0,2026-02-25T01:42:19.615898514Z
,simulated,0,2026-02-25T01:43:19.643545079Z
,simulated,0,2026-02-25T01:44:19.669994253Z
,simulated,0,2026-02-25T01:45:19.696656996Z
,simulated,0,2026-02-25T01:46:19.721701199Z
,simulated,0,2026-02-25T01:47:19.750524119Z
,simulated,0,2026-02-25T01:48:19.775732322Z
,simulated,0,2026-02-25T01:49:19.801085788Z
,simulated,0,2026-02-25T01:50:19.832116363Z
,simulated,0,2026-02-25T01:51:19.86092403Z
,simulated,0,2026-02-25T01:52:19.877825894Z
,simulated,0,2026-02-25T01:53:19.901657582Z
,simulated,0,2026-02-25T01:54:19.9305681Z
,simulated,0,2026-02-25T01:55:19.94474879Z
,simulated,0,2026-02-25T01:56:19.974525057Z
,simulated,0,2026-02-25T01:57:19.999199801Z
,simulated,0,2026-02-25T01:58:20.028154676Z
,simulated,0,2026-02-25T01:59:20.052161217Z
,simulated,0,2026-02-25T02:00:20.080011473Z
,simulated,0,2026-02-25T02:01:20.106374298Z
,simulated,0,2026-02-25T02:02:20.133869932Z
,simulated,0,2026-02-25T02:03:20.160885192Z
,simulated,0,2026-02-25T02:04:20.185662947Z
,simulated,0,2026-02-25T02:05:20.204369218Z
,simulated,0,2026-02-25T02:06:20.229013441Z
,simulated,0,2026-02-25T02:07:20.253395683Z
,simulated,0,2026-02-25T02:08:20.281683983Z
,simulated,0,2026-02-25T02:09:20.310983408Z
,simulated,0,2026-02-25T02:10:20.326480848Z
,simulated,0,2026-02-25T02:11:20.344424771Z
,simulated,0,2026-02-25T02:12:20.36602884Z
,simulated,0,2026-02-25T02:13:20.394110739Z
,simulated,0,2026-02-25T02:14:20.417814234Z
,simulated,0,2026-02-25T02:15:20.44616047Z
,simulated,0,2026-02-25T02:16:20.470165301Z
,simulated,0,2026-02-25T02:17:20.466809436Z
,simulated,0,2026-02-25T02:18:20.489486416Z
,simulated,0,2026-02-25T02:19:20.519432717Z
,simulated,0,2026-02-25T02:20:20.544372022Z
,simulated,0,2026-02-25T02:21:20.573480733Z
,simulated,0,2026-02-25T02:22:20.600164333Z
,simulated,0,2026-02-25T02:23:20.621841955Z
,simulated,0,2026-02-25T02:24:20.648553735Z
,simulated,0,2026-02-25T02:25:20.667898461Z
,simulated,0,2026-02-25T02:26:20.693187671Z
,simulated,0,2026-02-25T02:27:20.708814967Z
,simulated,0,2026-02-25T02:28:20.736851441Z
,simulated,0,2026-02-25T02:29:20.749153949Z
,simulated,0,2026-02-25T02:30:20.773597468Z
,simulated,0,2026-02-25T02:31:20.799441077Z
,simulated,0,2026-02-25T02:32:20.824549353Z
,simulated,0,2026-02-25T02:33:20.831094337Z
,simulated,0,2026-02-25T02:34:20.855710558Z
,simulated,0,2026-02-25T02:35:20.873931511Z
,simulated,0,2026-02-25T02:36:20.901700897Z
,simulated,0,2026-02-25T02:37:20.918493139Z
,simulated,0,2026-02-25T02:38:20.943305299Z
,simulated,0,2026-02-25T02:39:20.966238828Z
,simulated,0,2026-02-25T02:40:20.985669863Z
,simulated,0,2026-02-25T02:41:21.009835638Z
,simulated,0,2026-02-25T02:42:21.035854236Z
,simulated,0,2026-02-25T02:43:21.060407679Z
,simulated,0,2026-02-25T02:44:21.071911137Z
,simulated,0,2026-02-25T02:45:21.099947354Z
,simulated,0,2026-02-25T02:46:21.122355248Z
,simulated,0,2026-02-25T02:47:21.151944534Z
,simulated,0,2026-02-25T02:48:21.171383463Z
,simulated,0,2026-02-25T02:49:21.193803075Z
,simulated,0,2026-02-25T02:50:21.219245242Z
,simulated,0,2026-02-25T02:51:21.241829691Z
,simulated,0,2026-02-25T02:52:21.266171311Z
,simulated,0,2026-02-25T02:53:21.287119863Z
,simulated,0,2026-02-25T02:54:21.31137665Z
,simulated,0,2026-02-25T02:55:21.338426162Z
,simulated,0,2026-02-25T02:56:21.36004366Z
,simulated,0,2026-02-25T02:57:21.381564572Z
,simulated,0,2026-02-25T02:58:21.405882745Z
,simulated,0,2026-02-25T02:59:21.420045654Z
,simulated,0,2026-02-25T03:00:21.442014993Z
,simulated,0,2026-02-25T03:01:21.465044394Z
,simulated,0,2026-02-25T03:02:21.489837316Z
,simulated,0,2026-02-25T03:03:21.509095822Z
,simulated,0,2026-02-25T03:04:21.530396486Z
,simulated,0,2026-02-25T03:05:21.55328946Z
,simulated,0,2026-02-25T03:06:21.571511728Z
,simulated,0,2026-02-25T03:07:21.591509853Z
,simulated,0,2026-02-25T03:08:21.614724824Z
,simulated,0,2026-02-25T03:09:21.640021852Z
,simulated,0,2026-02-25T03:10:21.638258209Z
,simulated,0,2026-02-25T03:11:21.662643404Z
,simulated,0,2026-02-25T03:12:21.679002902Z
,simulated,0,2026-02-25T03:13:21.70184807Z
,simulated,0,2026-02-25T03:14:21.721258411Z
,simulated,0,2026-02-25T03:15:21.74118238Z
,simulated,0,2026-02-25T03:16:21.764715773Z
,simulated,0,2026-02-25T03:17:21.787130834Z
,simulated,0,2026-02-25T03:18:21.807954169Z
,simulated,0,2026-02-25T03:19:21.826827767Z
,simulated,0,2026-02-25T03:20:21.849247269Z
,simulated,0,2026-02-25T03:21:21.858497501Z
,simulated,0,2026-02-25T03:22:21.860419306Z
,simulated,0,2026-02-25T03:23:21.879762043Z
,simulated,0,2026-02-25T03:24:21.905328099Z
,simulated,0,2026-02-25T03:25:21.923620121Z
,simulated,0,2026-02-25T03:26:21.938040342Z
,simulated,0,2026-02-25T03:27:21.958813224Z
,simulated,0,2026-02-25T03:28:21.984444154Z
,simulated,0,2026-02-25T03:29:21.987078403Z
,simulated,0,2026-02-25T03:30:22.005687557Z
,simulated,0,2026-02-25T03:31:22.018574961Z
,simulated,0,2026-02-25T03:32:22.040872737Z
,simulated,0,2026-02-25T03:33:22.060711804Z
,simulated,0,2026-02-25T03:34:22.082269935Z
,simulated,0,2026-02-25T03:35:22.104787276Z
,simulated,0,2026-02-25T03:36:22.126141995Z
,simulated,0,2026-02-25T03:37:22.145210098Z
,simulated,0,2026-02-25T03:38:22.158515877Z
,simulated,0,2026-02-25T03:39:22.180965257Z
,simulated,0,2026-02-25T03:40:22.199854874Z
,simulated,0,2026-02-25T03:41:22.209224621Z
,simulated,0,2026-02-25T03:42:22.227486561Z
,simulated,0,2026-02-25T03:43:22.256090361Z
,simulated,0,2026-02-25T03:44:22.268691587Z
,simulated,0,2026-02-25T03:45:22.27917801Z
,simulated,0,2026-02-25T03:46:22.280313374Z
,simulated,0,2026-02-25T03:47:22.297603581Z
,simulated,0,2026-02-25T03:48:22.306544737Z
,simulated,0,2026-02-25T03:49:22.323396233Z
,simulated,0,2026-02-25T03:50:22.343076043Z
,simulated,0,2026-02-25T03:51:22.363445786Z
,simulated,0,2026-02-25T03:52:22.382591289Z
,simulated,0,2026-02-25T03:53:22.40348397Z
,simulated,0,2026-02-25T03:54:22.422659383Z
,simulated,0,2026-02-25T03:55:22.437680057Z
,simulated,0,2026-02-25T03:56:22.458835243Z
,simulated,0,2026-02-25T03:57:22.472199315Z
,simulated,0,2026-02-25T03:58:22.492664995Z
,simulated,0,2026-02-25T03:59:22.512764382Z
,simulated,0,2026-02-25T04:00:22.5304469Z
,simulated,0,2026-02-25T04:01:22.550371835Z
,simulated,0,2026-02-25T04:02:22.571528131Z
,simulated,0,2026-02-25T04:03:22.588264264Z
,simulated,0,2026-02-25T04:04:22.592283896Z
,simulated,0,2026-02-25T04:05:22.61488017Z
,simulated,0,2026-02-25T04:06:22.618669358Z
,simulated,0,2026-02-25T04:07:22.633503417Z
,simulated,0,2026-02-25T04:08:22.650906931Z
,simulated,0,2026-02-25T04:09:22.657181521Z
,simulated,0,2026-02-25T04:10:22.667838009Z
,simulated,0,2026-02-25T04:11:22.678790487Z
,simulated,0,2026-02-25T04:12:22.696121952Z
,simulated,0,2026-02-25T04:13:22.715880862Z
,simulated,0,2026-02-25T04:14:22.734380724Z
,simulated,0,2026-02-25T04:15:22.753060353Z
,simulated,0,2026-02-25T04:16:22.764940759Z
,simulated,0,2026-02-25T04:17:22.778991442Z
,simulated,0,2026-02-25T04:18:22.795779612Z
,simulated,0,2026-02-25T04:19:22.81213983Z
,simulated,0,2026-02-25T04:20:22.830158966Z
,simulated,0,2026-02-25T04:21:22.846647163Z
,simulated,0,2026-02-25T04:22:22.86324336Z
,simulated,0,2026-02-25T04:23:22.876713089Z
,simulated,0,2026-02-25T04:24:22.894558159Z
,simulated,0,2026-02-25T04:25:22.90429331Z
,simulated,0,2026-02-25T04:26:22.913638838Z
,simulated,0,2026-02-25T04:27:22.931143811Z
,simulated,0,2026-02-25T04:28:22.947148254Z
,simulated,0,2026-02-25T04:29:22.96436802Z
,simulated,0,2026-02-25T04:30:22.979581674Z
,simulated,0,2026-02-25T04:31:22.993144358Z
,simulated,0,2026-02-25T04:32:23.007106407Z
,simulated,0,2026-02-25T04:33:23.021405894Z
,simulated,0,2026-02-25T04:34:23.034201024Z
,simulated,0,2026-02-25T04:35:23.049905164Z
,simulated,0,2026-02-25T04:36:23.065703556Z
,simulated,0,2026-02-25T04:37:23.072798579Z
,simulated,0,2026-02-25T04:38:23.073124914Z
,simulated,0,2026-02-25T04:39:23.086341452Z
,simulated,0,2026-02-25T04:40:23.101355001Z
,simulated,0,2026-02-25T04:41:23.104207051Z
,simulated,0,2026-02-25T04:42:23.117945118Z
,simulated,0,2026-02-25T04:43:23.138980456Z
,simulated,0,2026-02-25T04:44:23.154861218Z
,simulated,0,2026-02-25T04:45:23.160540126Z
,simulated,0,2026-02-25T04:46:23.172366922Z
,simulated,0,2026-02-25T04:47:23.186163385Z
,simulated,0,2026-02-25T04:48:23.194211139Z
,simulated,0,2026-02-25T04:49:23.208243103Z
,simulated,0,2026-02-25T04:50:23.219801138Z
,simulated,0,2026-02-25T04:51:23.236779423Z
,simulated,0,2026-02-25T04:52:23.248543546Z
,simulated,0,2026-02-25T04:53:23.252216601Z
,simulated,0,2026-02-25T04:54:23.266734969Z
,simulated,0,2026-02-25T04:55:23.279420696Z
,simulated,0,2026-02-25T04:56:23.294215289Z
,simulated,0,2026-02-25T04:57:23.308945358Z
,simulated,0,2026-02-25T04:58:23.320715237Z
,simulated,0,2026-02-25T04:59:23.326342218Z
,simulated,0,2026-02-25T05:00:23.339546511Z
,simulated,0,2026-02-25T05:01:23.349670915Z
,simulated,0,2026-02-25T05:02:23.362904083Z
,simulated,0,2026-02-25T05:03:23.376393548Z
,simulated,0,2026-02-25T05:04:23.391865074Z
,simulated,0,2026-02-25T05:05:23.40298862Z
,simulated,0,2026-02-25T05:06:23.414169985Z
,simulated,0,2026-02-25T05:07:23.426381385Z
,simulated,0,2026-02-25T05:08:23.433936419Z
,simulated,0,2026-02-25T05:09:23.447350468Z
,simulated,0,2026-02-25T05:10:23.457314431Z
,simulated,0,2026-02-25T05:11:23.471152628Z
,simulated,0,2026-02-25T05:12:23.473473492Z
,simulated,0,2026-02-25T05:13:23.488544678Z
,simulated,0,2026-02-25T05:14:23.498239793Z
,simulated,0,2026-02-25T05:15:23.503732376Z
,simulated,0,2026-02-25T05:16:23.517845857Z
,simulated,0,2026-02-25T05:17:23.53523339Z
,simulated,0,2026-02-25T05:18:23.54240592Z
,simulated,0,2026-02-25T05:19:23.555209059Z
,simulated,0,2026-02-25T05:20:23.567291406Z
,simulated,0,2026-02-25T05:21:23.572641765Z
,simulated,0,2026-02-25T05:22:23.587776858Z
,simulated,0,2026-02-25T05:23:23.603526989Z
,simulated,0,2026-02-25T05:24:23.603926421Z
,simulated,0,2026-02-25T05:25:23.614203445Z
,simulated,0,2026-02-25T05:26:23.614745149Z
,simulated,0,2026-02-25T05:27:23.62134262Z
,simulated,0,2026-02-25T05:28:23.62778982Z
,simulated,0,2026-02-25T05:29:23.665702878Z
,simulated,0,2026-02-25T05:30:23.648927397Z
,simulated,0,2026-02-25T05:31:23.654247452Z
,simulated,0,2026-02-25T05:32:23.661377802Z
,simulated,0,2026-02-25T05:33:23.669345826Z
,simulated,0,2026-02-25T05:34:23.682350002Z
,simulated,0,2026-02-25T05:35:23.685161988Z
,simulated,0,2026-02-25T05:36:23.693402518Z
,simulated,0,2026-02-25T05:37:23.701936644Z
,simulated,0,2026-02-25T05:38:23.714954513Z
,simulated,0,2026-02-25T05:39:23.725468132Z
,simulated,0,2026-02-25T05:40:23.725397286Z
,simulated,0,2026-02-25T05:41:23.736363209Z
,simulated,0,2026-02-25T05:42:23.738010129Z
,simulated,0,2026-02-25T05:43:23.759202527Z
,simulated,0,2026-02-25T05:44:23.756376871Z
,simulated,0,2026-02-25T05:45:23.766454831Z
,simulated,0,2026-02-25T05:46:23.775546109Z
,simulated,0,2026-02-25T05:47:23.783824346Z
,simulated,0,2026-02-25T05:48:23.78436679Z
,simulated,0,2026-02-25T05:49:23.848477326Z
,simulated,0,2026-02-25T05:50:23.79752886Z
,simulated,0,2026-02-25T05:51:23.809821931Z
,simulated,0,2026-02-25T05:52:53.893332285Z
,simulated,0,2026-02-25T05:53:53.919927813Z
,simulated,0,2026-02-25T05:54:53.946272041Z
,simulated,0,2026-02-25T05:55:53.976049559Z
,simulated,0,2026-02-25T05:56:53.994410488Z
,simulated,0,2026-02-25T05:57:54.024305919Z
,simulated,0,2026-02-25T05:58:54.05293522Z
,simulated,0,2026-02-25T05:59:54.058503771Z
,simulated,0,2026-02-25T06:00:54.06042751Z
,simulated,0,2026-02-25T06:01:54.089725492Z
,simulated,0,2026-02-25T06:02:54.117279499Z
,simulated,0,2026-02-25T06:03:54.146530545Z
,simulated,0,2026-02-25T06:04:54.171160933Z
,simulated,0,2026-02-25T06:05:54.175280104Z
,simulated,0,2026-02-25T06:06:54.205671156Z
,simulated,0,2026-02-25T06:07:54.217078407Z
,simulated,0,2026-02-25T06:08:54.224907855Z
,simulated,0,2026-02-25T06:09:54.247812581Z
,simulated,0,2026-02-25T06:10:54.277707772Z
,simulated,0,2026-02-25T06:11:54.303295031Z
,simulated,0,2026-02-25T06:12:54.329088035Z
,simulated,0,2026-02-25T06:13:54.350544775Z
,simulated,0,2026-02-25T06:14:54.368762875Z
,simulated,0,2026-02-25T06:15:54.371272549Z
,simulated,0,2026-02-25T06:16:54.386989535Z
,simulated,0,2026-02-25T06:17:54.416814948Z
,simulated,0,2026-02-25T06:18:54.457703185Z
,simulated,0,2026-02-25T06:19:54.467164588Z
,simulated,0,2026-02-25T06:20:54.495718257Z
,simulated,0,2026-02-25T06:21:54.523892299Z
,simulated,0,2026-02-25T06:22:54.555847783Z
,simulated,0,2026-02-25T06:23:54.58789284Z
,simulated,0,2026-02-25T06:24:54.603111792Z
,simulated,0,2026-02-25T06:25:54.631526698Z
,simulated,0,2026-02-25T06:26:54.651363132Z
,simulated,0,2026-02-25T06:27:54.676396133Z
,simulated,0,2026-02-25T06:28:54.703720068Z
,simulated,0,2026-02-25T06:29:54.728034252Z
,simulated,0,2026-02-25T06:30:54.750800035Z
,simulated,0,2026-02-25T06:31:54.776993299Z
,simulated,0,2026-02-25T06:32:54.805801265Z
,simulated,0,2026-02-25T06:33:54.828413576Z
,simulated,0,2026-02-25T06:34:54.85482861Z
,simulated,0,2026-02-25T06:35:54.877062884Z
,simulated,0,2026-02-25T06:36:54.887440106Z
,simulated,0,2026-02-25T06:37:54.915155795Z
,simulated,0,2026-02-25T06:38:54.942371906Z
,simulated,0,2026-02-25T06:39:54.966476874Z
,simulated,0,2026-02-25T06:40:54.98824372Z
,simulated,0,2026-02-25T06:41:54.992326455Z
,simulated,0,2026-02-25T06:42:55.016967232Z
,simulated,0,2026-02-25T06:43:55.033012785Z
,simulated,0,2026-02-25T06:44:55.04498632Z
,simulated,0,2026-02-25T06:45:55.063781348Z
,simulated,0,2026-02-25T06:46:55.088530869Z
,simulated,0,2026-02-25T06:47:55.111937029Z
,simulated,0,2026-02-25T06:48:55.136848583Z
,simulated,0,2026-02-25T06:49:55.146021082Z
,simulated,0,2026-02-25T06:50:55.155303353Z
,simulated,0,2026-02-25T06:51:55.180897095Z
,simulated,0,2026-02-25T06:52:55.203396073Z
,simulated,0,2026-02-25T06:53:55.228497398Z
,simulated,0,2026-02-25T06:54:55.238328255Z
,simulated,0,2026-02-25T06:55:55.265778439Z
,simulated,0,2026-02-25T06:56:55.280592318Z
,simulated,0,2026-02-25T06:57:55.305263756Z
,simulated,0,2026-02-25T06:58:55.30883708Z
,simulated,0,2026-02-25T06:59:55.326006709Z
,simulated,0,2026-02-25T07:00:55.34647419Z
,simulated,0,2026-02-25T07:01:55.369750307Z
,simulated,0,2026-02-25T07:02:55.386304268Z
,simulated,0,2026-02-25T07:03:55.410932184Z
,simulated,0,2026-02-25T07:04:55.447650297Z
,simulated,0,2026-02-25T07:05:55.452638871Z
,simulated,0,2026-02-25T07:06:55.454703152Z
,simulated,0,2026-02-25T07:07:55.475730152Z
,simulated,0,2026-02-25T07:08:55.47944975Z
,simulated,0,2026-02-25T07:09:55.483772467Z
,simulated,0,2026-02-25T07:10:55.508526342Z
,simulated,0,2026-02-25T07:11:55.531575474Z
,simulated,0,2026-02-25T07:12:55.534243261Z
,simulated,0,2026-02-25T07:13:55.545320937Z
,simulated,0,2026-02-25T07:14:55.558225891Z
,simulated,0,2026-02-25T07:15:55.561472802Z
,simulated,0,2026-02-25T07:16:55.568477642Z
,simulated,0,2026-02-25T07:17:55.593228378Z
,simulated,0,2026-02-25T07:18:55.597779313Z
,simulated,0,2026-02-25T07:19:55.617444467Z
,simulated,0,2026-02-25T07:20:55.641658846Z
,simulated,0,2026-02-25T07:21:55.664442906Z
,simulated,0,2026-02-25T07:22:55.689099171Z
,simulated,0,2026-02-25T07:23:55.71146641Z
,simulated,0,2026-02-25T07:24:55.727914673Z
,simulated,0,2026-02-25T07:25:55.747832959Z
,simulated,0,2026-02-25T07:26:55.753042269Z
,simulated,0,2026-02-25T07:27:55.764143158Z
,simulated,0,2026-02-25T07:28:55.783405027Z
,simulated,0,2026-02-25T07:29:55.803212605Z
,simulated,0,2026-02-25T07:30:55.82460609Z
,simulated,0,2026-02-25T07:31:55.840116071Z
,simulated,0,2026-02-25T07:32:55.843795062Z
,simulated,0,2026-02-25T07:33:55.864940799Z
,simulated,0,2026-02-25T07:34:55.88389483Z
,simulated,0,2026-02-25T07:35:55.884939157Z
,simulated,0,2026-02-25T07:36:55.893663701Z
,simulated,0,2026-02-25T07:37:55.903741696Z
,simulated,0,2026-02-25T07:38:55.915444555Z
,simulated,0,2026-02-25T07:39:55.938861995Z
,simulated,0,2026-02-25T07:40:55.958978836Z
,simulated,0,2026-02-25T07:41:55.978742308Z
,simulated,0,2026-02-25T07:42:56.008793409Z
,simulated,0,2026-02-25T07:43:56.023264472Z
,simulated,0,2026-02-25T07:44:56.043575727Z
,simulated,0,2026-02-25T07:45:56.059932534Z
,simulated,0,2026-02-25T07:46:56.061633423Z
,simulated,0,2026-02-25T07:47:56.079716384Z
,simulated,0,2026-02-25T07:48:56.10237382Z
,simulated,0,2026-02-25T07:49:56.108490621Z
,simulated,0,2026-02-25T07:50:56.132446646Z
,simulated,0,2026-02-25T07:51:56.148557271Z
,simulated,0,2026-02-25T07:52:56.151196227Z
,simulated,0,2026-02-25T07:53:56.172655063Z
,simulated,0,2026-02-25T07:54:56.18363712Z
,simulated,0,2026-02-25T07:55:56.194679935Z
,simulated,0,2026-02-25T07:56:56.213872833Z
,simulated,0,2026-02-25T07:57:56.231379772Z
,simulated,0,2026-02-25T07:58:56.253709449Z
,simulated,0,2026-02-25T07:59:56.252686014Z
,simulated,2,2026-02-25T08:00:56.272119403Z
,simulated,1,2026-02-25T08:01:56.274212539Z
,simulated,2,2026-02-25T08:02:56.280369818Z
,simulated,2,2026-02-25T08:03:56.296188193Z
,simulated,2,2026-02-25T08:04:56.295434774Z
,simulated,2,2026-02-25T08:05:56.309179885Z
,simulated,1,2026-02-25T08:06:56.326743642Z
,simulated,1,2026-02-25T08:07:56.343187466Z
,simulated,1,2026-02-25T08:08:56.358513942Z
,simulated,1,2026-02-25T08:09:56.376015059Z
,simulated,1,2026-02-25T08:10:56.391372051Z
,simulated,2,2026-02-25T08:11:56.411375637Z
,simulated,1,2026-02-25T08:12:56.42717094Z
,simulated,1,2026-02-25T08:13:56.444980619Z
,simulated,1,2026-02-25T08:14:56.45572121Z
,simulated,2,2026-02-25T08:15:56.471819375Z
,simulated,1,2026-02-25T08:16:56.488870152Z
,simulated,2,2026-02-25T08:17:56.500356404Z
,simulated,2,2026-02-25T08:18:56.517156354Z
,simulated,2,2026-02-25T08:19:56.536623994Z
,simulated,2,2026-02-25T08:20:56.553866223Z
,simulated,2,2026-02-25T08:21:56.573747504Z
,simulated,1,2026-02-25T08:22:56.587320387Z
,simulated,2,2026-02-25T08:23:56.606055175Z
,simulated,1,2026-02-25T08:24:56.624932064Z
,simulated,1,2026-02-25T08:25:56.641855253Z
,simulated,1,2026-02-25T08:26:56.657831014Z
,simulated,1,2026-02-25T08:27:56.659422931Z
,simulated,2,2026-02-25T08:28:56.66742165Z
,simulated,1,2026-02-25T08:29:56.687736351Z
,simulated,2,2026-02-25T08:30:56.70034123Z
,simulated,2,2026-02-25T08:31:56.70691771Z
,simulated,2,2026-02-25T08:32:56.723790977Z
,simulated,2,2026-02-25T08:33:56.744861256Z
,simulated,2,2026-02-25T08:34:56.752408731Z
,simulated,1,2026-02-25T08:35:56.768347718Z
,simulated,1,2026-02-25T08:36:56.786871906Z
,simulated,1,2026-02-25T08:37:56.795970226Z
,simulated,2,2026-02-25T08:38:56.808750834Z
,simulated,2,2026-02-25T08:39:56.824894023Z
,simulated,2,2026-02-25T08:40:56.842829622Z
,simulated,1,2026-02-25T08:41:56.855049883Z
,simulated,2,2026-02-25T08:42:56.873056656Z
,simulated,2,2026-02-25T08:43:56.88934313Z
,simulated,2,2026-02-25T08:44:56.904545843Z
,simulated,2,2026-02-25T08:45:56.919595458Z
,simulated,1,2026-02-25T08:46:56.938171082Z
,simulated,2,2026-02-25T08:47:56.954318637Z
,simulated,2,2026-02-25T08:48:56.967789561Z
,simulated,1,2026-02-25T08:49:56.983509562Z
,simulated,1,2026-02-25T08:50:56.999417035Z
,simulated,2,2026-02-25T08:51:56.999462888Z
,simulated,1,2026-02-25T08:52:57.014805983Z
,simulated,1,2026-02-25T08:53:57.025516999Z
,simulated,2,2026-02-25T08:54:57.03918167Z
,simulated,2,2026-02-25T08:55:57.052742056Z
,simulated,1,2026-02-25T08:56:57.059752095Z
,simulated,1,2026-02-25T08:57:57.077467952Z
,simulated,2,2026-02-25T08:58:57.088803909Z
,simulated,2,2026-02-25T08:59:57.103833704Z
,simulated,4,2026-02-25T09:00:57.115575184Z
,simulated,2,2026-02-25T09:01:57.131115502Z
,simulated,2,2026-02-25T09:02:57.149287592Z
,simulated,4,2026-02-25T09:03:57.157454184Z
,simulated,4,2026-02-25T09:04:57.166872092Z
,simulated,3,2026-02-25T09:05:57.1650764Z
,simulated,4,2026-02-25T09:06:57.178911338Z
,simulated,4,2026-02-25T09:07:57.196923038Z
,simulated,2,2026-02-25T09:08:57.212787859Z
,simulated,2,2026-02-25T09:09:57.219035598Z
,simulated,4,2026-02-25T09:10:57.232371989Z
,simulated,2,2026-02-25T09:11:57.242931055Z
,simulated,2,2026-02-25T09:12:57.259345463Z
,simulated,4,2026-02-25T09:13:57.267091619Z
,simulated,2,2026-02-25T09:14:57.283741964Z
,simulated,4,2026-02-25T09:15:57.297312578Z
,simulated,3,2026-02-25T09:16:57.307107098Z
,simulated,2,2026-02-25T09:17:57.313296832Z
,simulated,4,2026-02-25T09:18:57.325206789Z
,simulated,2,2026-02-25T09:19:57.336883992Z
,simulated,4,2026-02-25T09:20:57.349675291Z
,simulated,2,2026-02-25T09:21:57.359227618Z
,simulated,2,2026-02-25T09:22:57.368174364Z
,simulated,3,2026-02-25T09:23:57.381153263Z
,simulated,3,2026-02-25T09:24:57.395348506Z
,simulated,2,2026-02-25T09:25:57.394338947Z
,simulated,4,2026-02-25T09:26:57.39553546Z
,simulated,2,2026-02-25T09:27:57.408403219Z
,simulated,4,2026-02-25T09:28:57.419775745Z
,simulated,4,2026-02-25T09:29:57.433415846Z
,simulated,4,2026-02-25T09:30:57.443809323Z
,simulated,3,2026-02-25T09:31:57.444169879Z
,simulated,2,2026-02-25T09:32:57.458478813Z
,simulated,4,2026-02-25T09:33:57.470217438Z
,simulated,4,2026-02-25T09:34:57.47978745Z
,simulated,2,2026-02-25T09:35:57.492996683Z
,simulated,2,2026-02-25T09:36:57.502670542Z
,simulated,2,2026-02-25T09:37:57.511899201Z
,simulated,2,2026-02-25T09:38:57.522772471Z
,simulated,2,2026-02-25T09:39:57.536798961Z
,simulated,2,2026-02-25T09:40:57.548197602Z
,simulated,4,2026-02-25T09:41:57.559532963Z
,simulated,3,2026-02-25T09:42:57.571246749Z
,simulated,3,2026-02-25T09:43:57.583488125Z
,simulated,2,2026-02-25T09:44:57.587489073Z
,simulated,3,2026-02-25T09:45:57.589438459Z
,simulated,2,2026-02-25T09:46:57.596647723Z
,simulated,4,2026-02-25T09:47:57.607034625Z
,simulated,4,2026-02-25T09:48:57.615956132Z
,simulated,2,2026-02-25T09:49:57.626263804Z
,simulated,2,2026-02-25T09:50:57.637782965Z
,simulated,3,2026-02-25T09:51:57.643406258Z
,simulated,3,2026-02-25T09:52:57.64658505Z
,simulated,2,2026-02-25T09:53:57.659800826Z
,simulated,2,2026-02-25T09:54:57.655986852Z
,simulated,4,2026-02-25T09:55:57.665953388Z
,simulated,3,2026-02-25T09:56:57.666654341Z
,simulated,4,2026-02-25T09:57:57.682355821Z
,simulated,2,2026-02-25T09:58:57.684847431Z
,simulated,3,2026-02-25T09:59:57.685165872Z
,simulated,7,2026-02-25T10:00:57.694341305Z
,simulated,7,2026-02-25T10:01:57.702287242Z
,simulated,5,2026-02-25T10:02:57.703592448Z
,simulated,6,2026-02-25T10:03:57.709809595Z
,simulated,9,2026-02-25T10:04:57.71660202Z
,simulated,5,2026-02-25T10:05:57.722864914Z
,simulated,5,2026-02-25T10:06:57.726171747Z
,simulated,4,2026-02-25T10:07:57.734559215Z
,simulated,5,2026-02-25T10:08:57.740371131Z
,simulated,7,2026-02-25T10:09:57.748473809Z
,simulated,7,2026-02-25T10:10:57.755998383Z
,simulated,7,2026-02-25T10:11:57.764297055Z
,simulated,9,2026-02-25T10:12:57.775561488Z
,simulated,9,2026-02-25T10:13:57.781272886Z
,simulated,3,2026-02-25T10:14:57.784488495Z
,simulated,7,2026-02-25T10:15:57.795940656Z
,simulated,3,2026-02-25T10:16:57.793886308Z
,simulated,5,2026-02-25T10:17:57.807164994Z
,simulated,9,2026-02-25T10:18:57.809599111Z
,simulated,7,2026-02-25T10:19:57.817736692Z
,simulated,7,2026-02-25T10:20:57.818364634Z
,simulated,7,2026-02-25T10:21:57.827680675Z
,simulated,7,2026-02-25T10:22:57.831007367Z
,simulated,7,2026-02-25T10:23:57.834178217Z
,simulated,6,2026-02-25T10:24:57.8434401Z
,simulated,9,2026-02-25T10:25:57.845223853Z
,simulated,4,2026-02-25T10:26:57.852469552Z
,simulated,3,2026-02-25T10:27:57.856290078Z
,simulated,8,2026-02-25T10:28:57.861563258Z
,simulated,4,2026-02-25T10:29:57.86471313Z
,simulated,3,2026-02-25T10:30:57.874360616Z
,simulated,8,2026-02-25T10:31:57.871404042Z
,simulated,3,2026-02-25T10:32:57.881294963Z
,simulated,4,2026-02-25T10:33:57.883411549Z
,simulated,9,2026-02-25T10:34:57.88848961Z
,simulated,6,2026-02-25T10:35:57.896561976Z
,simulated,9,2026-02-25T10:36:57.902534033Z
,simulated,4,2026-02-25T10:37:57.912618837Z
,simulated,8,2026-02-25T10:38:57.909763587Z
,simulated,4,2026-02-25T10:39:57.914867812Z
,simulated,9,2026-02-25T10:40:57.91896135Z
,simulated,5,2026-02-25T10:41:57.923778666Z
,simulated,6,2026-02-25T10:42:57.93001861Z
,simulated,7,2026-02-25T10:43:57.929119203Z
,simulated,5,2026-02-25T10:44:57.933365664Z
,simulated,4,2026-02-25T10:45:57.931740983Z
,simulated,3,2026-02-25T10:46:57.939162357Z
,simulated,5,2026-02-25T10:47:57.945451768Z
,simulated,4,2026-02-25T10:48:57.951194241Z
,simulated,3,2026-02-25T10:49:57.947191597Z
,simulated,8,2026-02-25T10:50:57.94833184Z
,simulated,6,2026-02-25T10:51:57.950756187Z
,simulated,5,2026-02-25T10:52:57.951767224Z
,simulated,7,2026-02-25T10:53:57.953215565Z
,simulated,3,2026-02-25T10:54:57.95619983Z
,simulated,7,2026-02-25T10:55:57.960393127Z
,simulated,3,2026-02-25T10:56:57.967837286Z
,simulated,4,2026-02-25T10:57:57.97002791Z
,simulated,9,2026-02-25T10:58:57.971942131Z
,simulated,4,2026-02-25T10:59:57.972483775Z
,simulated,8,2026-02-25T11:00:57.976386079Z
,simulated,16,2026-02-25T11:01:57.985461956Z
,simulated,18,2026-02-25T11:02:57.987457003Z
,simulated,16,2026-02-25T11:03:57.981174885Z
,simulated,10,2026-02-25T11:04:57.984100785Z
,simulated,8,2026-02-25T11:05:57.988005962Z
,simulated,7,2026-02-25T11:06:57.993632073Z
,simulated,13,2026-02-25T11:07:57.994558289Z
,simulated,16,2026-02-25T11:08:57.995250117Z
,simulated,11,2026-02-25T11:09:57.999610236Z
,simulated,15,2026-02-25T11:10:58.000809777Z
,simulated,14,2026-02-25T11:11:58.007833748Z
,simulated,8,2026-02-25T11:12:58.005460022Z
,simulated,11,2026-02-25T11:13:58.008299213Z
,simulated,16,2026-02-25T11:14:58.007909117Z
,simulated,11,2026-02-25T11:15:58.010553082Z
,simulated,19,2026-02-25T11:16:58.010626156Z
,simulated,13,2026-02-25T11:17:58.012707148Z
,simulated,12,2026-02-25T11:18:58.018210045Z
,simulated,20,2026-02-25T11:19:58.020011576Z
,simulated,19,2026-02-25T11:20:58.017296675Z
,simulated,15,2026-02-25T11:21:58.018201264Z
,simulated,20,2026-02-25T11:22:58.021352017Z
,simulated,14,2026-02-25T11:23:58.061357712Z
,simulated,8,2026-02-25T11:24:58.023201013Z
,simulated,17,2026-02-25T11:25:58.022870021Z
,simulated,10,2026-02-25T11:26:58.023082979Z
,simulated,19,2026-02-25T11:27:58.023545091Z
,simulated,12,2026-02-25T11:28:58.031302809Z
,simulated,10,2026-02-25T11:29:58.024126504Z
,simulated,15,2026-02-25T11:30:58.025258416Z
,simulated,9,2026-02-25T11:31:58.025677559Z
,simulated,9,2026-02-25T11:32:58.026997928Z
,simulated,13,2026-02-25T11:33:58.02763569Z
,simulated,19,2026-02-25T11:34:58.026453827Z
,simulated,8,2026-02-25T11:35:58.028256898Z
,simulated,12,2026-02-25T11:36:58.027650987Z
,simulated,7,2026-02-25T11:37:58.065791762Z
,simulated,16,2026-02-25T11:38:58.083697483Z
,simulated,19,2026-02-25T11:39:58.111275121Z
,simulated,16,2026-02-25T11:40:58.141154343Z
,simulated,17,2026-02-25T11:41:58.165532668Z
,simulated,16,2026-02-25T11:42:58.197015321Z
,simulated,8,2026-02-25T11:43:58.214797917Z
,simulated,13,2026-02-25T11:44:58.240300202Z
,simulated,13,2026-02-25T11:45:58.268648622Z
,simulated,18,2026-02-25T11:46:58.280674336Z
,simulated,10,2026-02-25T11:47:58.312089817Z
,simulated,11,2026-02-25T11:48:58.328634117Z
,simulated,14,2026-02-25T11:49:58.35578681Z
,simulated,12,2026-02-25T11:50:58.386504712Z
,simulated,14,2026-02-25T11:51:58.412801758Z
,simulated,10,2026-02-25T11:52:58.442635674Z
,simulated,15,2026-02-25T11:53:58.467780033Z
,simulated,14,2026-02-25T11:54:58.49048627Z
,simulated,16,2026-02-25T11:55:58.51916329Z
,simulated,17,2026-02-25T11:56:58.544726209Z
,simulated,8,2026-02-25T11:57:58.572365401Z
,simulated,9,2026-02-25T11:58:58.602192708Z
,simulated,9,2026-02-25T11:59:58.619439714Z
,simulated,28,2026-02-25T12:00:58.638607611Z
,simulated,24,2026-02-25T12:01:58.662599775Z
,simulated,28,2026-02-25T12:02:58.687682943Z
,simulated,25,2026-02-25T12:03:58.712236625Z
,simulated,28,2026-02-25T12:04:58.712128525Z
,simulated,32,2026-02-25T12:05:58.740365831Z
,simulated,15,2026-02-25T12:06:58.765233707Z
,simulated,19,2026-02-25T12:07:58.792533509Z
,simulated,25,2026-02-25T12:08:58.794051795Z
,simulated,30,2026-02-25T12:09:58.817536886Z
,simulated,20,2026-02-25T12:10:58.840715885Z
,simulated,21,2026-02-25T12:11:58.865695195Z
,simulated,19,2026-02-25T12:12:58.880545314Z
,simulated,16,2026-02-25T12:13:58.89889399Z
,simulated,26,2026-02-25T12:14:58.931239292Z
,simulated,29,2026-02-25T12:15:58.956969571Z
,simulated,28,2026-02-25T12:16:58.960078407Z
,simulated,26,2026-02-25T12:17:58.988454705Z
,simulated,19,2026-02-25T12:18:59.013671605Z
,simulated,23,2026-02-25T12:19:59.032878248Z
,simulated,26,2026-02-25T12:20:59.045131367Z
,simulated,16,2026-02-25T12:21:59.069607073Z
,simulated,31,2026-02-25T12:22:59.095812935Z
,simulated,17,2026-02-25T12:23:59.09521477Z
,simulated,26,2026-02-25T12:24:59.101336688Z
,simulated,24,2026-02-25T12:25:59.122715172Z
,simulated,32,2026-02-25T12:26:59.162460394Z
,simulated,25,2026-02-25T12:27:59.172736232Z
,simulated,18,2026-02-25T12:28:59.19556176Z
,simulated,22,2026-02-25T12:29:59.218070991Z
,simulated,23,2026-02-25T12:30:59.242922597Z
,simulated,27,2026-02-25T12:31:59.269130904Z
,simulated,26,2026-02-25T12:32:59.301922966Z
,simulated,30,2026-02-25T12:33:59.312084176Z
,simulated,26,2026-02-25T12:34:59.333549871Z
,simulated,21,2026-02-25T12:35:59.342330168Z
,simulated,21,2026-02-25T12:36:59.348120711Z
,simulated,17,2026-02-25T12:37:59.356199072Z
,simulated,15,2026-02-25T12:38:59.366254341Z
,simulated,23,2026-02-25T12:39:59.384627577Z
,simulated,29,2026-02-25T12:40:59.406832374Z
,simulated,18,2026-02-25T12:41:59.429161902Z
,simulated,17,2026-02-25T12:42:59.452025574Z
,simulated,27,2026-02-25T12:43:59.473658382Z
,simulated,24,2026-02-25T12:44:59.498947684Z
,simulated,27,2026-02-25T12:45:59.523180186Z
,simulated,21,2026-02-25T12:46:59.544370515Z
,simulated,24,2026-02-25T12:47:59.567442929Z
,simulated,21,2026-02-25T12:48:59.577967573Z
,simulated,17,2026-02-25T12:49:59.597103085Z
,simulated,25,2026-02-25T12:50:59.618536647Z
,simulated,17,2026-02-25T12:51:59.639846037Z
,simulated,24,2026-02-25T12:52:59.662624365Z
,simulated,22,2026-02-25T12:53:59.682574292Z
,simulated,17,2026-02-25T12:54:59.703763969Z
,simulated,17,2026-02-25T12:55:59.727085599Z
,simulated,28,2026-02-25T12:56:59.733328224Z
,simulated,19,2026-02-25T12:57:59.755563465Z
,simulated,28,2026-02-25T12:58:59.775168708Z
,simulated,17,2026-02-25T12:59:59.796163582Z
,simulated,22,2026-02-25T13:00:59.801126887Z
,simulated,19,2026-02-25T13:01:59.816642298Z
,simulated,20,2026-02-25T13:02:59.833335346Z
,simulated,12,2026-02-25T13:03:59.848064956Z
,simulated,25,2026-02-25T13:04:59.873331366Z
,simulated,20,2026-02-25T13:05:59.88497378Z
,simulated,22,2026-02-25T13:06:59.900572069Z
,simulated,17,2026-02-25T13:07:59.922463166Z
,simulated,24,2026-02-25T13:08:59.92532731Z
,simulated,22,2026-02-25T13:09:59.947712541Z
,simulated,27,2026-02-25T13:10:59.968081107Z
,simulated,15,2026-02-25T13:11:59.993443831Z
,simulated,14,2026-02-25T13:13:00.022778796Z
,simulated,12,2026-02-25T13:14:00.025025892Z
,simulated,26,2026-02-25T13:15:00.046759316Z
,simulated,21,2026-02-25T13:16:00.064175137Z
,simulated,26,2026-02-25T13:17:00.086277716Z
,simulated,21,2026-02-25T13:18:00.098923635Z
,simulated,20,2026-02-25T13:19:00.118728863Z
,simulated,12,2026-02-25T13:20:00.144118131Z
,simulated,25,2026-02-25T13:21:00.156243738Z
,simulated,16,2026-02-25T13:22:00.183116433Z
,simulated,13,2026-02-25T13:23:00.198989441Z
,simulated,24,2026-02-25T13:24:00.2112918Z
,simulated,25,2026-02-25T13:25:00.230717159Z
,simulated,11,2026-02-25T13:26:00.251763222Z
,simulated,27,2026-02-25T13:27:00.269163383Z
,simulated,13,2026-02-25T13:28:00.281423878Z
,simulated,23,2026-02-25T13:29:00.293524319Z
,simulated,23,2026-02-25T13:30:00.311908386Z
,simulated,15,2026-02-25T13:31:00.358473348Z
,simulated,14,2026-02-25T13:32:00.351245032Z
,simulated,17,2026-02-25T13:33:00.35170798Z
,simulated,18,2026-02-25T13:34:00.36426478Z
,simulated,26,2026-02-25T13:35:00.387665936Z
,simulated,19,2026-02-25T13:36:00.399859505Z
,simulated,20,2026-02-25T13:37:00.418569374Z
,simulated,26,2026-02-25T13:38:00.43355301Z
,simulated,14,2026-02-25T13:39:00.453705011Z
,simulated,24,2026-02-25T13:40:00.471672946Z
,simulated,19,2026-02-25T13:41:00.484473888Z
,simulated,13,2026-02-25T13:42:00.501469346Z
,simulated,26,2026-02-25T13:43:00.517741449Z
,simulated,17,2026-02-25T13:44:00.521284392Z
,simulated,21,2026-02-25T13:45:00.544793147Z
,simulated,14,2026-02-25T13:46:00.554095265Z
,simulated,26,2026-02-25T13:47:00.57148495Z
,simulated,27,2026-02-25T13:48:00.587657189Z
,simulated,18,2026-02-25T13:49:00.599889651Z
,simulated,21,2026-02-25T13:50:00.617159547Z
,simulated,19,2026-02-25T13:51:00.632905467Z
,simulated,11,2026-02-25T13:52:00.648952394Z
,simulated,27,2026-02-25T13:53:00.664544583Z
,simulated,24,2026-02-25T13:54:00.680013964Z
,simulated,12,2026-02-25T13:55:00.694448639Z
,simulated,19,2026-02-25T13:56:00.7059639Z
,simulated,13,2026-02-25T13:57:00.726420443Z
,simulated,17,2026-02-25T13:58:00.736618936Z
,simulated,20,2026-02-25T13:59:00.733757615Z
,simulated,26,2026-02-25T14:00:00.735623051Z
,simulated,32,2026-02-25T14:01:00.752115451Z
,simulated,37,2026-02-25T14:02:00.767217119Z
,simulated,26,2026-02-25T14:03:00.779500756Z
,simulated,28,2026-02-25T14:04:00.793301703Z
,simulated,29,2026-02-25T14:05:00.808695086Z
,simulated,20,2026-02-25T14:06:00.823450711Z
,simulated,20,2026-02-25T14:07:00.839128364Z
,simulated,37,2026-02-25T14:08:00.854457316Z
,simulated,25,2026-02-25T14:09:00.8671086Z
,simulated,22,2026-02-25T14:10:00.882089906Z
,simulated,31,2026-02-25T14:11:00.894336694Z
,simulated,37,2026-02-25T14:12:00.906517471Z
,simulated,25,2026-02-25T14:13:00.920131309Z
,simulated,35,2026-02-25T14:14:00.92583841Z
,simulated,33,2026-02-25T14:15:00.94042614Z
,simulated,28,2026-02-25T14:16:00.950284583Z
,simulated,27,2026-02-25T14:17:00.961793006Z
,simulated,21,2026-02-25T14:18:00.983488632Z
,simulated,29,2026-02-25T14:19:00.990839289Z
,simulated,23,2026-02-25T14:20:01.00498368Z
,simulated,33,2026-02-25T14:21:00.993608799Z
,simulated,27,2026-02-25T14:22:01.004420818Z
,simulated,25,2026-02-25T14:23:01.018383884Z
,simulated,18,2026-02-25T14:24:01.028651627Z
,simulated,19,2026-02-25T14:25:01.040434127Z
,simulated,20,2026-02-25T14:26:01.054382935Z
,simulated,32,2026-02-25T14:27:01.066974726Z
,simulated,23,2026-02-25T14:28:01.079794489Z
,simulated,19,2026-02-25T14:29:01.085813006Z
,simulated,18,2026-02-25T14:30:01.088597597Z
,simulated,35,2026-02-25T14:31:01.096246143Z
,simulated,35,2026-02-25T14:32:01.108061956Z
,simulated,19,2026-02-25T14:33:01.125225548Z
,simulated,24,2026-02-25T14:34:01.1337827Z
,simulated,26,2026-02-25T14:35:01.140496069Z
,simulated,25,2026-02-25T14:36:01.142082553Z
,simulated,34,2026-02-25T14:37:01.156780132Z
,simulated,31,2026-02-25T14:38:01.169086629Z
,simulated,30,2026-02-25T14:39:01.184531544Z
,simulated,31,2026-02-25T14:40:01.179267479Z
,simulated,26,2026-02-25T14:41:01.184391676Z
,simulated,24,2026-02-25T14:42:01.198604085Z
,simulated,18,2026-02-25T14:43:01.20056764Z
,simulated,19,2026-02-25T14:44:01.208066586Z
,simulated,20,2026-02-25T14:45:01.218067023Z
,simulated,29,2026-02-25T14:46:01.227528058Z
,simulated,19,2026-02-25T14:47:01.232851595Z
,simulated,31,2026-02-25T14:48:01.241641583Z
,simulated,26,2026-02-25T14:49:01.251528504Z
,simulated,34,2026-02-25T14:50:01.2598546Z
,simulated,33,2026-02-25T14:51:01.27260991Z
,simulated,33,2026-02-25T14:52:01.281538703Z
,simulated,33,2026-02-25T14:53:01.296413621Z
,simulated,37,2026-02-25T14:54:01.296186661Z
,simulated,23,2026-02-25T14:55:01.303980346Z
,simulated,26,2026-02-25T14:56:01.314381616Z
,simulated,29,2026-02-25T14:57:01.323313619Z
,simulated,29,2026-02-25T14:58:01.333015313Z
,simulated,25,2026-02-25T14:59:01.337488918Z
,simulated,32,2026-02-25T15:00:01.350798001Z
,simulated,36,2026-02-25T15:01:01.347671054Z
,simulated,40,2026-02-25T15:02:01.355316505Z
,simulated,24,2026-02-25T15:03:01.362341904Z
,simulated,29,2026-02-25T15:04:01.366558251Z
,simulated,22,2026-02-25T15:05:01.374946124Z
,simulated,41,2026-02-25T15:06:01.381419381Z
,simulated,27,2026-02-25T15:07:01.388533503Z
,simulated,30,2026-02-25T15:08:01.396681004Z
,simulated,39,2026-02-25T15:09:01.396031428Z
,simulated,30,2026-02-25T15:10:01.405783927Z
,simulated,35,2026-02-25T15:11:01.408739016Z
,simulated,35,2026-02-25T15:12:01.411959151Z
,simulated,31,2026-02-25T15:13:01.411735331Z
,simulated,22,2026-02-25T15:14:01.417474558Z
,simulated,23,2026-02-25T15:15:01.424375213Z
,simulated,30,2026-02-25T15:16:01.431723813Z
,simulated,30,2026-02-25T15:17:01.430486629Z
,simulated,27,2026-02-25T15:18:01.445078875Z
,simulated,24,2026-02-25T15:19:01.453156295Z
,simulated,21,2026-02-25T15:20:01.445047494Z
,simulated,22,2026-02-25T15:21:01.450702343Z
,simulated,21,2026-02-25T15:22:01.454391963Z
,simulated,40,2026-02-25T15:23:01.464070587Z
,simulated,30,2026-02-25T15:24:01.461293253Z
,simulated,22,2026-02-25T15:25:01.471653904Z
,simulated,39,2026-02-25T15:26:01.471503033Z
,simulated,22,2026-02-25T15:27:01.473865453Z
,simulated,30,2026-02-25T15:28:01.480060688Z
,simulated,36,2026-02-25T15:29:01.4829034Z
,simulated,39,2026-02-25T15:30:01.487339939Z
,simulated,31,2026-02-25T15:31:01.49304353Z
,simulated,41,2026-02-25T15:32:01.493689285Z
,simulated,30,2026-02-25T15:33:01.503364188Z
,simulated,36,2026-02-25T15:34:01.503144618Z
,simulated,41,2026-02-25T15:35:01.506209887Z
,simulated,27,2026-02-25T15:36:01.506894765Z
,simulated,39,2026-02-25T15:37:01.511432002Z
,simulated,39,2026-02-25T15:38:01.521365986Z
,simulated,28,2026-02-25T15:39:01.521013322Z
,simulated,25,2026-02-25T15:40:01.521121316Z
,simulated,29,2026-02-25T15:41:01.523469483Z
,simulated,41,2026-02-25T15:42:01.528657949Z
,simulated,26,2026-02-25T15:43:01.529794469Z
,simulated,26,2026-02-25T15:44:01.531318641Z
,simulated,27,2026-02-25T15:45:01.531335222Z
,simulated,37,2026-02-25T15:46:01.534628799Z
,simulated,21,2026-02-25T15:47:01.539468584Z
,simulated,41,2026-02-25T15:48:01.542111603Z
,simulated,26,2026-02-25T15:49:01.544583714Z
,simulated,23,2026-02-25T15:50:01.547331671Z
,simulated,32,2026-02-25T15:51:01.545373753Z
,simulated,22,2026-02-25T15:52:01.547819077Z
,simulated,21,2026-02-25T15:53:01.558866233Z
,simulated,33,2026-02-25T15:54:01.549289981Z
,simulated,37,2026-02-25T15:55:01.548162089Z
,simulated,36,2026-02-25T15:56:01.550540048Z
,simulated,33,2026-02-25T15:57:01.552748681Z
,simulated,21,2026-02-25T15:58:01.553711885Z
,simulated,40,2026-02-25T15:59:01.563637151Z
,simulated,27,2026-02-25T16:00:01.556386016Z
,simulated,27,2026-02-25T16:01:01.553989177Z
,simulated,23,2026-02-25T16:02:01.554146358Z
,simulated,17,2026-02-25T16:03:01.556634016Z
,simulated,30,2026-02-25T16:04:01.556411421Z
,simulated,30,2026-02-25T16:05:01.555865021Z
,simulated,21,2026-02-25T16:06:01.556664598Z
,simulated,16,2026-02-25T16:07:01.558064758Z
,simulated,20,2026-02-25T16:08:01.556880375Z
,simulated,22,2026-02-25T16:09:01.596902396Z
,simulated,28,2026-02-25T16:10:01.583579302Z
,simulated,28,2026-02-25T16:11:01.613711746Z
,simulated,14,2026-02-25T16:12:01.644260991Z
,simulated,16,2026-02-25T16:13:01.674684027Z
,simulated,15,2026-02-25T16:14:01.702267364Z
,simulated,22,2026-02-25T16:15:01.730799171Z
,simulated,15,2026-02-25T16:16:01.759919112Z
,simulated,25,2026-02-25T16:17:01.789388794Z
,simulated,29,2026-02-25T16:18:01.815571176Z
,simulated,22,2026-02-25T16:19:01.834567135Z
,simulated,24,2026-02-25T16:20:01.864107608Z
,simulated,17,2026-02-25T16:21:01.893103224Z
,simulated,29,2026-02-25T16:22:01.918236158Z
,simulated,16,2026-02-25T16:23:01.927690361Z
,simulated,27,2026-02-25T16:24:01.938149351Z
,simulated,24,2026-02-25T16:25:01.961324193Z
,simulated,18,2026-02-25T16:26:01.994874642Z
,simulated,17,2026-02-25T16:27:02.015391943Z
,simulated,28,2026-02-25T16:28:02.051926759Z
,simulated,26,2026-02-25T16:29:02.059335275Z
,simulated,15,2026-02-25T16:30:02.078275102Z
,simulated,30,2026-02-25T16:31:02.096881375Z
,simulated,18,2026-02-25T16:32:02.128123535Z
,simulated,15,2026-02-25T16:33:02.156581929Z
,simulated,25,2026-02-25T16:34:02.177725939Z
,simulated,19,2026-02-25T16:35:02.208170351Z
,simulated,28,2026-02-25T16:36:02.204470282Z
,simulated,24,2026-02-25T16:37:02.223366154Z
,simulated,19,2026-02-25T16:38:02.245795377Z
,simulated,25,2026-02-25T16:39:02.272482795Z
,simulated,26,2026-02-25T16:40:02.298908694Z
,simulated,23,2026-02-25T16:41:02.328184705Z
,simulated,24,2026-02-25T16:42:02.35125281Z
,simulated,21,2026-02-25T16:43:02.369038329Z
,simulated,14,2026-02-25T16:44:02.384241653Z
,simulated,22,2026-02-25T16:45:02.409602483Z
,simulated,29,2026-02-25T16:46:02.431384486Z
,simulated,20,2026-02-25T16:47:02.456314318Z
,simulated,28,2026-02-25T16:48:02.490014392Z
,simulated,28,2026-02-25T16:49:02.508012307Z
,simulated,23,2026-02-25T16:50:02.531336277Z
,simulated,22,2026-02-25T16:51:02.556232543Z
,simulated,26,2026-02-25T16:52:02.580377735Z
,simulated,21,2026-02-25T16:53:02.606968964Z
,simulated,22,2026-02-25T16:54:02.618936098Z
,simulated,13,2026-02-25T16:55:02.64575926Z
,simulated,28,2026-02-25T16:56:02.673769903Z
,simulated,22,2026-02-25T16:57:02.673514677Z
,simulated,18,2026-02-25T16:58:02.705957139Z
,simulated,28,2026-02-25T16:59:02.726071397Z
,simulated,11,2026-02-25T17:00:02.751120289Z
,simulated,19,2026-02-25T17:01:02.769501151Z
,simulated,12,2026-02-25T17:02:02.795639889Z
,simulated,8,2026-02-25T17:03:02.803148176Z
,simulated,10,2026-02-25T17:04:02.830358021Z
,simulated,20,2026-02-25T17:05:02.854683506Z
,simulated,20,2026-02-25T17:06:02.864061914Z
,simulated,14,2026-02-25T17:07:02.878528651Z
,simulated,18,2026-02-25T17:08:02.900970394Z
,simulated,13,2026-02-25T17:09:02.911586876Z
,simulated,20,2026-02-25T17:10:02.934207744Z
,simulated,10,2026-02-25T17:11:02.959726663Z
,simulated,19,2026-02-25T17:12:02.977363569Z
,simulated,20,2026-02-25T17:13:03.002917181Z
,simulated,21,2026-02-25T17:14:03.025641814Z
,simulated,16,2026-02-25T17:15:03.052452218Z
,simulated,10,2026-02-25T17:16:03.064537543Z
,simulated,17,2026-02-25T17:17:03.080373344Z
,simulated,18,2026-02-25T17:18:03.111927726Z
,simulated,13,2026-02-25T17:19:03.128279719Z
,simulated,18,2026-02-25T17:20:03.155540308Z
,simulated,20,2026-02-25T17:21:03.168382679Z
,simulated,20,2026-02-25T17:22:03.187811869Z
,simulated,16,2026-02-25T17:23:03.211416602Z
,simulated,20,2026-02-25T17:24:03.236325617Z
,simulated,11,2026-02-25T17:25:03.257509485Z
,simulated,9,2026-02-25T17:26:03.26704097Z
,simulated,9,2026-02-25T17:27:03.303511452Z
,simulated,17,2026-02-25T17:28:03.319786885Z
,simulated,15,2026-02-25T17:29:03.344654707Z
,simulated,18,2026-02-25T17:30:03.372136834Z
,simulated,21,2026-02-25T17:31:03.372855346Z
,simulated,13,2026-02-25T17:32:03.385493278Z
,simulated,10,2026-02-25T17:33:03.410437826Z
,simulated,10,2026-02-25T17:34:03.430916065Z
,simulated,21,2026-02-25T17:35:03.456666123Z
,simulated,16,2026-02-25T17:36:03.479497516Z
,simulated,13,2026-02-25T17:37:03.502770414Z
,simulated,18,2026-02-25T17:38:03.529067747Z
,simulated,12,2026-02-25T17:39:03.550364041Z
,simulated,14,2026-02-25T17:40:03.572545571Z
,simulated,8,2026-02-25T17:41:03.582164744Z
,simulated,20,2026-02-25T17:42:03.606762871Z
,simulated,20,2026-02-25T17:43:03.605235746Z
,simulated,20,2026-02-25T17:44:03.628417252Z
,simulated,15,2026-02-25T17:45:03.650353015Z
,simulated,9,2026-02-25T17:46:03.657277126Z
,simulated,12,2026-02-25T17:47:03.65925359Z
,simulated,18,2026-02-25T17:48:03.683004701Z
,simulated,9,2026-02-25T17:49:03.704202826Z
,simulated,14,2026-02-25T17:50:03.724452291Z
,simulated,9,2026-02-25T17:51:03.744651478Z
,simulated,12,2026-02-25T17:52:03.753098793Z
,simulated,14,2026-02-25T17:53:03.756885461Z
,simulated,9,2026-02-25T17:54:03.77172939Z
,simulated,8,2026-02-25T17:55:03.796830345Z
,simulated,12,2026-02-25T17:56:03.813673162Z
,simulated,12,2026-02-25T17:57:03.831988641Z
,simulated,12,2026-02-25T17:58:03.839430503Z
,simulated,15,2026-02-25T17:59:04.053406594Z
,simulated,8,2026-02-25T18:00:03.883386539Z
,simulated,8,2026-02-25T18:01:03.903759986Z
,simulated,11,2026-02-25T18:02:03.927299897Z
,simulated,14,2026-02-25T18:03:03.949762119Z
,simulated,13,2026-02-25T18:04:03.950522593Z
,simulated,8,2026-02-25T18:05:03.973884528Z
,simulated,14,2026-02-25T18:06:03.993424523Z
,simulated,13,2026-02-25T18:07:04.000366863Z
,simulated,14,2026-02-25T18:08:04.00933495Z
,simulated,14,2026-02-25T18:09:04.02830284Z
,simulated,8,2026-02-25T18:10:04.052035267Z
,simulated,14,2026-02-25T18:11:04.062854768Z
,simulated,13,2026-02-25T18:12:04.078736353Z
,simulated,13,2026-02-25T18:13:04.092321266Z
,simulated,15,2026-02-25T18:14:04.103118062Z
,simulated,11,2026-02-25T18:15:04.124260628Z
,simulated,9,2026-02-25T18:16:04.150998995Z
,simulated,12,2026-02-25T18:17:04.177869557Z
,simulated,13,2026-02-25T18:18:04.187995837Z
,simulated,15,2026-02-25T18:19:04.203211549Z
,simulated,12,2026-02-25T18:20:04.220938532Z
,simulated,10,2026-02-25T18:21:04.236456626Z
,simulated,10,2026-02-25T18:22:04.257529553Z
,simulated,15,2026-02-25T18:23:04.270656342Z
,simulated,13,2026-02-25T18:24:04.291376034Z
,simulated,12,2026-02-25T18:25:04.3118929Z
,simulated,10,2026-02-25T18:26:04.33020893Z
,simulated,12,2026-02-25T18:27:04.355502539Z
,simulated,13,2026-02-25T18:28:04.363661582Z
,simulated,9,2026-02-25T18:29:04.382460562Z
,simulated,12,2026-02-25T18:30:04.405013285Z
,simulated,13,2026-02-25T18:31:04.423328244Z
,simulated,13,2026-02-25T18:32:04.442454199Z
,simulated,13,2026-02-25T18:33:04.466779418Z
,simulated,12,2026-02-25T18:34:04.480333779Z
,simulated,10,2026-02-25T18:35:04.498049838Z
,simulated,11,2026-02-25T18:36:04.513566044Z
,simulated,15,2026-02-25T18:37:04.53157325Z
,simulated,8,2026-02-25T18:38:04.55258983Z
,simulated,12,2026-02-25T18:39:04.572375531Z
,simulated,12,2026-02-25T18:40:04.583667956Z
,simulated,12,2026-02-25T18:41:04.603326601Z
,simulated,15,2026-02-25T18:42:04.612855794Z
,simulated,15,2026-02-25T18:43:04.617296089Z
,simulated,9,2026-02-25T18:44:04.636838243Z
,simulated,8,2026-02-25T18:45:04.651663377Z
,simulated,14,2026-02-25T18:46:04.664211371Z
,simulated,14,2026-02-25T18:47:04.679573457Z
,simulated,9,2026-02-25T18:48:04.698858587Z
,simulated,15,2026-02-25T18:49:04.714347036Z
,simulated,12,2026-02-25T18:50:04.732963584Z
,simulated,10,2026-02-25T18:51:04.752000179Z
,simulated,11,2026-02-25T18:52:04.764773966Z
,simulated,8,2026-02-25T18:53:04.782442457Z
,simulated,15,2026-02-25T18:54:04.794239558Z
,simulated,12,2026-02-25T18:55:04.812765941Z
,simulated,11,2026-02-25T18:56:04.827423768Z
,simulated,11,2026-02-25T18:57:04.845478873Z
,simulated,11,2026-02-25T18:58:04.864359008Z
,simulated,8,2026-02-25T18:59:04.872528978Z
,simulated,7,2026-02-25T19:00:04.874212006Z
,simulated,11,2026-02-25T19:01:04.899367955Z
,simulated,8,2026-02-25T19:02:04.905541516Z
,simulated,5,2026-02-25T19:03:04.914543825Z
,simulated,10,2026-02-25T19:04:04.930219334Z
,simulated,8,2026-02-25T19:05:04.944420526Z
,simulated,11,2026-02-25T19:06:04.95986796Z
,simulated,10,2026-02-25T19:07:04.965088318Z
,simulated,4,2026-02-25T19:08:04.971217103Z
,simulated,8,2026-02-25T19:09:04.980671854Z
,simulated,5,2026-02-25T19:10:04.999435126Z
,simulated,4,2026-02-25T19:11:05.012683843Z
,simulated,6,2026-02-25T19:12:05.027685506Z
,simulated,6,2026-02-25T19:13:05.041687338Z
,simulated,9,2026-02-25T19:14:05.044808789Z
,simulated,6,2026-02-25T19:15:05.056690867Z
,simulated,6,2026-02-25T19:16:05.066320041Z
,simulated,4,2026-02-25T19:17:05.081472085Z
,simulated,11,2026-02-25T19:18:05.100507323Z
,simulated,7,2026-02-25T19:19:05.11739591Z
,simulated,10,2026-02-25T19:20:05.131731441Z
,simulated,6,2026-02-25T19:21:05.145660317Z
,simulated,7,2026-02-25T19:22:05.157835211Z
,simulated,4,2026-02-25T19:23:05.164839265Z
,simulated,7,2026-02-25T19:24:05.177088915Z
,simulated,5,2026-02-25T19:25:05.191359724Z
,simulated,11,2026-02-25T19:26:05.206122797Z
,simulated,10,2026-02-25T19:27:05.214055668Z
,simulated,10,2026-02-25T19:28:05.230069907Z
,simulated,9,2026-02-25T19:29:05.239740066Z
,simulated,4,2026-02-25T19:30:05.254995017Z
,simulated,4,2026-02-25T19:31:05.262893376Z
,simulated,8,2026-02-25T19:32:05.265865705Z
,simulated,8,2026-02-25T19:33:05.27665092Z
,simulated,9,2026-02-25T19:34:05.286728718Z
,simulated,9,2026-02-25T19:35:05.301825928Z
,simulated,9,2026-02-25T19:36:05.311881857Z
,simulated,4,2026-02-25T19:37:05.324478281Z
,simulated,10,2026-02-25T19:38:05.334586371Z
,simulated,7,2026-02-25T19:39:05.348390919Z
,simulated,8,2026-02-25T19:40:05.354173123Z
,simulated,9,2026-02-25T19:41:05.366691923Z
,simulated,10,2026-02-25T19:42:05.36816869Z
,simulated,9,2026-02-25T19:43:05.38218623Z
,simulated,6,2026-02-25T19:44:05.391395102Z
,simulated,4,2026-02-25T19:45:05.406227804Z
,simulated,7,2026-02-25T19:46:05.416248389Z
,simulated,5,2026-02-25T19:47:05.426518258Z
,simulated,8,2026-02-25T19:48:05.444502269Z
,simulated,6,2026-02-25T19:49:05.451885301Z
,simulated,4,2026-02-25T19:50:05.463598899Z
,simulated,5,2026-02-25T19:51:05.476939416Z
,simulated,7,2026-02-25T19:52:05.482196053Z
,simulated,4,2026-02-25T19:53:05.496435733Z
,simulated,5,2026-02-25T19:54:05.509466108Z
,simulated,9,2026-02-25T19:55:05.52070168Z
,simulated,10,2026-02-25T19:56:05.520563493Z
,simulated,11,2026-02-25T19:57:05.533086704Z
,simulated,7,2026-02-25T19:58:05.543003059Z
,simulated,4,2026-02-25T19:59:05.551903626Z
,simulated,9,2026-02-25T20:00:05.565056469Z
,simulated,9,2026-02-25T20:01:05.57687416Z
,simulated,6,2026-02-25T20:02:05.588584859Z
,simulated,10,2026-02-25T20:03:05.589396011Z
,simulated,9,2026-02-25T20:04:05.601096886Z
,simulated,8,2026-02-25T20:05:05.611079109Z
,simulated,7,2026-02-25T20:06:05.610887855Z
,simulated,7,2026-02-25T20:07:05.626045239Z
,simulated,7,2026-02-25T20:08:05.634319644Z
,simulated,8,2026-02-25T20:09:05.644995451Z
,simulated,9,2026-02-25T20:10:05.653800973Z
,simulated,9,2026-02-25T20:11:05.667635697Z
,simulated,10,2026-02-25T20:12:05.672545777Z
,simulated,8,2026-02-25T20:13:05.679481427Z
,simulated,9,2026-02-25T20:14:05.683842762Z
,simulated,8,2026-02-25T20:15:05.691385046Z
,simulated,7,2026-02-25T20:16:05.703159391Z
,simulated,10,2026-02-25T20:17:05.711437592Z
,simulated,8,2026-02-25T20:18:05.721562911Z
,simulated,7,2026-02-25T20:19:05.727590986Z
,simulated,5,2026-02-25T20:20:05.738150485Z
,simulated,9,2026-02-25T20:21:05.745916144Z
,simulated,9,2026-02-25T20:22:05.748038607Z
,simulated,5,2026-02-25T20:23:05.75746552Z
,simulated,8,2026-02-25T20:24:05.76095285Z
,simulated,7,2026-02-25T20:25:05.770644169Z
,simulated,8,2026-02-25T20:26:05.776236585Z
,simulated,9,2026-02-25T20:27:05.787752887Z
,simulated,10,2026-02-25T20:28:05.797053782Z
,simulated,10,2026-02-25T20:29:05.805571096Z
,simulated,7,2026-02-25T20:30:05.815691516Z
,simulated,9,2026-02-25T20:31:05.818679397Z
,simulated,10,2026-02-25T20:32:05.82430792Z
,simulated,9,2026-02-25T20:33:05.833863576Z
,simulated,8,2026-02-25T20:34:05.844596153Z
,simulated,10,2026-02-25T20:35:05.848830642Z
,simulated,5,2026-02-25T20:36:05.852597197Z
,simulated,6,2026-02-25T20:37:05.858655206Z
,simulated,5,2026-02-25T20:38:05.871612535Z
,simulated,10,2026-02-25T20:39:05.872550134Z
,simulated,5,2026-02-25T20:40:05.882165238Z
,simulated,10,2026-02-25T20:41:05.886728505Z
,simulated,7,2026-02-25T20:42:05.901985361Z
,simulated,8,2026-02-25T20:43:05.897135448Z
,simulated,8,2026-02-25T20:44:05.905127765Z
,simulated,5,2026-02-25T20:45:05.916107081Z
,simulated,6,2026-02-25T20:46:05.915670068Z
,simulated,9,2026-02-25T20:47:05.921038009Z
,simulated,9,2026-02-25T20:48:05.952078983Z
,simulated,6,2026-02-25T20:49:05.93519999Z
,simulated,7,2026-02-25T20:50:05.940175653Z
,simulated,6,2026-02-25T20:51:05.945190027Z
,simulated,10,2026-02-25T20:52:05.951043008Z
,simulated,6,2026-02-25T20:53:05.95866293Z
,simulated,5,2026-02-25T20:54:05.963657902Z
,simulated,9,2026-02-25T20:55:05.97794812Z
,simulated,9,2026-02-25T20:56:05.973383275Z
,simulated,6,2026-02-25T20:57:05.977359316Z
,simulated,10,2026-02-25T20:58:05.982038583Z
,simulated,5,2026-02-25T20:59:05.98378445Z
,simulated,4,2026-02-25T21:00:05.989934283Z
,simulated,7,2026-02-25T21:01:05.992477863Z
,simulated,7,2026-02-25T21:02:05.995098158Z
,simulated,5,2026-02-25T21:03:06.000599655Z
,simulated,5,2026-02-25T21:04:06.007111246Z
,simulated,7,2026-02-25T21:05:06.006805673Z
,simulated,5,2026-02-25T21:06:06.014535491Z
,simulated,3,2026-02-25T21:07:06.02008066Z
,simulated,3,2026-02-25T21:08:06.024627306Z
,simulated,3,2026-02-25T21:09:06.028957725Z
,simulated,7,2026-02-25T21:10:06.0342948Z
,simulated,4,2026-02-25T21:11:06.03837266Z
,simulated,4,2026-02-25T21:12:06.036513782Z
,simulated,7,2026-02-25T21:13:06.042755895Z
,simulated,3,2026-02-25T21:14:06.040155414Z
,simulated,5,2026-02-25T21:15:06.045811482Z
,simulated,5,2026-02-25T21:16:06.05068159Z
,simulated,6,2026-02-25T21:17:06.053794102Z
,simulated,6,2026-02-25T21:18:06.053180818Z
,simulated,7,2026-02-25T21:19:06.057553042Z
,simulated,3,2026-02-25T21:20:06.065922105Z
,simulated,4,2026-02-25T21:21:06.066830286Z
,simulated,7,2026-02-25T21:22:06.070892857Z
,simulated,3,2026-02-25T21:23:06.079967928Z
,simulated,7,2026-02-25T21:24:06.078169994Z
,simulated,5,2026-02-25T21:25:06.074648547Z
,simulated,4,2026-02-25T21:26:06.073552966Z
,simulated,3,2026-02-25T21:27:06.075875313Z
,simulated,4,2026-02-25T21:28:06.090090705Z
,simulated,7,2026-02-25T21:29:06.085049099Z
,simulated,4,2026-02-25T21:30:06.090902746Z
,simulated,6,2026-02-25T21:31:06.084015567Z
,simulated,3,2026-02-25T21:32:06.088545517Z
,simulated,4,2026-02-25T21:33:06.091177423Z
,simulated,3,2026-02-25T21:34:06.090137491Z
,simulated,4,2026-02-25T21:35:06.090249297Z
,simulated,4,2026-02-25T21:36:06.089876143Z
,simulated,6,2026-02-25T21:37:06.09081555Z
,simulated,4,2026-02-25T21:38:06.092095055Z
,simulated,7,2026-02-25T21:39:06.097508162Z
,simulated,3,2026-02-25T21:40:06.099175908Z
,simulated,5,2026-02-25T21:41:06.102152674Z
,simulated,5,2026-02-25T21:42:06.104427367Z
,simulated,6,2026-02-25T21:43:06.104918286Z
,simulated,3,2026-02-25T21:44:06.103798321Z
,simulated,6,2026-02-25T21:45:06.10708315Z
,simulated,7,2026-02-25T21:46:06.104959004Z
,simulated,5,2026-02-25T21:47:06.106809844Z
,simulated,4,2026-02-25T21:48:06.110583636Z
,simulated,7,2026-02-25T21:49:06.105351855Z
,simulated,4,2026-02-25T21:50:06.108660059Z
,simulated,4,2026-02-25T21:51:06.108053216Z
,simulated,7,2026-02-25T21:52:06.107970215Z
,simulated,6,2026-02-25T21:53:06.116760551Z
,simulated,7,2026-02-25T21:54:06.109985277Z
,simulated,7,2026-02-25T21:55:06.11017326Z
,simulated,5,2026-02-25T21:56:06.131933754Z
,simulated,3,2026-02-25T21:57:06.159898594Z
,simulated,7,2026-02-25T21:58:06.189597306Z
,simulated,7,2026-02-25T21:59:06.216738977Z
,simulated,7,2026-02-25T22:00:06.248175247Z
,simulated,4,2026-02-25T22:01:06.27171251Z
,simulated,4,2026-02-25T22:02:06.30115369Z
,simulated,4,2026-02-25T22:03:06.329934022Z
,simulated,5,2026-02-25T22:04:06.355821799Z
,simulated,5,2026-02-25T22:05:06.360788067Z
,simulated,4,2026-02-25T22:06:06.384565506Z
,simulated,3,2026-02-25T22:07:06.411915097Z
,simulated,7,2026-02-25T22:08:06.439462705Z
,simulated,6,2026-02-25T22:09:06.465442799Z
,simulated,5,2026-02-25T22:10:06.492109721Z
,simulated,4,2026-02-25T22:11:06.523821448Z
,simulated,4,2026-02-25T22:12:06.537088459Z
,simulated,6,2026-02-25T22:13:06.54161791Z
,simulated,4,2026-02-25T22:14:06.551332207Z
,simulated,3,2026-02-25T22:15:06.579270266Z
,simulated,4,2026-02-25T22:16:06.606943422Z
,simulated,5,2026-02-25T22:17:06.634006263Z
,simulated,6,2026-02-25T22:18:06.657581448Z
,simulated,3,2026-02-25T22:19:06.684173831Z
,simulated,6,2026-02-25T22:20:06.711428941Z
,simulated,6,2026-02-25T22:21:06.709284991Z
,simulated,7,2026-02-25T22:22:06.741880999Z
,simulated,6,2026-02-25T22:23:06.761207384Z
,simulated,6,2026-02-25T22:24:06.762945243Z
,simulated,4,2026-02-25T22:25:06.789055149Z
,simulated,4,2026-02-25T22:26:06.811038237Z
,simulated,4,2026-02-25T22:27:06.825143469Z
,simulated,3,2026-02-25T22:28:06.848088977Z
,simulated,4,2026-02-25T22:29:06.873992807Z
,simulated,4,2026-02-25T22:30:06.896881627Z
,simulated,5,2026-02-25T22:31:06.920689919Z
,simulated,6,2026-02-25T22:32:06.946447311Z
,simulated,5,2026-02-25T22:33:06.975213233Z
,simulated,5,2026-02-25T22:34:06.990278576Z
,simulated,4,2026-02-25T22:35:07.000367115Z
,simulated,3,2026-02-25T22:36:07.027189478Z
,simulated,3,2026-02-25T22:37:07.052351972Z
,simulated,4,2026-02-25T22:38:07.078911756Z
,simulated,7,2026-02-25T22:39:07.101545684Z
,simulated,7,2026-02-25T22:40:07.127455351Z
,simulated,3,2026-02-25T22:41:07.153096065Z
,simulated,5,2026-02-25T22:42:07.163757548Z
,simulated,4,2026-02-25T22:43:07.18190414Z
,simulated,3,2026-02-25T22:44:07.207391052Z
,simulated,4,2026-02-25T22:45:07.231092825Z
,simulated,3,2026-02-25T22:46:07.23503441Z
,simulated,3,2026-02-25T22:47:07.25839076Z
,simulated,5,2026-02-25T22:48:07.280783072Z
,simulated,7,2026-02-25T22:49:07.305087978Z
,simulated,7,2026-02-25T22:50:07.32839367Z
,simulated,7,2026-02-25T22:51:07.352976067Z
,simulated,4,2026-02-25T22:52:07.372655144Z
,simulated,6,2026-02-25T22:53:07.395369179Z
,simulated,3,2026-02-25T22:54:07.416150603Z
,simulated,5,2026-02-25T22:55:07.441972995Z
,simulated,3,2026-02-25T22:56:07.466854671Z
,simulated,7,2026-02-25T22:57:07.487106552Z
,simulated,5,2026-02-25T22:58:07.511477887Z
,simulated,7,2026-02-25T22:59:07.525639386Z
,simulated,5,2026-02-25T23:00:07.548183896Z
,simulated,3,2026-02-25T23:01:07.574192735Z
,simulated,7,2026-02-25T23:02:07.597529709Z
,simulated,7,2026-02-25T23:03:07.616247252Z
,simulated,7,2026-02-25T23:04:07.637950376Z
,simulated,6,2026-02-25T23:05:07.661292127Z
,simulated,4,2026-02-25T23:06:07.683587036Z
,simulated,7,2026-02-25T23:07:07.703675502Z
,simulated,5,2026-02-25T23:08:07.719745783Z
,simulated,5,2026-02-25T23:09:07.741546862Z
,simulated,6,2026-02-25T23:10:07.761787078Z
,simulated,6,2026-02-25T23:11:07.784759786Z
,simulated,4,2026-02-25T23:12:07.807539005Z
,simulated,4,2026-02-25T23:13:07.828974948Z
,simulated,4,2026-02-25T23:14:07.848917371Z
,simulated,4,2026-02-25T23:15:07.870162378Z
,simulated,7,2026-02-25T23:16:07.890674756Z
,simulated,4,2026-02-25T23:17:07.912933281Z
,simulated,4,2026-02-25T23:18:07.933918181Z
,simulated,3,2026-02-25T23:19:07.951909392Z
,simulated,6,2026-02-25T23:20:07.979175494Z
,simulated,5,2026-02-25T23:21:07.986421676Z
,simulated,3,2026-02-25T23:22:08.006458707Z
,simulated,5,2026-02-25T23:23:08.031640959Z
,simulated,7,2026-02-25T23:24:08.031866246Z
,simulated,4,2026-02-25T23:25:08.044541749Z
,simulated,5,2026-02-25T23:26:08.067000788Z
,simulated,3,2026-02-25T23:27:08.083883369Z
,simulated,6,2026-02-25T23:28:08.104084905Z
,simulated,6,2026-02-25T23:29:08.108092412Z
,simulated,7,2026-02-25T23:30:08.128654674Z
,simulated,7,2026-02-25T23:31:08.148602775Z
,simulated,5,2026-02-25T23:32:08.168556315Z
,simulated,4,2026-02-25T23:33:08.170680913Z
,simulated,6,2026-02-25T23:34:08.187552308Z
,simulated,6,2026-02-25T23:35:08.208410827Z
,simulated,6,2026-02-25T23:36:08.223930042Z
,simulated,4,2026-02-25T23:37:08.24348447Z
,simulated,3,2026-02-25T23:38:08.254114927Z
,simulated,3,2026-02-25T23:39:08.267633117Z
,simulated,3,2026-02-25T23:40:08.289338712Z
,simulated,6,2026-02-25T23:41:08.305647049Z
,simulated,5,2026-02-25T23:42:08.325482236Z
,simulated,5,2026-02-25T23:43:08.325914878Z
,simulated,3,2026-02-25T23:44:08.344555963Z
,simulated,5,2026-02-25T23:45:08.357848381Z
,simulated,6,2026-02-25T23:46:08.374595374Z
,simulated,7,2026-02-25T23:47:08.396658721Z
,simulated,7,2026-02-25T23:48:08.407143745Z
,simulated,7,2026-02-25T23:49:08.424194544Z
,simulated,5,2026-02-25T23:50:08.431302813Z
,simulated,3,2026-02-25T23:51:08.443433296Z
,simulated,5,2026-02-25T23:52:08.462691659Z
,simulated,6,2026-02-25T23:53:08.470043279Z
,simulated,6,2026-02-25T23:54:08.487915754Z
,simulated,7,2026-02-25T23:55:08.503575005Z
,simulated,6,2026-02-25T23:56:08.519815796Z
,simulated,4,2026-02-25T23:57:08.530112817Z
,simulated,6,2026-02-25T23:58:08.549817063Z
,simulated,3,2026-02-25T23:59:08.559760851Z
,simulated,0,2026-02-26T00:00:08.580500641Z
,simulated,0,2026-02-26T00:01:08.592576799Z
,simulated,0,2026-02-26T00:02:08.60935332Z
,simulated,0,2026-02-26T00:03:08.624831791Z
,simulated,0,2026-02-26T00:04:08.637798142Z
,simulated,0,2026-02-26T00:05:08.649078223Z
,simulated,0,2026-02-26T00:06:08.664477545Z
,simulated,0,2026-02-26T00:07:08.681538089Z
,simulated,0,2026-02-26T00:08:08.696343398Z
,simulated,0,2026-02-26T00:09:08.702840366Z
,simulated,0,2026-02-26T00:10:08.718442267Z
,simulated,0,2026-02-26T00:11:08.732853782Z
,simulated,0,2026-02-26T00:12:08.744393392Z
,simulated,0,2026-02-26T00:13:08.761493324Z
,simulated,0,2026-02-26T00:14:08.775889704Z
,simulated,0,2026-02-26T00:15:08.791870917Z
,simulated,0,2026-02-26T00:16:08.804686361Z
,simulated,0,2026-02-26T00:17:08.813314284Z
,simulated,0,2026-02-26T00:18:08.816471034Z
,simulated,0,2026-02-26T00:19:08.830244844Z
,simulated,0,2026-02-26T00:20:08.838260157Z
,simulated,0,2026-02-26T00:21:08.852730031Z
,simulated,0,2026-02-26T00:22:08.867262002Z
,simulated,0,2026-02-26T00:23:08.881591175Z
,simulated,0,2026-02-26T00:24:08.899882686Z
,simulated,0,2026-02-26T00:25:08.908139247Z
,simulated,0,2026-02-26T00:26:08.920479419Z
,simulated,0,2026-02-26T00:27:08.930417337Z
,simulated,0,2026-02-26T00:28:08.944630213Z
,simulated,0,2026-02-26T00:29:08.960452625Z
,simulated,0,2026-02-26T00:30:08.970813066Z
,simulated,0,2026-02-26T00:31:08.98419385Z
,simulated,0,2026-02-26T00:32:08.983256385Z
,simulated,0,2026-02-26T00:33:09.004513541Z
,simulated,0,2026-02-26T00:34:09.004739606Z
,simulated,0,2026-02-26T00:35:09.017264048Z
,simulated,0,2026-02-26T00:36:09.029232638Z
,simulated,0,2026-02-26T00:37:09.040566009Z
,simulated,0,2026-02-26T00:38:09.054362692Z
,simulated,0,2026-02-26T00:39:09.057421973Z
,simulated,0,2026-02-26T00:40:09.075991247Z
,simulated,0,2026-02-26T00:41:09.082718984Z
,simulated,0,2026-02-26T00:42:09.093002857Z
,simulated,0,2026-02-26T00:43:09.105611102Z
,simulated,0,2026-02-26T00:44:09.120137642Z
,simulated,0,2026-02-26T00:45:09.134167125Z
,simulated,0,2026-02-26T00:46:09.144939661Z
,simulated,0,2026-02-26T00:47:09.156775696Z
,simulated,0,2026-02-26T00:48:09.174203002Z
,simulated,0,2026-02-26T00:49:09.170578086Z
,simulated,0,2026-02-26T00:50:09.176712395Z
,simulated,0,2026-02-26T00:51:09.191264675Z
,simulated,0,2026-02-26T00:52:09.202268674Z
,simulated,0,2026-02-26T00:53:09.20710922Z
,simulated,0,2026-02-26T00:54:09.218761525Z
,simulated,0,2026-02-26T00:55:09.225454111Z
,simulated,0,2026-02-26T00:56:09.234484098Z
,simulated,0,2026-02-26T00:57:09.243434065Z
,simulated,0,2026-02-26T00:58:09.254045224Z
,simulated,0,2026-02-26T00:59:09.252905606Z
,simulated,0,2026-02-26T01:00:09.262396361Z
,simulated,0,2026-02-26T01:01:09.273301562Z
,simulated,0,2026-02-26T01:02:09.286957769Z
,simulated,0,2026-02-26T01:03:09.291380886Z
,simulated,0,2026-02-26T01:04:09.29863855Z
,simulated,0,2026-02-26T01:05:09.306729166Z
,simulated,0,2026-02-26T01:06:09.315095542Z
,simulated,0,2026-02-26T01:07:09.327805703Z
,simulated,0,2026-02-26T01:08:09.32730604Z
,simulated,0,2026-02-26T01:09:09.336635865Z
,simulated,0,2026-02-26T01:10:09.343469358Z
,simulated,0,2026-02-26T01:11:09.351546078Z
,simulated,0,2026-02-26T01:12:09.35992875Z
,simulated,0,2026-02-26T01:13:09.371564795Z
,simulated,0,2026-02-26T01:14:09.374515528Z
,simulated,0,2026-02-26T01:15:09.383444116Z
,simulated,0,2026-02-26T01:16:09.390867869Z
,simulated,0,2026-02-26T01:17:09.399882093Z
,simulated,0,2026-02-26T01:18:09.411853473Z
,simulated,0,2026-02-26T01:19:09.415751206Z
,simulated,0,2026-02-26T01:20:09.423719509Z
,simulated,0,2026-02-26T01:21:09.430521159Z
,simulated,0,2026-02-26T01:22:09.433674249Z
,simulated,0,2026-02-26T01:23:09.442221266Z
,simulated,0,2026-02-26T01:24:09.442730777Z
,simulated,0,2026-02-26T01:25:09.447147638Z
,simulated,0,2026-02-26T01:26:09.452019494Z
,simulated,0,2026-02-26T01:27:09.459285924Z
,simulated,0,2026-02-26T01:28:09.463407896Z
,simulated,0,2026-02-26T01:29:09.467838747Z
,simulated,0,2026-02-26T01:30:09.471330963Z
,simulated,0,2026-02-26T01:31:09.477020955Z
,simulated,0,2026-02-26T01:32:09.483573978Z
,simulated,0,2026-02-26T01:33:09.49117711Z
,simulated,0,2026-02-26T01:34:09.493614471Z
,simulated,0,2026-02-26T01:35:09.49985906Z
,simulated,0,2026-02-26T01:36:09.504543106Z
,simulated,0,2026-02-26T01:37:09.508208048Z
,simulated,0,2026-02-26T01:38:09.511763772Z
,simulated,0,2026-02-26T01:39:09.516174377Z
,simulated,0,2026-02-26T01:40:09.521891084Z
,simulated,0,2026-02-26T01:41:09.522340394Z
,simulated,0,2026-02-26T01:42:09.527482194Z
,simulated,0,2026-02-26T01:43:09.533512652Z
,simulated,0,2026-02-26T01:44:09.539178621Z
,simulated,0,2026-02-26T01:45:09.548577983Z
,simulated,0,2026-02-26T01:46:09.54530158Z
,simulated,0,2026-02-26T01:47:09.547909855Z
,simulated,0,2026-02-26T01:48:09.555822234Z
,simulated,0,2026-02-26T01:49:09.555159652Z
,simulated,0,2026-02-26T01:50:09.560196022Z
,simulated,0,2026-02-26T01:51:09.56458345Z
,simulated,0,2026-02-26T01:52:09.56764679Z
,simulated,0,2026-02-26T01:53:09.571182868Z
,simulated,0,2026-02-26T01:54:09.572835803Z
,simulated,0,2026-02-26T01:55:09.576394515Z
,simulated,0,2026-02-26T01:56:09.577253595Z
,simulated,0,2026-02-26T01:57:09.579765809Z
,simulated,0,2026-02-26T01:58:09.586100922Z
,simulated,0,2026-02-26T01:59:09.584502289Z
,simulated,0,2026-02-26T02:00:09.589062135Z
,simulated,0,2026-02-26T02:01:09.589712876Z
,simulated,0,2026-02-26T02:02:09.592693727Z
,simulated,0,2026-02-26T02:03:09.596159095Z
,simulated,0,2026-02-26T02:04:09.597911772Z
,simulated,0,2026-02-26T02:05:09.598725425Z
,simulated,0,2026-02-26T02:06:09.599920611Z
,simulated,0,2026-02-26T02:07:09.604182067Z
,simulated,0,2026-02-26T02:08:09.604669814Z
,simulated,0,2026-02-26T02:09:09.605686029Z
,simulated,0,2026-02-26T02:10:09.607635946Z
,simulated,0,2026-02-26T02:11:09.608464719Z
,simulated,0,2026-02-26T02:12:09.61130607Z
,simulated,0,2026-02-26T02:13:09.612727725Z
,simulated,0,2026-02-26T02:14:09.613026515Z
,simulated,0,2026-02-26T02:15:09.616415714Z
,simulated,0,2026-02-26T02:16:09.614988812Z
,simulated,0,2026-02-26T02:17:09.615937297Z
,simulated,0,2026-02-26T02:18:09.616512087Z
,simulated,0,2026-02-26T02:19:09.617570772Z
,simulated,0,2026-02-26T02:20:09.616743528Z
,simulated,0,2026-02-26T02:21:09.618798482Z
,simulated,0,2026-02-26T02:22:09.616920671Z
,simulated,0,2026-02-26T02:23:09.618113211Z
,simulated,0,2026-02-26T02:24:09.648247458Z
,simulated,0,2026-02-26T02:25:09.675454353Z
,simulated,0,2026-02-26T02:26:09.698504926Z
,simulated,0,2026-02-26T02:27:09.712470248Z
,simulated,0,2026-02-26T02:28:09.735292991Z
,simulated,0,2026-02-26T02:29:09.766172309Z
,simulated,0,2026-02-26T02:30:09.791995117Z
,simulated,0,2026-02-26T02:31:09.825130756Z
,simulated,0,2026-02-26T02:32:09.848337114Z
,simulated,0,2026-02-26T02:33:09.876598455Z
,simulated,0,2026-02-26T02:34:09.903269151Z
,simulated,0,2026-02-26T02:35:09.934436094Z
,simulated,0,2026-02-26T02:36:09.95951123Z
,simulated,0,2026-02-26T02:37:09.989436017Z
,simulated,0,2026-02-26T02:38:10.015086003Z
,simulated,0,2026-02-26T02:39:10.042275584Z
,simulated,0,2026-02-26T02:40:10.068461208Z
,simulated,0,2026-02-26T02:41:10.097466506Z
,simulated,0,2026-02-26T02:42:10.124997964Z
,simulated,0,2026-02-26T02:43:10.151659186Z
,simulated,0,2026-02-26T02:44:10.172805415Z
,simulated,0,2026-02-26T02:45:10.201436319Z
,simulated,0,2026-02-26T02:46:10.218831253Z
,simulated,0,2026-02-26T02:47:10.247442642Z
,simulated,0,2026-02-26T02:48:10.264002078Z
,simulated,0,2026-02-26T02:49:10.27819388Z
,simulated,0,2026-02-26T02:50:10.296152588Z
,simulated,0,2026-02-26T02:51:10.327401007Z
,simulated,0,2026-02-26T02:52:10.346954393Z
,simulated,0,2026-02-26T02:53:10.378890505Z
,simulated,0,2026-02-26T02:54:10.39577198Z
,simulated,0,2026-02-26T02:55:10.424600942Z
,simulated,0,2026-02-26T02:56:10.451538756Z
,simulated,0,2026-02-26T02:57:10.451179115Z
,simulated,0,2026-02-26T02:58:10.483195852Z
,simulated,0,2026-02-26T02:59:10.503665424Z
,simulated,0,2026-02-26T03:00:10.51435984Z
,simulated,0,2026-02-26T03:01:10.532350222Z
,simulated,0,2026-02-26T03:02:10.548518221Z
,simulated,0,2026-02-26T03:03:10.573714068Z
,simulated,0,2026-02-26T03:04:10.599152974Z
,simulated,0,2026-02-26T03:05:10.626556892Z
,simulated,0,2026-02-26T03:06:10.650654499Z
,simulated,0,2026-02-26T03:07:10.676787127Z
,simulated,0,2026-02-26T03:08:10.699266661Z
,simulated,0,2026-02-26T03:09:10.723743277Z
,simulated,0,2026-02-26T03:10:10.748548424Z
,simulated,0,2026-02-26T03:11:10.774255473Z
,simulated,0,2026-02-26T03:12:10.799213304Z
,simulated,0,2026-02-26T03:13:10.826459789Z
,simulated,0,2026-02-26T03:14:10.853181359Z
,simulated,0,2026-02-26T03:15:10.877802313Z
,simulated,0,2026-02-26T03:16:10.903833298Z
,simulated,0,2026-02-26T03:17:10.930028429Z
,simulated,0,2026-02-26T03:18:10.955541691Z
,simulated,0,2026-02-26T03:19:10.978922097Z
,simulated,0,2026-02-26T03:20:10.99303907Z
,simulated,0,2026-02-26T03:21:11.003739257Z
,simulated,0,2026-02-26T03:22:11.030612946Z
,simulated,0,2026-02-26T03:23:11.047147969Z
,simulated,0,2026-02-26T03:24:11.071965789Z
,simulated,0,2026-02-26T03:25:11.094440146Z
,simulated,0,2026-02-26T03:26:11.110473908Z
,simulated,0,2026-02-26T03:27:11.136538621Z
,simulated,0,2026-02-26T03:28:11.157234441Z
,simulated,0,2026-02-26T03:29:11.176394208Z
,simulated,0,2026-02-26T03:30:11.201095318Z
,simulated,0,2026-02-26T03:31:11.226410705Z
,simulated,0,2026-02-26T03:32:11.25227843Z
,simulated,0,2026-02-26T03:33:11.267285353Z
,simulated,0,2026-02-26T03:34:11.287101141Z
,simulated,0,2026-02-26T03:35:11.303271966Z
,simulated,0,2026-02-26T03:36:11.3197825Z
,simulated,0,2026-02-26T03:37:11.34726848Z
,simulated,0,2026-02-26T03:38:11.366626318Z
,simulated,0,2026-02-26T03:39:11.390819033Z
,simulated,0,2026-02-26T03:40:11.397449981Z
,simulated,0,2026-02-26T03:41:11.408091625Z
,simulated,0,2026-02-26T03:42:11.44020298Z
,simulated,0,2026-02-26T03:43:11.444084321Z
,simulated,0,2026-02-26T03:44:11.466588529Z
,simulated,0,2026-02-26T03:45:11.490940246Z
,simulated,0,2026-02-26T03:46:11.513503846Z
,simulated,0,2026-02-26T03:47:11.528044241Z
,simulated,0,2026-02-26T03:48:11.541600546Z
,simulated,0,2026-02-26T03:49:11.553510549Z
,simulated,0,2026-02-26T03:50:11.578929087Z
,simulated,0,2026-02-26T03:51:11.598501173Z
,simulated,0,2026-02-26T03:52:11.619915783Z
,simulated,0,2026-02-26T03:53:11.645902822Z
,simulated,0,2026-02-26T03:54:11.670112796Z
,simulated,0,2026-02-26T03:55:11.686999969Z
,simulated,0,2026-02-26T03:56:11.710774071Z
,simulated,0,2026-02-26T03:57:11.72840454Z
,simulated,0,2026-02-26T03:58:11.742593585Z
,simulated,0,2026-02-26T03:59:11.763126491Z
,simulated,0,2026-02-26T04:00:11.784959341Z
,simulated,0,2026-02-26T04:01:11.806206854Z
,simulated,0,2026-02-26T04:02:11.831266378Z
,simulated,0,2026-02-26T04:03:11.848152763Z
,simulated,0,2026-02-26T04:04:11.864924705Z
,simulated,0,2026-02-26T04:05:11.88696281Z
,simulated,0,2026-02-26T04:06:11.911084738Z
,simulated,0,2026-02-26T04:07:11.932283753Z
,simulated,0,2026-02-26T04:08:11.944757439Z
,simulated,0,2026-02-26T04:09:11.967595602Z
,simulated,0,2026-02-26T04:10:11.967326821Z
,simulated,0,2026-02-26T04:11:11.988356627Z
,simulated,0,2026-02-26T04:12:12.011110705Z
,simulated,0,2026-02-26T04:13:12.045620041Z
,simulated,0,2026-02-26T04:14:12.054820367Z
,simulated,0,2026-02-26T04:15:12.07296249Z
,simulated,0,2026-02-26T04:16:12.090999068Z
,simulated,0,2026-02-26T04:17:12.113347891Z
,simulated,0,2026-02-26T04:18:12.139054489Z
,simulated,0,2026-02-26T04:19:12.142451796Z
,simulated,0,2026-02-26T04:20:12.156660806Z
,simulated,0,2026-02-26T04:21:12.176057918Z
,simulated,0,2026-02-26T04:22:12.196517188Z
,simulated,0,2026-02-26T04:23:12.226059444Z
,simulated,0,2026-02-26T04:24:12.239067462Z
,simulated,0,2026-02-26T04:25:12.25941317Z
,simulated,0,2026-02-26T04:26:12.26406743Z
,simulated,0,2026-02-26T04:27:12.267660633Z
,simulated,0,2026-02-26T04:28:12.289603182Z
,simulated,0,2026-02-26T04:29:12.307500402Z
,simulated,0,2026-02-26T04:30:12.326902124Z
,simulated,0,2026-02-26T04:31:12.350410092Z
,simulated,0,2026-02-26T04:32:12.367473987Z
,simulated,0,2026-02-26T04:33:12.386832283Z
,simulated,0,2026-02-26T04:34:12.408403517Z
,simulated,0,2026-02-26T04:35:12.428694016Z
,simulated,0,2026-02-26T04:36:12.447537672Z
,simulated,0,2026-02-26T04:37:12.46738521Z
,simulated,0,2026-02-26T04:38:12.488292581Z
,simulated,0,2026-02-26T04:39:12.503759588Z
,simulated,0,2026-02-26T04:40:12.5238058Z
,simulated,0,2026-02-26T04:41:12.540219623Z
,simulated,0,2026-02-26T04:42:12.557612865Z
,simulated,0,2026-02-26T04:43:12.578090807Z
,simulated,0,2026-02-26T04:44:12.596764439Z
,simulated,0,2026-02-26T04:45:12.617091103Z
,simulated,0,2026-02-26T04:46:12.619760689Z
,simulated,0,2026-02-26T04:47:12.637184369Z
,simulated,0,2026-02-26T04:48:12.648488705Z
,simulated,0,2026-02-26T04:49:12.665026871Z
,simulated,0,2026-02-26T04:50:12.681549204Z
,simulated,0,2026-02-26T04:51:12.699257217Z
,simulated,0,2026-02-26T04:52:12.728001802Z
,simulated,0,2026-02-26T04:53:12.742650169Z
,simulated,0,2026-02-26T04:54:12.752598148Z
,simulated,0,2026-02-26T04:55:12.76821174Z
,simulated,0,2026-02-26T04:56:12.787706596Z
,simulated,0,2026-02-26T04:57:12.803553698Z
,simulated,0,2026-02-26T04:58:12.82640637Z
,simulated,0,2026-02-26T04:59:12.838576383Z
,simulated,0,2026-02-26T05:00:12.854472237Z
,simulated,0,2026-02-26T05:01:12.874940729Z
,simulated,0,2026-02-26T05:02:12.891417359Z
,simulated,0,2026-02-26T05:03:12.907628772Z
,simulated,0,2026-02-26T05:04:12.923803096Z
,simulated,0,2026-02-26T05:05:12.941759809Z
,simulated,0,2026-02-26T05:06:12.960101255Z
,simulated,0,2026-02-26T05:07:12.976029986Z
,simulated,0,2026-02-26T05:08:12.994528863Z
,simulated,0,2026-02-26T05:09:12.994171764Z
,simulated,0,2026-02-26T05:10:13.006982849Z
,simulated,0,2026-02-26T05:11:13.027007008Z
,simulated,0,2026-02-26T05:12:13.044258342Z
,simulated,0,2026-02-26T05:13:13.058411678Z
,simulated,0,2026-02-26T05:14:13.072055772Z
,simulated,0,2026-02-26T05:15:13.08595852Z
,simulated,0,2026-02-26T05:16:13.099628968Z
,simulated,0,2026-02-26T05:17:13.099907865Z
,simulated,0,2026-02-26T05:18:13.116124964Z
,simulated,0,2026-02-26T05:19:13.133020423Z
,simulated,0,2026-02-26T05:20:13.152874263Z
,simulated,0,2026-02-26T05:21:13.164664003Z
,simulated,0,2026-02-26T05:22:13.173149293Z
,simulated,0,2026-02-26T05:23:13.193288016Z
,simulated,0,2026-02-26T05:24:13.197919662Z
,simulated,0,2026-02-26T05:25:13.213276946Z
,simulated,0,2026-02-26T05:26:13.229453451Z
,simulated,0,2026-02-26T05:27:13.246517654Z
,simulated,0,2026-02-26T05:28:13.261423294Z
,simulated,0,2026-02-26T05:29:13.273667352Z
,simulated,0,2026-02-26T05:30:13.287371685Z
,simulated,0,2026-02-26T05:31:13.303897003Z
,simulated,0,2026-02-26T05:32:13.320686998Z
,simulated,0,2026-02-26T05:33:13.335721001Z
,simulated,0,2026-02-26T05:34:13.353491864Z
,simulated,0,2026-02-26T05:35:13.362367232Z
,simulated,0,2026-02-26T05:36:13.377403358Z
,simulated,0,2026-02-26T05:37:13.392448487Z
,simulated,0,2026-02-26T05:38:13.398891828Z
,simulated,0,2026-02-26T05:39:13.411036811Z
,simulated,0,2026-02-26T05:40:13.427694402Z
,simulated,0,2026-02-26T05:41:13.447106502Z
,simulated,0,2026-02-26T05:42:13.455500893Z
,simulated,0,2026-02-26T05:43:13.474746459Z
,simulated,0,2026-02-26T05:44:13.483754931Z
,simulated,0,2026-02-26T05:45:13.496692531Z
,simulated,0,2026-02-26T05:46:13.510003301Z
,simulated,0,2026-02-26T05:47:13.532393761Z
,simulated,0,2026-02-26T05:48:13.545669718Z
,simulated,0,2026-02-26T05:49:13.547665Z
,simulated,0,2026-02-26T05:50:13.566546624Z
,simulated,0,2026-02-26T05:51:13.573285655Z
,simulated,0,2026-02-26T05:52:13.581850071Z
,simulated,0,2026-02-26T05:53:13.59747277Z
,simulated,0,2026-02-26T05:54:13.603403295Z
,simulated,0,2026-02-26T05:55:13.617721867Z
,simulated,0,2026-02-26T05:56:13.63166269Z
,simulated,0,2026-02-26T05:57:13.642538161Z
,simulated,0,2026-02-26T05:58:13.663317415Z
,simulated,0,2026-02-26T05:59:13.671160465Z
,simulated,0,2026-02-26T06:00:13.683478356Z
,simulated,0,2026-02-26T06:01:13.697582462Z
,simulated,0,2026-02-26T06:02:13.710022558Z
,simulated,0,2026-02-26T06:03:13.721262742Z
,simulated,0,2026-02-26T06:04:13.725082299Z
,simulated,0,2026-02-26T06:05:13.731704282Z
,simulated,0,2026-02-26T06:06:42.259230677Z
,simulated,0,2026-02-26T06:07:42.287453591Z
,simulated,0,2026-02-26T06:08:42.314466515Z
,simulated,0,2026-02-26T06:09:42.345147982Z
,simulated,0,2026-02-26T06:10:42.369957502Z
,simulated,0,2026-02-26T06:11:42.399952849Z
,simulated,0,2026-02-26T06:12:42.429431792Z
,simulated,0,2026-02-26T06:13:42.453860188Z
,simulated,0,2026-02-26T06:14:42.481020473Z
,simulated,0,2026-02-26T06:15:42.510389939Z
,simulated,0,2026-02-26T06:16:42.539171739Z
,simulated,0,2026-02-26T06:17:42.565821256Z
,simulated,0,2026-02-26T06:18:42.59277145Z
,simulated,0,2026-02-26T06:19:42.620088107Z
,simulated,0,2026-02-26T06:20:42.650598733Z
,simulated,0,2026-02-26T06:21:42.678338296Z
,simulated,0,2026-02-26T06:22:42.701618417Z
,simulated,0,2026-02-26T06:23:42.728401363Z
,simulated,0,2026-02-26T06:24:42.756113985Z
,simulated,0,2026-02-26T06:25:42.784340502Z
,simulated,0,2026-02-26T06:26:42.806018311Z
,simulated,0,2026-02-26T06:27:42.847117583Z
,simulated,0,2026-02-26T06:28:42.854496066Z
,simulated,0,2026-02-26T06:29:42.87660569Z
,simulated,0,2026-02-26T06:30:42.903522736Z
,simulated,0,2026-02-26T06:31:42.932884213Z
,simulated,0,2026-02-26T06:32:42.961907771Z
,simulated,0,2026-02-26T06:33:42.987920697Z
,simulated,0,2026-02-26T06:34:43.007079105Z
,simulated,0,2026-02-26T06:35:43.033494134Z
,simulated,0,2026-02-26T06:36:43.063489408Z
,simulated,0,2026-02-26T06:37:43.090533727Z
,simulated,0,2026-02-26T06:38:43.115811983Z
,simulated,0,2026-02-26T06:39:43.146190164Z
,simulated,0,2026-02-26T06:40:43.162960418Z
,simulated,0,2026-02-26T06:41:43.186979573Z
,simulated,0,2026-02-26T06:42:43.213610529Z
,simulated,0,2026-02-26T06:43:43.23969811Z
,simulated,0,2026-02-26T06:44:43.25611075Z
,simulated,0,2026-02-26T06:45:43.282510897Z
,simulated,0,2026-02-26T06:46:43.308314407Z
,simulated,0,2026-02-26T06:47:43.343465144Z
,simulated,0,2026-02-26T06:48:43.362937894Z
,simulated,0,2026-02-26T06:49:43.385566103Z
,simulated,0,2026-02-26T06:50:43.413658218Z
,simulated,0,2026-02-26T06:51:43.436507521Z
,simulated,0,2026-02-26T06:52:43.460003106Z
,simulated,0,2026-02-26T06:53:43.482290448Z
,simulated,0,2026-02-26T06:54:43.507908962Z
,simulated,0,2026-02-26T06:55:43.515690249Z
,simulated,0,2026-02-26T06:56:43.536005913Z
,simulated,0,2026-02-26T06:57:43.563137984Z
,simulated,0,2026-02-26T06:58:43.586285182Z
,simulated,0,2026-02-26T06:59:43.610062557Z
,simulated,0,2026-02-26T07:00:43.634519234Z
,simulated,0,2026-02-26T07:01:43.661322583Z
,simulated,0,2026-02-26T07:02:43.687331197Z
,simulated,0,2026-02-26T07:03:43.699543008Z
,simulated,0,2026-02-26T07:04:43.723620698Z
,simulated,0,2026-02-26T07:05:43.744347755Z
,simulated,0,2026-02-26T07:06:43.769485094Z
,simulated,0,2026-02-26T07:07:43.796405718Z
,simulated,0,2026-02-26T07:08:43.8173601Z
,simulated,0,2026-02-26T07:09:43.829760154Z
,simulated,0,2026-02-26T07:10:43.852842369Z
,simulated,0,2026-02-26T07:11:43.877954555Z
,simulated,0,2026-02-26T07:12:43.896160629Z
,simulated,0,2026-02-26T07:13:43.924169284Z
,simulated,0,2026-02-26T07:14:43.938624657Z
,simulated,0,2026-02-26T07:15:43.953015174Z
,simulated,0,2026-02-26T07:16:43.956894271Z
,simulated,0,2026-02-26T07:17:43.977049142Z
,simulated,0,2026-02-26T07:18:43.998357931Z
,simulated,0,2026-02-26T07:19:44.020570844Z
,simulated,0,2026-02-26T07:20:44.045256571Z
,simulated,0,2026-02-26T07:21:44.056753967Z
,simulated,0,2026-02-26T07:22:44.078195587Z
,simulated,0,2026-02-26T07:23:44.10304257Z
,simulated,0,2026-02-26T07:24:44.122398623Z
,simulated,0,2026-02-26T07:25:44.147417214Z
,simulated,0,2026-02-26T07:26:44.155476593Z
,simulated,0,2026-02-26T07:27:44.177988385Z
,simulated,0,2026-02-26T07:28:44.20085179Z
,simulated,0,2026-02-26T07:29:44.227105198Z
,simulated,0,2026-02-26T07:30:44.251367717Z
,simulated,0,2026-02-26T07:31:44.270749341Z
,simulated,0,2026-02-26T07:32:44.290531035Z
,simulated,0,2026-02-26T07:33:44.31519431Z
,simulated,0,2026-02-26T07:34:44.328247631Z
,simulated,0,2026-02-26T07:35:44.350975022Z
,simulated,0,2026-02-26T07:36:44.373561267Z
,simulated,0,2026-02-26T07:37:44.397966915Z
,simulated,0,2026-02-26T07:38:44.423819238Z
,simulated,0,2026-02-26T07:39:44.444352635Z
,simulated,0,2026-02-26T07:40:44.465425529Z
,simulated,0,2026-02-26T07:41:44.487102151Z
,simulated,0,2026-02-26T07:42:44.512048921Z
,simulated,0,2026-02-26T07:43:44.529668341Z
,simulated,0,2026-02-26T07:44:44.538730799Z
,simulated,0,2026-02-26T07:45:44.564172395Z
,simulated,0,2026-02-26T07:46:44.582169666Z
,simulated,0,2026-02-26T07:47:44.598603425Z
,simulated,0,2026-02-26T07:48:44.628367627Z
,simulated,0,2026-02-26T07:49:44.641277632Z
,simulated,0,2026-02-26T07:50:44.655425061Z
,simulated,0,2026-02-26T07:51:44.671232973Z
,simulated,0,2026-02-26T07:52:44.677274961Z
,simulated,0,2026-02-26T07:53:44.694748538Z
,simulated,0,2026-02-26T07:54:44.707958732Z
,simulated,0,2026-02-26T07:55:44.725439359Z
,simulated,0,2026-02-26T07:56:44.748238886Z
,simulated,0,2026-02-26T07:57:44.768216602Z
,simulated,0,2026-02-26T07:58:44.785612871Z
,simulated,0,2026-02-26T07:59:44.806903143Z
,simulated,2,2026-02-26T08:00:44.830313984Z
,simulated,2,2026-02-26T08:01:44.847213386Z
,simulated,2,2026-02-26T08:02:44.858636949Z
,simulated,2,2026-02-26T08:03:44.879590586Z
,simulated,2,2026-02-26T08:04:44.894468932Z
,simulated,1,2026-02-26T08:05:44.915584105Z
,simulated,2,2026-02-26T08:06:44.935451282Z
,simulated,2,2026-02-26T08:07:44.941453757Z
,simulated,1,2026-02-26T08:08:44.950279961Z
,simulated,1,2026-02-26T08:09:44.966885636Z
,simulated,1,2026-02-26T08:10:44.989157261Z
,simulated,2,2026-02-26T08:11:44.992039985Z
,simulated,1,2026-02-26T08:12:45.01512119Z
,simulated,1,2026-02-26T08:13:45.034974546Z
,simulated,1,2026-02-26T08:14:45.042033348Z
,simulated,2,2026-02-26T08:15:45.066640466Z
,simulated,1,2026-02-26T08:16:45.081194262Z
,simulated,2,2026-02-26T08:17:45.103878902Z
,simulated,2,2026-02-26T08:18:45.12280113Z
,simulated,1,2026-02-26T08:19:45.132559679Z
,simulated,1,2026-02-26T08:20:45.156486948Z
,simulated,1,2026-02-26T08:21:45.170010565Z
,simulated,1,2026-02-26T08:22:45.190564559Z
,simulated,1,2026-02-26T08:23:45.212246644Z
,simulated,2,2026-02-26T08:24:45.22783247Z
,simulated,1,2026-02-26T08:25:45.254379806Z
,simulated,1,2026-02-26T08:26:45.266072995Z
,simulated,2,2026-02-26T08:27:45.278893005Z
,simulated,1,2026-02-26T08:28:45.297765896Z
,simulated,2,2026-02-26T08:29:45.317567079Z
,simulated,1,2026-02-26T08:30:45.328115864Z
,simulated,2,2026-02-26T08:31:45.345196326Z
,simulated,1,2026-02-26T08:32:45.362656049Z
,simulated,2,2026-02-26T08:33:45.365425157Z
,simulated,2,2026-02-26T08:34:45.386504618Z
,simulated,2,2026-02-26T08:35:45.405709304Z
,simulated,1,2026-02-26T08:36:45.417990357Z
,simulated,1,2026-02-26T08:37:45.427920353Z
,simulated,2,2026-02-26T08:38:45.437856955Z
,simulated,1,2026-02-26T08:39:45.455125054Z
,simulated,2,2026-02-26T08:40:45.470795426Z
,simulated,2,2026-02-26T08:41:45.486521285Z
,simulated,1,2026-02-26T08:42:45.494486143Z
,simulated,1,2026-02-26T08:43:45.501056297Z
,simulated,2,2026-02-26T08:44:45.522276777Z
,simulated,1,2026-02-26T08:45:45.539546526Z
,simulated,2,2026-02-26T08:46:45.553321222Z
,simulated,1,2026-02-26T08:47:45.568980191Z
,simulated,1,2026-02-26T08:48:45.583343193Z
,simulated,2,2026-02-26T08:49:45.601937674Z
,simulated,1,2026-02-26T08:50:45.620127391Z
,simulated,1,2026-02-26T08:51:45.634363432Z
,simulated,2,2026-02-26T08:52:45.646638Z
,simulated,1,2026-02-26T08:53:45.663167526Z
,simulated,2,2026-02-26T08:54:45.676907385Z
,simulated,2,2026-02-26T08:55:45.692171802Z
,simulated,1,2026-02-26T08:56:45.708725899Z
,simulated,2,2026-02-26T08:57:45.727113819Z
,simulated,1,2026-02-26T08:58:45.746683403Z
,simulated,1,2026-02-26T08:59:45.758795553Z
,simulated,3,2026-02-26T09:00:45.774917619Z
,simulated,4,2026-02-26T09:01:45.789602639Z
,simulated,3,2026-02-26T09:02:45.804076415Z
,simulated,2,2026-02-26T09:03:45.823165606Z
,simulated,4,2026-02-26T09:04:45.823295688Z
,simulated,3,2026-02-26T09:05:45.838170008Z
,simulated,4,2026-02-26T09:06:45.852481454Z
,simulated,3,2026-02-26T09:07:45.867370321Z
,simulated,3,2026-02-26T09:08:45.880743669Z
,simulated,4,2026-02-26T09:09:45.880751242Z
,simulated,2,2026-02-26T09:10:45.898991905Z
,simulated,4,2026-02-26T09:11:45.911909743Z
,simulated,2,2026-02-26T09:12:45.931290329Z
,simulated,2,2026-02-26T09:13:45.942324689Z
,simulated,3,2026-02-26T09:14:45.960522642Z
,simulated,3,2026-02-26T09:15:45.976032344Z
,simulated,2,2026-02-26T09:16:45.988214206Z
,simulated,3,2026-02-26T09:17:45.994976734Z
,simulated,2,2026-02-26T09:18:46.005099578Z
,simulated,4,2026-02-26T09:19:46.019523185Z
,simulated,3,2026-02-26T09:20:46.031334554Z
,simulated,2,2026-02-26T09:21:46.047748678Z
,simulated,4,2026-02-26T09:22:46.066457673Z
,simulated,4,2026-02-26T09:23:46.083173574Z
,simulated,3,2026-02-26T09:24:46.093544081Z
,simulated,3,2026-02-26T09:25:46.101366139Z
,simulated,3,2026-02-26T09:26:46.11763104Z
,simulated,4,2026-02-26T09:27:46.13980629Z
,simulated,4,2026-02-26T09:28:46.148229018Z
,simulated,4,2026-02-26T09:29:46.154982794Z
,simulated,2,2026-02-26T09:30:46.172273349Z
,simulated,2,2026-02-26T09:31:46.183283013Z
,simulated,2,2026-02-26T09:32:46.193156568Z
,simulated,2,2026-02-26T09:33:46.20328673Z
,simulated,4,2026-02-26T09:34:46.21410336Z
,simulated,2,2026-02-26T09:35:46.228831307Z
,simulated,3,2026-02-26T09:36:46.238690039Z
,simulated,3,2026-02-26T09:37:46.251484797Z
,simulated,4,2026-02-26T09:38:46.263852535Z
,simulated,2,2026-02-26T09:39:46.272631961Z
,simulated,4,2026-02-26T09:40:46.285843701Z
,simulated,3,2026-02-26T09:41:46.298967086Z
,simulated,4,2026-02-26T09:42:46.31214479Z
,simulated,3,2026-02-26T09:43:46.336001265Z
,simulated,3,2026-02-26T09:44:46.334454518Z
,simulated,2,2026-02-26T09:45:46.347421222Z
,simulated,2,2026-02-26T09:46:46.358816337Z
,simulated,2,2026-02-26T09:47:46.38732745Z
,simulated,3,2026-02-26T09:48:46.370982452Z
,simulated,2,2026-02-26T09:49:46.382115318Z
,simulated,2,2026-02-26T09:50:46.399816468Z
,simulated,3,2026-02-26T09:51:46.40927332Z
,simulated,4,2026-02-26T09:52:46.420490699Z
,simulated,3,2026-02-26T09:53:46.432475482Z
,simulated,3,2026-02-26T09:54:46.433043437Z
,simulated,3,2026-02-26T09:55:46.442991105Z
,simulated,3,2026-02-26T09:56:46.456482926Z
,simulated,4,2026-02-26T09:57:46.4547595Z
,simulated,3,2026-02-26T09:58:46.467170946Z
,simulated,4,2026-02-26T09:59:46.479080968Z
,simulated,7,2026-02-26T10:00:46.490361109Z
,simulated,5,2026-02-26T10:01:46.502994635Z
,simulated,6,2026-02-26T10:02:46.515983379Z
,simulated,5,2026-02-26T10:03:46.528757321Z
,simulated,3,2026-02-26T10:04:46.529554801Z
,simulated,7,2026-02-26T10:05:46.538424355Z
,simulated,6,2026-02-26T10:06:46.54805107Z
,simulated,7,2026-02-26T10:07:46.55706319Z
,simulated,9,2026-02-26T10:08:46.561528448Z
,simulated,8,2026-02-26T10:09:46.570845572Z
,simulated,9,2026-02-26T10:10:46.578604867Z
,simulated,7,2026-02-26T10:11:46.589251745Z
,simulated,3,2026-02-26T10:12:46.60116106Z
,simulated,3,2026-02-26T10:13:46.611545807Z
,simulated,6,2026-02-26T10:14:46.624763625Z
,simulated,5,2026-02-26T10:15:46.632997029Z
,simulated,7,2026-02-26T10:16:46.639470211Z
,simulated,6,2026-02-26T10:17:46.64338728Z
,simulated,6,2026-02-26T10:18:46.644826121Z
,simulated,5,2026-02-26T10:19:46.651364182Z
,simulated,9,2026-02-26T10:20:46.659744903Z
,simulated,6,2026-02-26T10:21:46.663177022Z
,simulated,9,2026-02-26T10:22:46.670742361Z
,simulated,7,2026-02-26T10:23:46.678562202Z
,simulated,3,2026-02-26T10:24:46.682033344Z
,simulated,8,2026-02-26T10:25:46.691678771Z
,simulated,8,2026-02-26T10:26:46.70087285Z
,simulated,4,2026-02-26T10:27:46.707609462Z
,simulated,9,2026-02-26T10:28:46.714234463Z
,simulated,4,2026-02-26T10:29:46.722437785Z
,simulated,7,2026-02-26T10:30:46.726902018Z
,simulated,7,2026-02-26T10:31:46.743761305Z
,simulated,5,2026-02-26T10:32:46.743834213Z
,simulated,6,2026-02-26T10:33:46.749375134Z
,simulated,7,2026-02-26T10:34:46.756943973Z
,simulated,8,2026-02-26T10:35:46.757688769Z
,simulated,5,2026-02-26T10:36:46.757842994Z
,simulated,9,2026-02-26T10:37:46.765870857Z
,simulated,3,2026-02-26T10:38:46.775415245Z
,simulated,3,2026-02-26T10:39:46.783529235Z
,simulated,3,2026-02-26T10:40:46.788886317Z
,simulated,8,2026-02-26T10:41:46.79674586Z
,simulated,6,2026-02-26T10:42:46.801528051Z
,simulated,7,2026-02-26T10:43:46.804149747Z
,simulated,7,2026-02-26T10:44:46.807211731Z
,simulated,5,2026-02-26T10:45:46.814713717Z
,simulated,8,2026-02-26T10:46:46.823178367Z
,simulated,8,2026-02-26T10:47:46.830911178Z
,simulated,9,2026-02-26T10:48:46.827931684Z
,simulated,5,2026-02-26T10:49:46.83495485Z
,simulated,4,2026-02-26T10:50:46.840234318Z
,simulated,5,2026-02-26T10:51:46.845558774Z
,simulated,6,2026-02-26T10:52:46.855454322Z
,simulated,8,2026-02-26T10:53:46.856450016Z
,simulated,9,2026-02-26T10:54:46.862776443Z
,simulated,5,2026-02-26T10:55:46.867647473Z
,simulated,3,2026-02-26T10:56:46.874652131Z
,simulated,9,2026-02-26T10:57:46.875074412Z
,simulated,6,2026-02-26T10:58:46.880949919Z
,simulated,9,2026-02-26T10:59:46.884335563Z
,simulated,13,2026-02-26T11:00:46.882649945Z
,simulated,7,2026-02-26T11:01:46.888302335Z
,simulated,13,2026-02-26T11:02:46.892729248Z
,simulated,15,2026-02-26T11:03:46.900199295Z
,simulated,7,2026-02-26T11:04:46.901413722Z
,simulated,15,2026-02-26T11:05:46.905745476Z
,simulated,16,2026-02-26T11:06:46.913708385Z
,simulated,13,2026-02-26T11:07:46.920813705Z
,simulated,14,2026-02-26T11:08:46.925435561Z
,simulated,12,2026-02-26T11:09:46.923567046Z
,simulated,13,2026-02-26T11:10:46.931128546Z
,simulated,20,2026-02-26T11:11:46.935553688Z
,simulated,11,2026-02-26T11:12:46.940609193Z
,simulated,16,2026-02-26T11:13:46.95499506Z
,simulated,17,2026-02-26T11:14:46.94794809Z
,simulated,18,2026-02-26T11:15:46.949069593Z
,simulated,15,2026-02-26T11:16:46.958782658Z
,simulated,12,2026-02-26T11:17:46.956883304Z
,simulated,13,2026-02-26T11:18:46.96256612Z
,simulated,19,2026-02-26T11:19:46.965639981Z
,simulated,18,2026-02-26T11:20:46.979209626Z
,simulated,17,2026-02-26T11:21:46.97726099Z
,simulated,10,2026-02-26T11:22:46.980099733Z
,simulated,10,2026-02-26T11:23:46.983133553Z
,simulated,8,2026-02-26T11:24:46.983454097Z
,simulated,16,2026-02-26T11:25:47.030296573Z
,simulated,20,2026-02-26T11:26:46.987122938Z
,simulated,11,2026-02-26T11:27:46.992117284Z
,simulated,19,2026-02-26T11:28:46.994522364Z
,simulated,18,2026-02-26T11:29:46.995102125Z
,simulated,7,2026-02-26T11:30:46.994278227Z
,simulated,16,2026-02-26T11:31:47.002330509Z
,simulated,18,2026-02-26T11:32:47.00232459Z
,simulated,11,2026-02-26T11:33:47.002176089Z
,simulated,16,2026-02-26T11:34:47.00596163Z
,simulated,7,2026-02-26T11:35:47.009592151Z
,simulated,8,2026-02-26T11:36:47.013947696Z
,simulated,18,2026-02-26T11:37:47.017103512Z
,simulated,16,2026-02-26T11:38:47.012103532Z
,simulated,16,2026-02-26T11:39:47.01887179Z
,simulated,20,2026-02-26T11:40:47.025433129Z
,simulated,13,2026-02-26T11:41:47.024731825Z
,simulated,19,2026-02-26T11:42:47.021098943Z
,simulated,19,2026-02-26T11:43:47.019996535Z
,simulated,7,2026-02-26T11:44:47.025414722Z
,simulated,13,2026-02-26T11:45:47.026305759Z
,simulated,13,2026-02-26T11:46:47.026758279Z
,simulated,16,2026-02-26T11:47:47.026552767Z
,simulated,9,2026-02-26T11:48:47.027208677Z
,simulated,11,2026-02-26T11:49:47.027002579Z
,simulated,10,2026-02-26T11:50:47.026611173Z
,simulated,17,2026-02-26T11:51:47.029986404Z
,simulated,8,2026-02-26T11:52:47.032306692Z
,simulated,12,2026-02-26T11:53:47.030724625Z
,simulated,8,2026-02-26T11:54:47.029637804Z
,simulated,9,2026-02-26T11:55:47.027757198Z
,simulated,12,2026-02-26T11:56:47.030202347Z
,simulated,16,2026-02-26T11:57:47.029220668Z
,simulated,11,2026-02-26T11:58:47.049364903Z
,simulated,17,2026-02-26T11:59:47.077267775Z
,simulated,19,2026-02-26T12:00:47.104611729Z
,simulated,24,2026-02-26T12:01:47.119907784Z
,simulated,31,2026-02-26T12:02:47.148250543Z
,simulated,31,2026-02-26T12:03:47.165890864Z
,simulated,23,2026-02-26T12:04:47.176309355Z
,simulated,22,2026-02-26T12:05:47.200790719Z
,simulated,18,2026-02-26T12:06:47.229544024Z
,simulated,17,2026-02-26T12:07:47.25767453Z
,simulated,28,2026-02-26T12:08:47.284222287Z
,simulated,21,2026-02-26T12:09:47.309593995Z
,simulated,24,2026-02-26T12:10:47.337450485Z
,simulated,32,2026-02-26T12:11:47.349844777Z
,simulated,22,2026-02-26T12:12:47.378886356Z
,simulated,18,2026-02-26T12:13:47.405444495Z
,simulated,20,2026-02-26T12:14:47.424741385Z
,simulated,31,2026-02-26T12:15:47.456021278Z
,simulated,28,2026-02-26T12:16:47.473296884Z
,simulated,23,2026-02-26T12:17:47.500186992Z
,simulated,23,2026-02-26T12:18:47.529726342Z
,simulated,17,2026-02-26T12:19:47.549211786Z
,simulated,18,2026-02-26T12:20:47.582306297Z
,simulated,21,2026-02-26T12:21:47.598841515Z
,simulated,31,2026-02-26T12:22:47.623173398Z
,simulated,15,2026-02-26T12:23:47.638547546Z
,simulated,24,2026-02-26T12:24:47.665378408Z
,simulated,27,2026-02-26T12:25:47.683062579Z
,simulated,19,2026-02-26T12:26:47.68308489Z
,simulated,30,2026-02-26T12:27:47.724563642Z
,simulated,25,2026-02-26T12:28:47.732812839Z
,simulated,30,2026-02-26T12:29:47.754884675Z
,simulated,27,2026-02-26T12:30:47.760604222Z
,simulated,28,2026-02-26T12:31:47.787778832Z
,simulated,25,2026-02-26T12:32:47.809288027Z
,simulated,17,2026-02-26T12:33:47.837719071Z
,simulated,29,2026-02-26T12:34:47.864764487Z
,simulated,28,2026-02-26T12:35:47.888472691Z
,simulated,19,2026-02-26T12:36:47.909980495Z
,simulated,23,2026-02-26T12:37:47.915750741Z
,simulated,15,2026-02-26T12:38:47.93793018Z
,simulated,26,2026-02-26T12:39:47.971294974Z
,simulated,24,2026-02-26T12:40:47.99079664Z
,simulated,21,2026-02-26T12:41:48.013100846Z
,simulated,24,2026-02-26T12:42:48.038832036Z
,simulated,18,2026-02-26T12:43:48.061986441Z
,simulated,26,2026-02-26T12:44:48.088321732Z
,simulated,22,2026-02-26T12:45:48.107902918Z
,simulated,25,2026-02-26T12:46:48.132009421Z
,simulated,32,2026-02-26T12:47:48.156241272Z
,simulated,25,2026-02-26T12:48:48.180794435Z
,simulated,28,2026-02-26T12:49:48.198701966Z
,simulated,17,2026-02-26T12:50:48.221236163Z
,simulated,30,2026-02-26T12:51:48.243995435Z
,simulated,29,2026-02-26T12:52:48.266359069Z
,simulated,31,2026-02-26T12:53:48.286100707Z
,simulated,18,2026-02-26T12:54:48.307702697Z
,simulated,21,2026-02-26T12:55:48.328338219Z
,simulated,30,2026-02-26T12:56:48.345030925Z
,simulated,18,2026-02-26T12:57:48.358124388Z
,simulated,30,2026-02-26T12:58:48.373805944Z
,simulated,28,2026-02-26T12:59:48.394468465Z
,simulated,13,2026-02-26T13:00:48.417615234Z
,simulated,27,2026-02-26T13:01:48.424211556Z
,simulated,18,2026-02-26T13:02:48.445001028Z
,simulated,13,2026-02-26T13:03:48.450631343Z
,simulated,15,2026-02-26T13:04:48.473238372Z
,simulated,26,2026-02-26T13:05:48.491760022Z
,simulated,11,2026-02-26T13:06:48.514922118Z
,simulated,24,2026-02-26T13:07:48.535199315Z
,simulated,24,2026-02-26T13:08:48.55328087Z
,simulated,26,2026-02-26T13:09:48.57776384Z
,simulated,16,2026-02-26T13:10:48.60002968Z
,simulated,15,2026-02-26T13:11:48.622021849Z
,simulated,23,2026-02-26T13:12:48.644435396Z
,simulated,21,2026-02-26T13:13:48.666929025Z
,simulated,21,2026-02-26T13:14:48.687307879Z
,simulated,11,2026-02-26T13:15:48.70031743Z
,simulated,16,2026-02-26T13:16:48.71903738Z
,simulated,26,2026-02-26T13:17:48.756082662Z
,simulated,18,2026-02-26T13:18:48.737614054Z
,simulated,17,2026-02-26T13:19:48.75865149Z
,simulated,25,2026-02-26T13:20:48.778623022Z
,simulated,18,2026-02-26T13:21:48.791309982Z
,simulated,12,2026-02-26T13:22:48.797667985Z
,simulated,14,2026-02-26T13:23:48.802553511Z
,simulated,25,2026-02-26T13:24:48.821103526Z
,simulated,12,2026-02-26T13:25:48.833127845Z
,simulated,17,2026-02-26T13:26:48.851222466Z
,simulated,22,2026-02-26T13:27:48.872773435Z
,simulated,18,2026-02-26T13:28:48.893216337Z
,simulated,27,2026-02-26T13:29:48.904720729Z
,simulated,13,2026-02-26T13:30:48.907842462Z
,simulated,21,2026-02-26T13:31:48.928385797Z
,simulated,13,2026-02-26T13:32:48.947514063Z
,simulated,11,2026-02-26T13:33:48.968839668Z
,simulated,26,2026-02-26T13:34:48.985534571Z
,simulated,21,2026-02-26T13:35:49.007642204Z
,simulated,27,2026-02-26T13:36:49.023469087Z
,simulated,23,2026-02-26T13:37:49.044687376Z
,simulated,22,2026-02-26T13:38:49.063271218Z
,simulated,15,2026-02-26T13:39:49.082727474Z
,simulated,16,2026-02-26T13:40:49.105666749Z
,simulated,26,2026-02-26T13:41:49.121701835Z
,simulated,16,2026-02-26T13:42:49.152949221Z
,simulated,12,2026-02-26T13:43:49.156447149Z
,simulated,13,2026-02-26T13:44:49.158320882Z
,simulated,18,2026-02-26T13:45:49.176368971Z
,simulated,14,2026-02-26T13:46:49.189088017Z
,simulated,11,2026-02-26T13:47:49.206745258Z
,simulated,16,2026-02-26T13:48:49.221527087Z
,simulated,12,2026-02-26T13:49:49.230401654Z
,simulated,26,2026-02-26T13:50:49.249990044Z
,simulated,15,2026-02-26T13:51:49.257138751Z
,simulated,25,2026-02-26T13:52:49.277738967Z
,simulated,12,2026-02-26T13:53:49.292585126Z
,simulated,24,2026-02-26T13:54:49.307195617Z
,simulated,25,2026-02-26T13:55:49.32253499Z
,simulated,20,2026-02-26T13:56:49.338484474Z
,simulated,13,2026-02-26T13:57:49.35947197Z
,simulated,19,2026-02-26T13:58:49.374605726Z
,simulated,25,2026-02-26T13:59:49.389130318Z
,simulated,25,2026-02-26T14:00:49.401764553Z
,simulated,23,2026-02-26T14:01:49.420787055Z
,simulated,21,2026-02-26T14:02:49.433990835Z
,simulated,29,2026-02-26T14:03:49.452202201Z
,simulated,24,2026-02-26T14:04:49.466616044Z
,simulated,31,2026-02-26T14:05:49.482619396Z
,simulated,23,2026-02-26T14:06:49.497562086Z
,simulated,27,2026-02-26T14:07:49.509049391Z
,simulated,25,2026-02-26T14:08:49.524766581Z
,simulated,26,2026-02-26T14:09:49.541212491Z
,simulated,18,2026-02-26T14:10:49.548282546Z
,simulated,22,2026-02-26T14:11:49.567411091Z
,simulated,31,2026-02-26T14:12:49.584508143Z
,simulated,31,2026-02-26T14:13:49.585231895Z
,simulated,18,2026-02-26T14:14:49.603563434Z
,simulated,18,2026-02-26T14:15:49.619058153Z
,simulated,31,2026-02-26T14:16:49.632049628Z
,simulated,26,2026-02-26T14:17:49.649601585Z
,simulated,35,2026-02-26T14:18:49.659877313Z
,simulated,34,2026-02-26T14:19:49.674431473Z
,simulated,28,2026-02-26T14:20:49.692860931Z
,simulated,31,2026-02-26T14:21:49.705305414Z
,simulated,18,2026-02-26T14:22:49.718048575Z
,simulated,32,2026-02-26T14:23:49.733391766Z
,simulated,23,2026-02-26T14:24:49.747610243Z
,simulated,34,2026-02-26T14:25:49.761041591Z
,simulated,25,2026-02-26T14:26:49.775863289Z
,simulated,28,2026-02-26T14:27:49.778480911Z
,simulated,20,2026-02-26T14:28:49.791176018Z
,simulated,30,2026-02-26T14:29:49.808251059Z
,simulated,23,2026-02-26T14:30:49.81861514Z
,simulated,31,2026-02-26T14:31:49.832053104Z
,simulated,18,2026-02-26T14:32:49.846064842Z
,simulated,33,2026-02-26T14:33:49.858231174Z
,simulated,35,2026-02-26T14:34:49.870085113Z
,simulated,18,2026-02-26T14:35:49.883704046Z
,simulated,24,2026-02-26T14:36:49.896266657Z
,simulated,22,2026-02-26T14:37:49.925062605Z
,simulated,19,2026-02-26T14:38:49.922343191Z
,simulated,19,2026-02-26T14:39:49.930007318Z
,simulated,28,2026-02-26T14:40:49.941687318Z
,simulated,37,2026-02-26T14:41:49.949972117Z
,simulated,36,2026-02-26T14:42:49.965023273Z
,simulated,20,2026-02-26T14:43:49.965670021Z
,simulated,35,2026-02-26T14:44:49.978854436Z
,simulated,28,2026-02-26T14:45:49.991785504Z
,simulated,29,2026-02-26T14:46:50.005200301Z
,simulated,31,2026-02-26T14:47:50.017501147Z
,simulated,22,2026-02-26T14:48:50.025607672Z
,simulated,36,2026-02-26T14:49:50.039773282Z
,simulated,37,2026-02-26T14:50:50.050625724Z
,simulated,22,2026-02-26T14:51:50.061376158Z
,simulated,22,2026-02-26T14:52:50.077078152Z
,simulated,35,2026-02-26T14:53:50.088859741Z
,simulated,24,2026-02-26T14:54:50.086588096Z
,simulated,22,2026-02-26T14:55:50.097154743Z
,simulated,20,2026-02-26T14:56:50.107534662Z
,simulated,31,2026-02-26T14:57:50.114736016Z
,simulated,31,2026-02-26T14:58:50.123837307Z
,simulated,32,2026-02-26T14:59:50.129487135Z
,simulated,40,2026-02-26T15:00:50.136238493Z
,simulated,23,2026-02-26T15:01:50.144947468Z
,simulated,35,2026-02-26T15:02:50.156520386Z
,simulated,24,2026-02-26T15:03:50.166315243Z
,simulated,29,2026-02-26T15:04:50.185771224Z
,simulated,31,2026-02-26T15:05:50.179625299Z
,simulated,35,2026-02-26T15:06:50.186394694Z
,simulated,36,2026-02-26T15:07:50.196625181Z
,simulated,25,2026-02-26T15:08:50.259961361Z
,simulated,31,2026-02-26T15:09:50.209115364Z
,simulated,38,2026-02-26T15:10:50.212737284Z
,simulated,25,2026-02-26T15:11:50.220159707Z
,simulated,40,2026-02-26T15:12:50.230307914Z
,simulated,39,2026-02-26T15:13:50.237427176Z
,simulated,33,2026-02-26T15:14:50.244249083Z
,simulated,35,2026-02-26T15:15:50.252718985Z
,simulated,39,2026-02-26T15:16:50.260340811Z
,simulated,27,2026-02-26T15:17:50.268693289Z
,simulated,25,2026-02-26T15:18:50.267839737Z
,simulated,39,2026-02-26T15:19:50.272225171Z
,simulated,32,2026-02-26T15:20:50.283088994Z
,simulated,40,2026-02-26T15:21:50.289615851Z
,simulated,36,2026-02-26T15:22:50.294762769Z
,simulated,39,2026-02-26T15:23:50.303687377Z
,simulated,36,2026-02-26T15:24:50.309326947Z
,simulated,34,2026-02-26T15:25:50.320418376Z
,simulated,41,2026-02-26T15:26:50.326164138Z
,simulated,35,2026-02-26T15:27:50.335294857Z
,simulated,35,2026-02-26T15:28:50.343693055Z
,simulated,40,2026-02-26T15:29:50.344158465Z
,simulated,27,2026-02-26T15:30:50.349789178Z
,simulated,39,2026-02-26T15:31:50.355750272Z
,simulated,22,2026-02-26T15:32:50.360784227Z
,simulated,41,2026-02-26T15:33:50.368132918Z
,simulated,35,2026-02-26T15:34:50.371484212Z
,simulated,33,2026-02-26T15:35:50.376614437Z
,simulated,29,2026-02-26T15:36:50.379541105Z
,simulated,25,2026-02-26T15:37:50.387632735Z
,simulated,38,2026-02-26T15:38:50.383765175Z
,simulated,29,2026-02-26T15:39:50.383373912Z
,simulated,22,2026-02-26T15:40:50.392487977Z
,simulated,38,2026-02-26T15:41:50.393608006Z
,simulated,21,2026-02-26T15:42:50.401962026Z
,simulated,38,2026-02-26T15:43:50.406931377Z
,simulated,35,2026-02-26T15:44:50.412699086Z
,simulated,39,2026-02-26T15:45:50.418251291Z
,simulated,22,2026-02-26T15:46:50.420714279Z
,simulated,39,2026-02-26T15:47:50.425910724Z
,simulated,22,2026-02-26T15:48:50.430641892Z
,simulated,38,2026-02-26T15:49:50.433333927Z
,simulated,27,2026-02-26T15:50:50.440899715Z
,simulated,24,2026-02-26T15:51:50.441986656Z
,simulated,30,2026-02-26T15:52:50.446526847Z
,simulated,33,2026-02-26T15:53:50.449798237Z
,simulated,28,2026-02-26T15:54:50.45211855Z
,simulated,24,2026-02-26T15:55:50.454862377Z
,simulated,40,2026-02-26T15:56:50.458656256Z
,simulated,38,2026-02-26T15:57:50.460572571Z
,simulated,34,2026-02-26T15:58:50.462424495Z
,simulated,31,2026-02-26T15:59:50.464084422Z
,simulated,14,2026-02-26T16:00:50.466480376Z
,simulated,16,2026-02-26T16:01:50.466021824Z
,simulated,24,2026-02-26T16:02:50.47125491Z
,simulated,24,2026-02-26T16:03:50.470981647Z
,simulated,15,2026-02-26T16:04:50.47459741Z
,simulated,23,2026-02-26T16:05:50.477368794Z
,simulated,30,2026-02-26T16:06:50.478365262Z
,simulated,29,2026-02-26T16:07:50.48050366Z
,simulated,14,2026-02-26T16:08:50.483125079Z
,simulated,16,2026-02-26T16:09:50.486982638Z
,simulated,28,2026-02-26T16:10:50.486428752Z
,simulated,24,2026-02-26T16:11:50.488055324Z
,simulated,30,2026-02-26T16:12:50.48900451Z
,simulated,20,2026-02-26T16:13:50.490314744Z
,simulated,26,2026-02-26T16:14:50.490645458Z
,simulated,23,2026-02-26T16:15:50.493487309Z
,simulated,16,2026-02-26T16:16:50.493332146Z
,simulated,28,2026-02-26T16:17:50.494079876Z
,simulated,26,2026-02-26T16:18:50.496043761Z
,simulated,22,2026-02-26T16:19:50.495231129Z
,simulated,29,2026-02-26T16:20:50.496724357Z
,simulated,18,2026-02-26T16:21:50.49736086Z
,simulated,29,2026-02-26T16:22:50.498936824Z
,simulated,19,2026-02-26T16:23:50.499974159Z
,simulated,19,2026-02-26T16:24:50.499431834Z
,simulated,29,2026-02-26T16:25:50.50484192Z
,simulated,28,2026-02-26T16:26:50.501160263Z
,simulated,25,2026-02-26T16:27:50.567491552Z
,simulated,29,2026-02-26T16:28:50.524641331Z
,simulated,29,2026-02-26T16:29:50.551550917Z
,simulated,21,2026-02-26T16:30:50.580010837Z
,simulated,14,2026-02-26T16:31:50.588939168Z
,simulated,26,2026-02-26T16:32:50.61399447Z
,simulated,24,2026-02-26T16:33:50.639959851Z
,simulated,24,2026-02-26T16:34:50.665339279Z
,simulated,17,2026-02-26T16:35:50.694346374Z
,simulated,15,2026-02-26T16:36:50.724216568Z
,simulated,29,2026-02-26T16:37:50.752208214Z
,simulated,24,2026-02-26T16:38:50.766434582Z
,simulated,23,2026-02-26T16:39:50.792265149Z
,simulated,17,2026-02-26T16:40:50.818708377Z
,simulated,29,2026-02-26T16:41:50.831818564Z
,simulated,17,2026-02-26T16:42:50.861936126Z
,simulated,26,2026-02-26T16:43:50.887874303Z
,simulated,13,2026-02-26T16:44:50.916376278Z
,simulated,30,2026-02-26T16:45:50.945541212Z
,simulated,30,2026-02-26T16:46:50.965522664Z
,simulated,30,2026-02-26T16:47:50.990696952Z
,simulated,28,2026-02-26T16:48:51.020804705Z
,simulated,18,2026-02-26T16:49:51.024404795Z
,simulated,28,2026-02-26T16:50:51.061875178Z
,simulated,22,2026-02-26T16:51:51.079448856Z
,simulated,20,2026-02-26T16:52:51.105836514Z
,simulated,22,2026-02-26T16:53:51.137018597Z
,simulated,29,2026-02-26T16:54:51.158558258Z
,simulated,26,2026-02-26T16:55:51.175516941Z
,simulated,21,2026-02-26T16:56:51.201698449Z
,simulated,26,2026-02-26T16:57:51.228923965Z
,simulated,24,2026-02-26T16:58:51.257682424Z
,simulated,30,2026-02-26T16:59:51.282733605Z
,simulated,17,2026-02-26T17:00:51.307717345Z
,simulated,20,2026-02-26T17:01:51.339434122Z
,simulated,20,2026-02-26T17:02:51.346103696Z
,simulated,14,2026-02-26T17:03:51.376268214Z
,simulated,17,2026-02-26T17:04:51.399180723Z
,simulated,9,2026-02-26T17:05:51.429705427Z
,simulated,18,2026-02-26T17:06:51.428161519Z
,simulated,20,2026-02-26T17:07:51.453388564Z
,simulated,13,2026-02-26T17:08:51.459107985Z
,simulated,13,2026-02-26T17:09:51.464613929Z
,simulated,17,2026-02-26T17:10:51.48720913Z
,simulated,9,2026-02-26T17:11:51.500437528Z
,simulated,17,2026-02-26T17:12:51.524931025Z
,simulated,12,2026-02-26T17:13:51.547178017Z
,simulated,13,2026-02-26T17:14:51.647709615Z
,simulated,14,2026-02-26T17:15:51.630713041Z
,simulated,10,2026-02-26T17:16:51.598341582Z
,simulated,8,2026-02-26T17:17:51.630025257Z
,simulated,10,2026-02-26T17:18:51.648383718Z
,simulated,11,2026-02-26T17:19:51.673172976Z
,simulated,20,2026-02-26T17:20:51.697142911Z
,simulated,15,2026-02-26T17:21:51.724317118Z
,simulated,12,2026-02-26T17:22:51.739033654Z
,simulated,21,2026-02-26T17:23:51.746745207Z
,simulated,18,2026-02-26T17:24:51.770629466Z
,simulated,18,2026-02-26T17:25:51.796122728Z
,simulated,9,2026-02-26T17:26:51.818627713Z
,simulated,12,2026-02-26T17:27:51.843618937Z
,simulated,12,2026-02-26T17:28:51.868550501Z
,simulated,13,2026-02-26T17:29:51.889264062Z
,simulated,19,2026-02-26T17:30:51.915075642Z
,simulated,20,2026-02-26T17:31:51.942393951Z
,simulated,20,2026-02-26T17:32:51.957956027Z
,simulated,16,2026-02-26T17:33:51.978506182Z
,simulated,21,2026-02-26T17:34:52.003932187Z
,simulated,21,2026-02-26T17:35:52.011619035Z
,simulated,15,2026-02-26T17:36:52.031588668Z
,simulated,15,2026-02-26T17:37:52.055466605Z
,simulated,10,2026-02-26T17:38:52.062023327Z
,simulated,20,2026-02-26T17:39:52.079929268Z
,simulated,12,2026-02-26T17:40:52.120806911Z
,simulated,11,2026-02-26T17:41:52.134969421Z
,simulated,9,2026-02-26T17:42:52.146304213Z
,simulated,11,2026-02-26T17:43:52.173549326Z
,simulated,19,2026-02-26T17:44:52.197216429Z
,simulated,15,2026-02-26T17:45:52.220201284Z
,simulated,14,2026-02-26T17:46:52.243404647Z
,simulated,8,2026-02-26T17:47:52.265262507Z
,simulated,20,2026-02-26T17:48:52.29589516Z
,simulated,15,2026-02-26T17:49:52.309872812Z
,simulated,8,2026-02-26T17:50:52.336780507Z
,simulated,11,2026-02-26T17:51:52.357645147Z
,simulated,8,2026-02-26T17:52:52.38011663Z
,simulated,17,2026-02-26T17:53:52.393834489Z
,simulated,16,2026-02-26T17:54:52.418946979Z
,simulated,14,2026-02-26T17:55:52.438859662Z
,simulated,9,2026-02-26T17:56:52.463005446Z
,simulated,16,2026-02-26T17:57:52.487355778Z
,simulated,20,2026-02-26T17:58:52.512517142Z
,simulated,18,2026-02-26T17:59:52.532453968Z
,simulated,15,2026-02-26T18:00:52.555077552Z
,simulated,14,2026-02-26T18:01:52.618329484Z
,simulated,10,2026-02-26T18:02:52.618579002Z
,simulated,13,2026-02-26T18:03:52.721334351Z
,simulated,12,2026-02-26T18:04:52.657939124Z
,simulated,11,2026-02-26T18:05:52.812989257Z
,simulated,13,2026-02-26T18:06:52.806598612Z
,simulated,15,2026-02-26T18:07:52.737461018Z
,simulated,11,2026-02-26T18:08:52.806006552Z
,simulated,10,2026-02-26T18:09:52.751979205Z
,simulated,15,2026-02-26T18:10:52.831055204Z
,simulated,14,2026-02-26T18:11:52.892550234Z
,simulated,13,2026-02-26T18:12:52.820185261Z
,simulated,8,2026-02-26T18:13:52.848801143Z
,simulated,10,2026-02-26T18:14:52.896707508Z
,simulated,13,2026-02-26T18:15:52.920743196Z
,simulated,13,2026-02-26T18:16:52.92709062Z
,simulated,13,2026-02-26T18:17:52.91947243Z
,simulated,13,2026-02-26T18:18:52.896175383Z
,simulated,9,2026-02-26T18:19:52.994203836Z
,simulated,11,2026-02-26T18:20:52.939490454Z
,simulated,13,2026-02-26T18:21:52.986318788Z
,simulated,14,2026-02-26T18:22:52.981713997Z
,simulated,10,2026-02-26T18:23:53.00204021Z
,simulated,8,2026-02-26T18:24:53.050568172Z
,simulated,13,2026-02-26T18:25:53.059987146Z
,simulated,9,2026-02-26T18:26:53.081091598Z
,simulated,14,2026-02-26T18:27:53.082167588Z
,simulated,12,2026-02-26T18:28:53.097321153Z
,simulated,8,2026-02-26T18:29:53.097336764Z
,simulated,15,2026-02-26T18:30:53.10290649Z
,simulated,14,2026-02-26T18:31:53.127870406Z
,simulated,8,2026-02-26T18:32:53.192919132Z
,simulated,13,2026-02-26T18:33:53.16897558Z
,simulated,10,2026-02-26T18:34:53.153630911Z
,simulated,11,2026-02-26T18:35:53.193390392Z
,simulated,8,2026-02-26T18:36:53.218807134Z
,simulated,12,2026-02-26T18:37:53.216876982Z
,simulated,12,2026-02-26T18:38:53.375667306Z
,simulated,15,2026-02-26T18:39:53.303522249Z
,simulated,14,2026-02-26T18:40:53.294845307Z
,simulated,15,2026-02-26T18:41:53.289736887Z
,simulated,9,2026-02-26T18:42:53.270960753Z
,simulated,9,2026-02-26T18:43:53.282019922Z
,simulated,12,2026-02-26T18:44:53.287345123Z
,simulated,12,2026-02-26T18:45:53.353415798Z
,simulated,11,2026-02-26T18:46:53.330852286Z
,simulated,10,2026-02-26T18:47:53.354985598Z
,simulated,13,2026-02-26T18:48:53.351046408Z
,simulated,8,2026-02-26T18:49:53.356386041Z
,simulated,9,2026-02-26T18:50:53.388320332Z
,simulated,8,2026-02-26T18:51:53.389100295Z
,simulated,13,2026-02-26T18:52:53.451315508Z
,simulated,9,2026-02-26T18:53:53.426764476Z
,simulated,10,2026-02-26T18:54:53.467866759Z
,simulated,14,2026-02-26T18:55:53.474517562Z
,simulated,15,2026-02-26T18:56:53.465923202Z
,simulated,10,2026-02-26T18:57:53.477016831Z
,simulated,10,2026-02-26T18:58:53.512473359Z
,simulated,14,2026-02-26T18:59:53.521698846Z
,simulated,5,2026-02-26T19:00:53.539889247Z
,simulated,6,2026-02-26T19:01:53.651462752Z
,simulated,6,2026-02-26T19:02:53.631677797Z
,simulated,5,2026-02-26T19:03:53.608977852Z
,simulated,10,2026-02-26T19:04:53.606756615Z
,simulated,4,2026-02-26T19:05:53.592241109Z
,simulated,6,2026-02-26T19:06:53.602399232Z
,simulated,10,2026-02-26T19:07:53.617783082Z
,simulated,5,2026-02-26T19:08:53.648070601Z
,simulated,10,2026-02-26T19:09:53.632393115Z
,simulated,10,2026-02-26T19:10:53.64680133Z
,simulated,7,2026-02-26T19:11:53.656228215Z
,simulated,9,2026-02-26T19:12:53.678626163Z
,simulated,7,2026-02-26T19:13:53.694263992Z
,simulated,9,2026-02-26T19:14:53.696214178Z
,simulated,5,2026-02-26T19:15:53.7181779Z
,simulated,9,2026-02-26T19:16:53.70961795Z
,simulated,6,2026-02-26T19:17:53.752722017Z
,simulated,4,2026-02-26T19:18:53.75455824Z
,simulated,11,2026-02-26T19:19:53.74231136Z
,simulated,9,2026-02-26T19:20:53.75067176Z
,simulated,4,2026-02-26T19:21:53.792470663Z
,simulated,6,2026-02-26T19:22:53.773341857Z
,simulated,4,2026-02-26T19:23:53.77824329Z
,simulated,11,2026-02-26T19:24:53.792237843Z
,simulated,4,2026-02-26T19:25:53.801055384Z
,simulated,6,2026-02-26T19:26:53.811691317Z
,simulated,6,2026-02-26T19:27:53.823492223Z
,simulated,6,2026-02-26T19:28:53.836553844Z
,simulated,4,2026-02-26T19:29:53.846259005Z
,simulated,8,2026-02-26T19:30:53.915194244Z
,simulated,7,2026-02-26T19:31:53.863263604Z
,simulated,7,2026-02-26T19:32:53.875959743Z
,simulated,5,2026-02-26T19:33:53.887638623Z
,simulated,5,2026-02-26T19:34:53.911448379Z
,simulated,5,2026-02-26T19:35:53.898914076Z
,simulated,7,2026-02-26T19:36:53.908945653Z
,simulated,5,2026-02-26T19:37:53.919135224Z
,simulated,6,2026-02-26T19:38:53.924488945Z
,simulated,9,2026-02-26T19:39:53.939331854Z
,simulated,7,2026-02-26T19:40:53.946813479Z
,simulated,10,2026-02-26T19:41:53.955265669Z
,simulated,9,2026-02-26T19:42:53.970004518Z
,simulated,6,2026-02-26T19:43:53.970568253Z
,simulated,9,2026-02-26T19:44:53.973331446Z
,simulated,10,2026-02-26T19:45:53.985387974Z
,simulated,6,2026-02-26T19:46:53.998753924Z
,simulated,11,2026-02-26T19:47:54.004991223Z
,simulated,5,2026-02-26T19:48:54.014887647Z
,simulated,8,2026-02-26T19:49:54.021472037Z
,simulated,5,2026-02-26T19:50:54.027316934Z
,simulated,7,2026-02-26T19:51:54.031229217Z
,simulated,10,2026-02-26T19:52:54.043287524Z
,simulated,7,2026-02-26T19:53:54.050105104Z
,simulated,11,2026-02-26T19:54:54.059280057Z
,simulated,11,2026-02-26T19:55:54.067626236Z
,simulated,5,2026-02-26T19:56:54.083371822Z
,simulated,7,2026-02-26T19:57:54.087877118Z
,simulated,11,2026-02-26T19:58:54.091897663Z
,simulated,10,2026-02-26T19:59:54.099881585Z
,simulated,10,2026-02-26T20:00:54.102399458Z
,simulated,6,2026-02-26T20:01:54.112223246Z
,simulated,6,2026-02-26T20:02:54.122859804Z
,simulated,5,2026-02-26T20:03:54.126070201Z
,simulated,10,2026-02-26T20:04:54.133152895Z
,simulated,8,2026-02-26T20:05:54.13739115Z
,simulated,6,2026-02-26T20:06:54.142618448Z
,simulated,7,2026-02-26T20:07:54.149646634Z
,simulated,7,2026-02-26T20:08:54.158446695Z
,simulated,7,2026-02-26T20:09:54.16946597Z
,simulated,7,2026-02-26T20:10:54.170539551Z
,simulated,10,2026-02-26T20:11:54.178624303Z
,simulated,5,2026-02-26T20:12:54.18612871Z
,simulated,10,2026-02-26T20:13:54.193883303Z
,simulated,10,2026-02-26T20:14:54.197127421Z
,simulated,8,2026-02-26T20:15:54.204463339Z
,simulated,5,2026-02-26T20:16:54.209261816Z
,simulated,10,2026-02-26T20:17:54.217671383Z
,simulated,9,2026-02-26T20:18:54.219322986Z
,simulated,9,2026-02-26T20:19:54.224115495Z
,simulated,5,2026-02-26T20:20:54.233069927Z
,simulated,6,2026-02-26T20:21:54.242104411Z
,simulated,10,2026-02-26T20:22:54.246242539Z
,simulated,9,2026-02-26T20:23:54.249923115Z
,simulated,5,2026-02-26T20:24:54.258527428Z
,simulated,6,2026-02-26T20:25:54.26749888Z
,simulated,5,2026-02-26T20:26:54.273872165Z
,simulated,7,2026-02-26T20:27:54.28339604Z
,simulated,10,2026-02-26T20:28:54.291152373Z
,simulated,7,2026-02-26T20:29:54.296151074Z
,simulated,6,2026-02-26T20:30:54.296801533Z
,simulated,10,2026-02-26T20:31:54.305654029Z
,simulated,9,2026-02-26T20:32:54.30989751Z
,simulated,10,2026-02-26T20:33:54.31234932Z
,simulated,10,2026-02-26T20:34:54.316170024Z
,simulated,10,2026-02-26T20:35:54.324292985Z
,simulated,10,2026-02-26T20:36:54.325345631Z
,simulated,7,2026-02-26T20:37:54.33221531Z
,simulated,10,2026-02-26T20:38:54.331697251Z
,simulated,7,2026-02-26T20:39:54.338143078Z
,simulated,6,2026-02-26T20:40:54.347691735Z
,simulated,9,2026-02-26T20:41:54.34330766Z
,simulated,6,2026-02-26T20:42:54.347733934Z
,simulated,9,2026-02-26T20:43:54.356348785Z
,simulated,7,2026-02-26T20:44:54.354968985Z
,simulated,8,2026-02-26T20:45:54.358147303Z
,simulated,8,2026-02-26T20:46:54.365174732Z
,simulated,10,2026-02-26T20:47:54.368585664Z
,simulated,9,2026-02-26T20:48:54.372537876Z
,simulated,7,2026-02-26T20:49:54.374724498Z
,simulated,5,2026-02-26T20:50:54.379938669Z
,simulated,8,2026-02-26T20:51:54.383525464Z
,simulated,7,2026-02-26T20:52:54.3859996Z
,simulated,5,2026-02-26T20:53:54.391638357Z
,simulated,6,2026-02-26T20:54:54.395166953Z
,simulated,7,2026-02-26T20:55:54.396087708Z
,simulated,5,2026-02-26T20:56:54.399108779Z
,simulated,8,2026-02-26T20:57:54.40292471Z
,simulated,7,2026-02-26T20:58:54.404758411Z
,simulated,9,2026-02-26T20:59:54.406286989Z
,simulated,6,2026-02-26T21:00:54.410355938Z
,simulated,5,2026-02-26T21:01:54.415067718Z
,simulated,7,2026-02-26T21:02:54.418819551Z
,simulated,3,2026-02-26T21:03:54.41770144Z
,simulated,3,2026-02-26T21:04:54.421185382Z
,simulated,7,2026-02-26T21:05:54.425478341Z
,simulated,5,2026-02-26T21:06:54.426821271Z
,simulated,6,2026-02-26T21:07:54.431309546Z
,simulated,5,2026-02-26T21:08:54.433218289Z
,simulated,3,2026-02-26T21:09:54.434753059Z
,simulated,3,2026-02-26T21:10:54.438007979Z
,simulated,4,2026-02-26T21:11:54.439037786Z
,simulated,3,2026-02-26T21:12:54.443197763Z
,simulated,6,2026-02-26T21:13:54.451361334Z
,simulated,5,2026-02-26T21:14:54.449389875Z
,simulated,5,2026-02-26T21:15:54.446139114Z
,simulated,6,2026-02-26T21:16:54.451989894Z
,simulated,5,2026-02-26T21:17:54.449642129Z
,simulated,5,2026-02-26T21:18:54.451790132Z
,simulated,3,2026-02-26T21:19:54.458709654Z
,simulated,4,2026-02-26T21:20:54.455752634Z
,simulated,3,2026-02-26T21:21:54.45814871Z
,simulated,7,2026-02-26T21:22:54.458680833Z
,simulated,4,2026-02-26T21:23:54.460330677Z
,simulated,4,2026-02-26T21:24:54.462045808Z
,simulated,5,2026-02-26T21:25:54.463583982Z
,simulated,6,2026-02-26T21:26:54.468583461Z
,simulated,5,2026-02-26T21:27:54.4655118Z
,simulated,3,2026-02-26T21:28:54.465644965Z
,simulated,5,2026-02-26T21:29:54.466063584Z
,simulated,5,2026-02-26T21:30:54.466838948Z
,simulated,4,2026-02-26T21:31:54.467376222Z
,simulated,5,2026-02-26T21:32:54.466267285Z
,simulated,3,2026-02-26T21:33:54.469050083Z
,simulated,3,2026-02-26T21:34:54.467408092Z
,simulated,7,2026-02-26T21:35:54.470169406Z
,simulated,6,2026-02-26T21:36:54.466865787Z
,simulated,5,2026-02-26T21:37:54.496925746Z
,simulated,6,2026-02-26T21:38:54.51761279Z
,simulated,4,2026-02-26T21:39:54.547748122Z
,simulated,5,2026-02-26T21:40:54.574165457Z
,simulated,6,2026-02-26T21:41:54.59828927Z
,simulated,4,2026-02-26T21:42:54.628318317Z
,simulated,3,2026-02-26T21:43:54.652651875Z
,simulated,4,2026-02-26T21:44:54.665241505Z
,simulated,5,2026-02-26T21:45:54.689979453Z
,simulated,7,2026-02-26T21:46:54.718835488Z
,simulated,7,2026-02-26T21:47:54.743857134Z
,simulated,4,2026-02-26T21:48:54.77174433Z
,simulated,6,2026-02-26T21:49:54.797960235Z
,simulated,7,2026-02-26T21:50:54.825913672Z
,simulated,5,2026-02-26T21:51:54.853847834Z
,simulated,5,2026-02-26T21:52:54.871761042Z
,simulated,5,2026-02-26T21:53:54.898752126Z
,simulated,7,2026-02-26T21:54:54.924602304Z
,simulated,3,2026-02-26T21:55:54.950224842Z
,simulated,5,2026-02-26T21:56:54.97832142Z
,simulated,3,2026-02-26T21:57:55.006801292Z
,simulated,3,2026-02-26T21:58:55.035032015Z
,simulated,6,2026-02-26T21:59:55.056428592Z
,simulated,4,2026-02-26T22:00:55.08237086Z
,simulated,3,2026-02-26T22:01:55.09780958Z
,simulated,3,2026-02-26T22:02:55.123780196Z
,simulated,6,2026-02-26T22:03:55.132390491Z
,simulated,5,2026-02-26T22:04:55.160798369Z
,simulated,4,2026-02-26T22:05:55.182437682Z
,simulated,6,2026-02-26T22:06:55.185965101Z
,simulated,3,2026-02-26T22:07:55.213520016Z
,simulated,6,2026-02-26T22:08:55.231852781Z
,simulated,6,2026-02-26T22:09:55.255184959Z
,simulated,4,2026-02-26T22:10:55.278322821Z
,simulated,4,2026-02-26T22:11:55.288351493Z
,simulated,5,2026-02-26T22:12:55.312506251Z
,simulated,5,2026-02-26T22:13:55.340190486Z
,simulated,7,2026-02-26T22:14:55.345740363Z
,simulated,4,2026-02-26T22:15:55.370672793Z
,simulated,4,2026-02-26T22:16:55.39810138Z
,simulated,7,2026-02-26T22:17:55.421039186Z
,simulated,3,2026-02-26T22:18:55.437868861Z
,simulated,6,2026-02-26T22:19:55.463448728Z
,simulated,5,2026-02-26T22:20:55.467892784Z
,simulated,3,2026-02-26T22:21:55.491910101Z
,simulated,7,2026-02-26T22:22:55.536084554Z
,simulated,4,2026-02-26T22:23:55.530452142Z
,simulated,7,2026-02-26T22:24:55.551647805Z
,simulated,5,2026-02-26T22:25:55.578899749Z
,simulated,6,2026-02-26T22:26:55.600514373Z
,simulated,4,2026-02-26T22:27:55.621060178Z
,simulated,6,2026-02-26T22:28:55.646076396Z
,simulated,4,2026-02-26T22:29:55.650314369Z
,simulated,4,2026-02-26T22:30:55.674081875Z
,simulated,4,2026-02-26T22:31:55.690952855Z
,simulated,4,2026-02-26T22:32:55.714714273Z
,simulated,4,2026-02-26T22:33:55.742611744Z
,simulated,6,2026-02-26T22:34:55.763572058Z
,simulated,6,2026-02-26T22:35:55.789594061Z
,simulated,4,2026-02-26T22:36:55.809482763Z
,simulated,4,2026-02-26T22:37:55.830605109Z
,simulated,7,2026-02-26T22:38:55.848117453Z
,simulated,5,2026-02-26T22:39:55.864584599Z
,simulated,6,2026-02-26T22:40:55.890330883Z
,simulated,5,2026-02-26T22:41:55.912648923Z
,simulated,3,2026-02-26T22:42:55.93793132Z
,simulated,6,2026-02-26T22:43:55.959041042Z
,simulated,7,2026-02-26T22:44:55.984364545Z
,simulated,3,2026-02-26T22:45:56.001865206Z
,simulated,3,2026-02-26T22:46:56.044281153Z
,simulated,4,2026-02-26T22:47:56.049627463Z
,simulated,5,2026-02-26T22:48:56.074109191Z
,simulated,4,2026-02-26T22:49:56.093399147Z
,simulated,6,2026-02-26T22:50:56.115652025Z
,simulated,4,2026-02-26T22:51:56.135660344Z
,simulated,6,2026-02-26T22:52:56.152245123Z
,simulated,5,2026-02-26T22:53:56.176059357Z
,simulated,7,2026-02-26T22:54:56.194805348Z
,simulated,7,2026-02-26T22:55:56.21728492Z
,simulated,4,2026-02-26T22:56:56.240310959Z
,simulated,5,2026-02-26T22:57:56.253354689Z
,simulated,7,2026-02-26T22:58:56.273387136Z
,simulated,6,2026-02-26T22:59:56.277291252Z
,simulated,4,2026-02-26T23:00:56.299448835Z
,simulated,3,2026-02-26T23:01:56.317052329Z
,simulated,3,2026-02-26T23:02:56.337305669Z
,simulated,6,2026-02-26T23:03:56.357333791Z
,simulated,6,2026-02-26T23:04:56.377061035Z
,simulated,7,2026-02-26T23:05:56.395291546Z
,simulated,6,2026-02-26T23:06:56.415132965Z
,simulated,3,2026-02-26T23:07:56.441981117Z
,simulated,3,2026-02-26T23:08:56.443149771Z
,simulated,7,2026-02-26T23:09:56.463365552Z
,simulated,3,2026-02-26T23:10:56.487297372Z
,simulated,4,2026-02-26T23:11:56.505029743Z
,simulated,4,2026-02-26T23:12:56.525032241Z
,simulated,6,2026-02-26T23:13:56.544912209Z
,simulated,6,2026-02-26T23:14:56.56232745Z
,simulated,6,2026-02-26T23:15:56.581916447Z
,simulated,5,2026-02-26T23:16:56.60271111Z
,simulated,3,2026-02-26T23:17:56.623401312Z
,simulated,3,2026-02-26T23:18:56.64254014Z
,simulated,5,2026-02-26T23:19:56.661684802Z
,simulated,6,2026-02-26T23:20:56.664568961Z
,simulated,5,2026-02-26T23:21:56.682061874Z
,simulated,7,2026-02-26T23:22:56.702097916Z
,simulated,4,2026-02-26T23:23:56.721431694Z
,simulated,3,2026-02-26T23:24:56.738459324Z
,simulated,5,2026-02-26T23:25:56.767606135Z
,simulated,6,2026-02-26T23:26:56.766471136Z
,simulated,4,2026-02-26T23:27:56.782412218Z
,simulated,5,2026-02-26T23:28:56.800408216Z
,simulated,6,2026-02-26T23:29:56.819173028Z
,simulated,6,2026-02-26T23:30:56.835837928Z
,simulated,3,2026-02-26T23:31:56.858018972Z
,simulated,7,2026-02-26T23:32:56.871550292Z
,simulated,7,2026-02-26T23:33:56.891397852Z
,simulated,4,2026-02-26T23:34:56.906689434Z
,simulated,4,2026-02-26T23:35:56.920599451Z
,simulated,6,2026-02-26T23:36:56.931116059Z
,simulated,3,2026-02-26T23:37:56.949192778Z
,simulated,3,2026-02-26T23:38:56.968840393Z
,simulated,4,2026-02-26T23:39:56.987866015Z
,simulated,4,2026-02-26T23:40:57.003540575Z
,simulated,5,2026-02-26T23:41:57.019521386Z
,simulated,3,2026-02-26T23:42:57.021759268Z
,simulated,6,2026-02-26T23:43:57.039423329Z
,simulated,7,2026-02-26T23:44:57.056610734Z
,simulated,4,2026-02-26T23:45:57.069037039Z
,simulated,5,2026-02-26T23:46:57.085507753Z
,simulated,5,2026-02-26T23:47:57.100335508Z
,simulated,4,2026-02-26T23:48:57.113901585Z
,simulated,4,2026-02-26T23:49:57.131299087Z
,simulated,6,2026-02-26T23:50:57.154414641Z
,simulated,7,2026-02-26T23:51:57.16491697Z
,simulated,7,2026-02-26T23:52:57.182077452Z
,simulated,7,2026-02-26T23:53:57.189360492Z
,simulated,7,2026-02-26T23:54:57.203641673Z
,simulated,7,2026-02-26T23:55:57.211891005Z
,simulated,3,2026-02-26T23:56:57.217621521Z
,simulated,3,2026-02-26T23:57:57.239107168Z
,simulated,6,2026-02-26T23:58:57.25476508Z
,simulated,3,2026-02-26T23:59:57.263304874Z
,simulated,0,2026-02-27T00:00:57.273701528Z
,simulated,0,2026-02-27T00:01:57.287461545Z
,simulated,0,2026-02-27T00:02:57.298313949Z
,simulated,0,2026-02-27T00:03:57.311972204Z
,simulated,0,2026-02-27T00:04:57.313372781Z
,simulated,0,2026-02-27T00:05:57.327499996Z
,simulated,0,2026-02-27T00:06:57.341368689Z
,simulated,0,2026-02-27T00:07:57.350033031Z
,simulated,0,2026-02-27T00:08:57.364022629Z
,simulated,0,2026-02-27T00:09:57.373490085Z
,simulated,0,2026-02-27T00:10:57.386585098Z
,simulated,0,2026-02-27T00:11:57.400773075Z
,simulated,0,2026-02-27T00:12:57.414687241Z
,simulated,0,2026-02-27T00:13:57.428085379Z
,simulated,0,2026-02-27T00:14:57.434445545Z
,simulated,0,2026-02-27T00:15:57.441391217Z
,simulated,0,2026-02-27T00:16:57.457448477Z
,simulated,0,2026-02-27T00:17:57.471587317Z
,simulated,0,2026-02-27T00:18:57.48635934Z
,simulated,0,2026-02-27T00:19:57.486121169Z
,simulated,0,2026-02-27T00:20:57.495617988Z
,simulated,0,2026-02-27T00:21:57.504030481Z
,simulated,0,2026-02-27T00:22:57.516136616Z
,simulated,0,2026-02-27T00:23:57.520602791Z
,simulated,0,2026-02-27T00:24:57.521299737Z
,simulated,0,2026-02-27T00:25:57.53071376Z
,simulated,0,2026-02-27T00:26:57.547847567Z
,simulated,0,2026-02-27T00:27:57.547064688Z
,simulated,0,2026-02-27T00:28:57.558013826Z
,simulated,0,2026-02-27T00:29:57.569790503Z
,simulated,0,2026-02-27T00:30:57.581311183Z
,simulated,0,2026-02-27T00:31:57.591676524Z
,simulated,0,2026-02-27T00:32:57.592176268Z
,simulated,0,2026-02-27T00:33:57.594511745Z
,simulated,0,2026-02-27T00:34:57.602758942Z
,simulated,0,2026-02-27T00:35:57.614729159Z
,simulated,0,2026-02-27T00:36:57.624132728Z
,simulated,0,2026-02-27T00:37:57.637836706Z
,simulated,0,2026-02-27T00:38:57.643607996Z
,simulated,0,2026-02-27T00:39:57.655823138Z
,simulated,0,2026-02-27T00:40:57.663894766Z
,simulated,0,2026-02-27T00:41:57.674532023Z
,simulated,0,2026-02-27T00:42:57.682872738Z
,simulated,0,2026-02-27T00:43:57.690264095Z
,simulated,0,2026-02-27T00:44:57.698087223Z
,simulated,0,2026-02-27T00:45:57.708266751Z
,simulated,0,2026-02-27T00:46:57.719552796Z
,simulated,0,2026-02-27T00:47:57.728797568Z
,simulated,0,2026-02-27T00:48:57.731795881Z
,simulated,0,2026-02-27T00:49:57.74151941Z
,simulated,0,2026-02-27T00:50:57.751048951Z
,simulated,0,2026-02-27T00:51:57.758425401Z
,simulated,0,2026-02-27T00:52:57.768938309Z
,simulated,0,2026-02-27T00:53:57.777938153Z
,simulated,0,2026-02-27T00:54:57.788315782Z
,simulated,0,2026-02-27T00:55:57.79689965Z
,simulated,0,2026-02-27T00:56:57.804277436Z
,simulated,0,2026-02-27T00:57:57.813122443Z
,simulated,0,2026-02-27T00:58:57.817443132Z
,simulated,0,2026-02-27T00:59:57.826583706Z
,simulated,0,2026-02-27T01:00:57.836018021Z
,simulated,0,2026-02-27T01:01:57.840700128Z
,simulated,0,2026-02-27T01:02:57.844644009Z
,simulated,0,2026-02-27T01:03:57.853671012Z
,simulated,0,2026-02-27T01:04:57.860007548Z
,simulated,0,2026-02-27T01:05:57.864141554Z
,simulated,0,2026-02-27T01:06:57.871805636Z
,simulated,0,2026-02-27T01:07:57.874755235Z
,simulated,0,2026-02-27T01:08:57.883341235Z
,simulated,0,2026-02-27T01:09:57.884872204Z
,simulated,0,2026-02-27T01:10:57.89134183Z
,simulated,0,2026-02-27T01:11:57.903089273Z
,simulated,0,2026-02-27T01:12:57.900124975Z
,simulated,0,2026-02-27T01:13:57.907177667Z
,simulated,0,2026-02-27T01:14:57.912147813Z
,simulated,0,2026-02-27T01:15:57.925315928Z
,simulated,0,2026-02-27T01:16:57.918407991Z
,simulated,0,2026-02-27T01:17:57.924724808Z
,simulated,0,2026-02-27T01:18:57.930316572Z
,simulated,0,2026-02-27T01:19:57.935484445Z
,simulated,0,2026-02-27T01:20:57.942217873Z
,simulated,0,2026-02-27T01:21:57.943773874Z
,simulated,0,2026-02-27T01:22:57.950072092Z
,simulated,0,2026-02-27T01:23:57.958533667Z
,simulated,0,2026-02-27T01:24:57.96241114Z
,simulated,0,2026-02-27T01:25:57.967028467Z
,simulated,0,2026-02-27T01:26:57.972246092Z
,simulated,0,2026-02-27T01:27:57.975586704Z
,simulated,0,2026-02-27T01:28:57.980983663Z
,simulated,0,2026-02-27T01:29:57.98579915Z
,simulated,0,2026-02-27T01:30:57.990921587Z
,simulated,0,2026-02-27T01:31:57.995608664Z
,simulated,0,2026-02-27T01:32:57.998411495Z
,simulated,0,2026-02-27T01:33:58.001951346Z
,simulated,0,2026-02-27T01:34:58.00763636Z
,simulated,0,2026-02-27T01:35:58.011974428Z
,simulated,0,2026-02-27T01:36:58.017063631Z
,simulated,0,2026-02-27T01:37:58.024074586Z
,simulated,0,2026-02-27T01:38:58.030394129Z
,simulated,0,2026-02-27T01:39:58.032912702Z
,simulated,0,2026-02-27T01:40:58.034614802Z
,simulated,0,2026-02-27T01:41:58.045258047Z
,simulated,0,2026-02-27T01:42:58.041801802Z
,simulated,0,2026-02-27T01:43:58.046120538Z
,simulated,0,2026-02-27T01:44:58.046962344Z
,simulated,0,2026-02-27T01:45:58.051817382Z
,simulated,0,2026-02-27T01:46:58.054921461Z
,simulated,0,2026-02-27T01:47:58.058470544Z
,simulated,0,2026-02-27T01:48:58.063022723Z
,simulated,0,2026-02-27T01:49:58.064239071Z
,simulated,0,2026-02-27T01:50:58.068180389Z
,simulated,0,2026-02-27T01:51:58.068781725Z
,simulated,0,2026-02-27T01:52:58.070978859Z
,simulated,0,2026-02-27T01:53:58.072823513Z
,simulated,0,2026-02-27T01:54:58.075975293Z
,simulated,0,2026-02-27T01:55:58.077836268Z
,simulated,0,2026-02-27T01:56:58.078536222Z
,simulated,0,2026-02-27T01:57:58.081609863Z
,simulated,0,2026-02-27T01:58:58.082461261Z
,simulated,0,2026-02-27T01:59:58.083714699Z
,simulated,0,2026-02-27T02:00:58.085078638Z
,simulated,0,2026-02-27T02:01:58.087742681Z
,simulated,0,2026-02-27T02:02:58.086210035Z
,simulated,0,2026-02-27T02:03:58.088208412Z
,simulated,0,2026-02-27T02:04:58.090828763Z
,simulated,0,2026-02-27T02:05:58.090834698Z
,simulated,0,2026-02-27T02:06:58.090692748Z
,simulated,0,2026-02-27T02:07:58.093266098Z
,simulated,0,2026-02-27T02:08:58.093929275Z
,simulated,0,2026-02-27T02:09:58.096808268Z
,simulated,0,2026-02-27T02:10:58.094559055Z
,simulated,0,2026-02-27T02:11:58.093882887Z
,simulated,0,2026-02-27T02:12:58.128605166Z
,simulated,0,2026-02-27T02:13:58.104032428Z
,simulated,0,2026-02-27T02:14:58.122969386Z
,simulated,0,2026-02-27T02:15:58.14749967Z
,simulated,0,2026-02-27T02:16:58.174700825Z
,simulated,0,2026-02-27T02:17:58.201950447Z
,simulated,0,2026-02-27T02:18:58.205912752Z
,simulated,0,2026-02-27T02:19:58.232733456Z
,simulated,0,2026-02-27T02:20:58.237403557Z
,simulated,0,2026-02-27T02:21:58.263217063Z
,simulated,0,2026-02-27T02:22:58.292022597Z
,simulated,0,2026-02-27T02:23:58.306263567Z
,simulated,0,2026-02-27T02:24:58.322615136Z
,simulated,0,2026-02-27T02:25:58.350798261Z
,simulated,0,2026-02-27T02:26:58.3746522Z
,simulated,0,2026-02-27T02:27:58.402534512Z
,simulated,0,2026-02-27T02:28:58.418076713Z
,simulated,0,2026-02-27T02:29:58.444537167Z
,simulated,0,2026-02-27T02:30:58.470790089Z
,simulated,0,2026-02-27T02:31:58.498412792Z
,simulated,0,2026-02-27T02:32:58.524212549Z
,simulated,0,2026-02-27T02:33:58.536984648Z
,simulated,0,2026-02-27T02:34:58.56344268Z
,simulated,0,2026-02-27T02:35:58.591025641Z
,simulated,0,2026-02-27T02:36:58.614033126Z
,simulated,0,2026-02-27T02:37:58.632957198Z
,simulated,0,2026-02-27T02:38:58.655623676Z
,simulated,0,2026-02-27T02:39:58.675688713Z
,simulated,0,2026-02-27T02:40:58.703815907Z
,simulated,0,2026-02-27T02:41:58.727764557Z
,simulated,0,2026-02-27T02:42:58.753969313Z
,simulated,0,2026-02-27T02:43:58.7860492Z
,simulated,0,2026-02-27T02:44:58.81328781Z
,simulated,0,2026-02-27T02:45:58.830837844Z
,simulated,0,2026-02-27T02:46:58.84356604Z
,simulated,0,2026-02-27T02:47:58.86748465Z
,simulated,0,2026-02-27T02:48:58.88965618Z
,simulated,0,2026-02-27T02:49:58.914297702Z
,simulated,0,2026-02-27T02:50:58.920488122Z
,simulated,0,2026-02-27T02:51:58.926375214Z
,simulated,0,2026-02-27T02:52:58.94424631Z
,simulated,0,2026-02-27T02:53:58.975202998Z
,simulated,0,2026-02-27T02:54:58.993376855Z
,simulated,0,2026-02-27T02:55:59.018264889Z
,simulated,0,2026-02-27T02:56:59.037153331Z
,simulated,0,2026-02-27T02:57:59.051806777Z
,simulated,0,2026-02-27T02:58:59.061800547Z
,simulated,0,2026-02-27T02:59:59.08085233Z
,simulated,0,2026-02-27T03:00:59.104763437Z
,simulated,0,2026-02-27T03:01:59.126607072Z
,simulated,0,2026-02-27T03:02:59.158372857Z
,simulated,0,2026-02-27T03:03:59.167663435Z
,simulated,0,2026-02-27T03:04:59.180370299Z
,simulated,0,2026-02-27T03:05:59.182975767Z
,simulated,0,2026-02-27T03:06:59.208047082Z
,simulated,0,2026-02-27T03:07:59.229870651Z
,simulated,0,2026-02-27T03:08:59.245864168Z
,simulated,0,2026-02-27T03:09:59.26940709Z
,simulated,0,2026-02-27T03:10:59.295472906Z
,simulated,0,2026-02-27T03:11:59.318479304Z
,simulated,0,2026-02-27T03:12:59.329765444Z
,simulated,0,2026-02-27T03:13:59.346735653Z
,simulated,0,2026-02-27T03:14:59.368779459Z
,simulated,0,2026-02-27T03:15:59.385015927Z
,simulated,0,2026-02-27T03:16:59.408076932Z
,simulated,0,2026-02-27T03:17:59.433322604Z
,simulated,0,2026-02-27T03:18:59.456567344Z
,simulated,0,2026-02-27T03:19:59.479544636Z
,simulated,0,2026-02-27T03:20:59.503048224Z
,simulated,0,2026-02-27T03:21:59.51521547Z
,simulated,0,2026-02-27T03:22:59.541859783Z
,simulated,0,2026-02-27T03:23:59.566300107Z
,simulated,0,2026-02-27T03:24:59.570268799Z
,simulated,0,2026-02-27T03:25:59.580467869Z
,simulated,0,2026-02-27T03:26:59.598412009Z
,simulated,0,2026-02-27T03:27:59.609037512Z
,simulated,0,2026-02-27T03:28:59.633081381Z
,simulated,0,2026-02-27T03:29:59.654625334Z
,simulated,0,2026-02-27T03:30:59.676372851Z
,simulated,0,2026-02-27T03:31:59.697659207Z
,simulated,0,2026-02-27T03:32:59.710314992Z
,simulated,0,2026-02-27T03:33:59.73550473Z
,simulated,0,2026-02-27T03:34:59.757809553Z
,simulated,0,2026-02-27T03:35:59.769709605Z
,simulated,0,2026-02-27T03:36:59.785309863Z
,simulated,0,2026-02-27T03:37:59.807971452Z
,simulated,0,2026-02-27T03:38:59.828092571Z
,simulated,0,2026-02-27T03:39:59.831956417Z
,simulated,0,2026-02-27T03:40:59.851435349Z
,simulated,0,2026-02-27T03:41:59.863899582Z
,simulated,0,2026-02-27T03:42:59.888514148Z
,simulated,0,2026-02-27T03:43:59.908928189Z
,simulated,0,2026-02-27T03:44:59.933421044Z
,simulated,0,2026-02-27T03:45:59.946856114Z
,simulated,0,2026-02-27T03:46:59.970192999Z
,simulated,0,2026-02-27T03:47:59.987526592Z
,simulated,0,2026-02-27T03:49:00.000103021Z
,simulated,0,2026-02-27T03:50:00.022778757Z
,simulated,0,2026-02-27T03:51:00.042801113Z
,simulated,0,2026-02-27T03:52:00.058329038Z
,simulated,0,2026-02-27T03:53:00.083262706Z
,simulated,0,2026-02-27T03:54:00.101500993Z
,simulated,0,2026-02-27T03:55:00.118899923Z
,simulated,0,2026-02-27T03:56:00.132061232Z
,simulated,0,2026-02-27T03:57:00.153810712Z
,simulated,0,2026-02-27T03:58:00.170558874Z
,simulated,0,2026-02-27T03:59:00.18936122Z
,simulated,0,2026-02-27T04:00:00.207477078Z
,simulated,0,2026-02-27T04:01:00.232330737Z
,simulated,0,2026-02-27T04:02:00.253209533Z
,simulated,0,2026-02-27T04:03:00.260017064Z
,simulated,0,2026-02-27T04:04:00.258657922Z
,simulated,0,2026-02-27T04:05:00.277204699Z
,simulated,0,2026-02-27T04:06:00.284064278Z
,simulated,0,2026-02-27T04:07:00.302465648Z
,simulated,0,2026-02-27T04:08:00.334370411Z
,simulated,0,2026-02-27T04:09:00.335601253Z
,simulated,0,2026-02-27T04:10:00.357294147Z
,simulated,0,2026-02-27T04:11:00.363157711Z
,simulated,0,2026-02-27T04:12:00.368196596Z
,simulated,0,2026-02-27T04:13:00.377085038Z
,simulated,0,2026-02-27T04:14:00.395556484Z
,simulated,0,2026-02-27T04:15:00.417159427Z
,simulated,0,2026-02-27T04:16:00.441655985Z
,simulated,0,2026-02-27T04:17:00.456260179Z
,simulated,0,2026-02-27T04:18:00.47213388Z
,simulated,0,2026-02-27T04:19:00.474130721Z
,simulated,0,2026-02-27T04:20:00.495206946Z
,simulated,0,2026-02-27T04:21:00.5135843Z
,simulated,0,2026-02-27T04:22:00.515091478Z
,simulated,0,2026-02-27T04:23:00.521322258Z
,simulated,0,2026-02-27T04:24:00.525380473Z
,simulated,0,2026-02-27T04:25:00.549055472Z
,simulated,0,2026-02-27T04:26:00.560160046Z
,simulated,0,2026-02-27T04:27:00.576766609Z
,simulated,0,2026-02-27T04:28:00.580109142Z
,simulated,0,2026-02-27T04:29:00.586098501Z
,simulated,0,2026-02-27T04:30:00.603812359Z
,simulated,0,2026-02-27T04:31:00.624464312Z
,simulated,0,2026-02-27T04:32:00.645337409Z
,simulated,0,2026-02-27T04:33:00.652682437Z
,simulated,0,2026-02-27T04:34:00.671222625Z
,simulated,0,2026-02-27T04:35:00.686678053Z
,simulated,0,2026-02-27T04:36:00.68947889Z
,simulated,0,2026-02-27T04:37:00.706501228Z
,simulated,0,2026-02-27T04:38:00.72285972Z
,simulated,0,2026-02-27T04:39:00.743544736Z
,simulated,0,2026-02-27T04:40:00.754001803Z
,simulated,0,2026-02-27T04:41:00.774676497Z
,simulated,0,2026-02-27T04:42:00.783270703Z
,simulated,0,2026-02-27T04:43:00.794062621Z
,simulated,0,2026-02-27T04:44:00.794826381Z
,simulated,0,2026-02-27T04:45:00.811285541Z
,simulated,0,2026-02-27T04:46:00.822982278Z
,simulated,0,2026-02-27T04:47:00.838470948Z
,simulated,0,2026-02-27T04:48:00.845241969Z
,simulated,0,2026-02-27T04:49:00.863153092Z
,simulated,0,2026-02-27T04:50:00.878397334Z
,simulated,0,2026-02-27T04:51:00.896334879Z
,simulated,0,2026-02-27T04:52:00.909835415Z
,simulated,0,2026-02-27T04:53:00.911692782Z
,simulated,0,2026-02-27T04:54:00.924746976Z
,simulated,0,2026-02-27T04:55:00.939615501Z
,simulated,0,2026-02-27T04:56:00.947654412Z
,simulated,0,2026-02-27T04:57:00.962604977Z
,simulated,0,2026-02-27T04:58:00.97832633Z
,simulated,0,2026-02-27T04:59:00.994767974Z
,simulated,0,2026-02-27T05:00:01.013752492Z
,simulated,0,2026-02-27T05:01:01.025132761Z
,simulated,0,2026-02-27T05:02:01.034667912Z
,simulated,0,2026-02-27T05:03:01.0476011Z
,simulated,0,2026-02-27T05:04:01.046062356Z
,simulated,0,2026-02-27T05:05:01.052247201Z
,simulated,0,2026-02-27T05:06:01.05916287Z
,simulated,0,2026-02-27T05:07:01.075584607Z
,simulated,0,2026-02-27T05:08:01.084714139Z
,simulated,0,2026-02-27T05:09:01.097467692Z
,simulated,0,2026-02-27T05:10:01.11071181Z
,simulated,0,2026-02-27T05:11:01.125914632Z
,simulated,0,2026-02-27T05:12:01.131290645Z
,simulated,0,2026-02-27T05:13:01.132151265Z
,simulated,0,2026-02-27T05:14:01.133954679Z
,simulated,0,2026-02-27T05:15:01.140175182Z
,simulated,0,2026-02-27T05:16:01.155346799Z
,simulated,0,2026-02-27T05:17:01.169070606Z
,simulated,0,2026-02-27T05:18:01.176245562Z
,simulated,0,2026-02-27T05:19:01.188284662Z
,simulated,0,2026-02-27T05:20:01.195287065Z
,simulated,0,2026-02-27T05:21:01.207276231Z
,simulated,0,2026-02-27T05:22:01.213787649Z
,simulated,0,2026-02-27T05:23:01.229211107Z
,simulated,0,2026-02-27T05:24:01.24524481Z
,simulated,0,2026-02-27T05:25:01.260144727Z
,simulated,0,2026-02-27T05:26:01.269983122Z
,simulated,0,2026-02-27T05:27:01.280322185Z
,simulated,0,2026-02-27T05:28:01.296134503Z
,simulated,0,2026-02-27T05:29:01.30970957Z
,simulated,0,2026-02-27T05:30:01.324146871Z
,simulated,0,2026-02-27T05:31:01.337554365Z
,simulated,0,2026-02-27T05:32:01.350894941Z
,simulated,0,2026-02-27T05:33:01.354581129Z
,simulated,0,2026-02-27T05:34:01.363112745Z
,simulated,0,2026-02-27T05:35:01.37514259Z
,simulated,0,2026-02-27T05:36:01.388151828Z
,simulated,0,2026-02-27T05:37:01.397953836Z
,simulated,0,2026-02-27T05:38:01.411845672Z
,simulated,0,2026-02-27T05:39:01.426264908Z
,simulated,0,2026-02-27T05:40:01.439700589Z
,simulated,0,2026-02-27T05:41:01.451487816Z
,simulated,0,2026-02-27T05:42:01.466164957Z
,simulated,0,2026-02-27T05:43:01.474885662Z
,simulated,0,2026-02-27T05:44:01.487364574Z
,simulated,0,2026-02-27T05:45:01.50080204Z
,simulated,0,2026-02-27T05:46:01.508495537Z
,simulated,0,2026-02-27T05:47:01.519691165Z
,simulated,0,2026-02-27T05:48:01.531677411Z
,simulated,0,2026-02-27T05:49:01.535753166Z
,simulated,0,2026-02-27T05:50:01.549013575Z
,simulated,0,2026-02-27T05:51:01.558398975Z
,simulated,0,2026-02-27T05:52:01.571262609Z
,simulated,0,2026-02-27T05:53:01.584163908Z
,simulated,0,2026-02-27T05:54:01.592414411Z
,simulated,0,2026-02-27T05:55:01.594376534Z
,simulated,0,2026-02-27T05:56:01.601901125Z
,simulated,0,2026-02-27T05:57:01.6107275Z
,simulated,0,2026-02-27T05:58:01.622996563Z
,simulated,0,2026-02-27T05:59:01.635343311Z
,simulated,0,2026-02-27T06:00:01.644122449Z
,simulated,0,2026-02-27T06:01:01.656263076Z
,simulated,0,2026-02-27T06:02:01.666917558Z
,simulated,0,2026-02-27T06:03:01.676897883Z
,simulated,0,2026-02-27T06:04:01.688045028Z
,simulated,0,2026-02-27T06:05:01.696847335Z
,simulated,0,2026-02-27T06:06:01.708287848Z
,simulated,0,2026-02-27T06:07:01.719619437Z
,simulated,0,2026-02-27T06:08:01.729981404Z
,simulated,0,2026-02-27T06:09:01.734920587Z
,simulated,0,2026-02-27T06:10:01.745800463Z
,simulated,0,2026-02-27T06:11:01.758164774Z
,simulated,0,2026-02-27T06:12:01.767323838Z
,simulated,0,2026-02-27T06:13:01.777911591Z
,simulated,0,2026-02-27T06:14:01.787750984Z
,simulated,0,2026-02-27T06:15:01.795735005Z
,simulated,0,2026-02-27T06:16:01.80500586Z
,simulated,0,2026-02-27T06:17:01.81175227Z
,simulated,0,2026-02-27T06:18:01.81785448Z
,simulated,0,2026-02-27T06:19:01.824298427Z
,simulated,0,2026-02-27T06:20:01.8359216Z
,simulated,0,2026-02-27T06:21:01.845921641Z
,simulated,0,2026-02-27T06:22:01.853151321Z
,simulated,0,2026-02-27T06:23:01.859421847Z
,simulated,0,2026-02-27T06:24:01.869676082Z
,simulated,0,2026-02-27T06:25:01.86953875Z
,simulated,0,2026-02-27T06:26:01.884772577Z
,simulated,0,2026-02-27T06:27:01.888907014Z
,simulated,0,2026-02-27T06:28:01.895331969Z
,simulated,0,2026-02-27T06:29:01.896079916Z
,simulated,0,2026-02-27T06:30:01.900493661Z
,simulated,0,2026-02-27T06:31:01.918927374Z
,simulated,0,2026-02-27T06:32:01.917670605Z
,simulated,0,2026-02-27T06:33:01.916516651Z
,simulated,0,2026-02-27T06:34:01.927793141Z
,simulated,0,2026-02-27T06:35:01.935226522Z
,simulated,0,2026-02-27T06:36:01.94597309Z
,simulated,0,2026-02-27T06:37:01.949561705Z
,simulated,0,2026-02-27T06:38:01.960025366Z
,simulated,0,2026-02-27T06:39:16.294015134Z
,simulated,0,2026-02-27T06:40:16.319912098Z
,simulated,0,2026-02-27T06:41:16.34836108Z
,simulated,0,2026-02-27T06:42:16.355932088Z
,simulated,0,2026-02-27T06:43:16.384919964Z
,simulated,0,2026-02-27T06:44:16.412053125Z
,simulated,0,2026-02-27T06:45:16.424907383Z
,simulated,0,2026-02-27T06:46:16.453461097Z
,simulated,0,2026-02-27T06:47:16.479732174Z
,simulated,0,2026-02-27T06:48:16.508076021Z
,simulated,0,2026-02-27T06:49:16.53648862Z
,simulated,0,2026-02-27T06:50:16.564988725Z
,simulated,0,2026-02-27T06:51:16.591864854Z
,simulated,0,2026-02-27T06:52:16.620478615Z
,simulated,0,2026-02-27T06:53:16.657665249Z
,simulated,0,2026-02-27T06:54:16.675832144Z
,simulated,0,2026-02-27T06:55:16.704348713Z
,simulated,0,2026-02-27T06:56:16.734209576Z
,simulated,0,2026-02-27T06:57:16.761510183Z
,simulated,0,2026-02-27T06:58:16.788883689Z
,simulated,0,2026-02-27T06:59:16.801040122Z
,simulated,0,2026-02-27T07:00:16.830068216Z
,simulated,0,2026-02-27T07:01:16.855770258Z
,simulated,0,2026-02-27T07:02:16.882384502Z
,simulated,0,2026-02-27T07:03:16.916972671Z
,simulated,0,2026-02-27T07:04:16.937627372Z
,simulated,0,2026-02-27T07:05:16.975931423Z
,simulated,0,2026-02-27T07:06:16.993483481Z
,simulated,0,2026-02-27T07:07:17.021242138Z
,simulated,0,2026-02-27T07:08:17.047561535Z
,simulated,0,2026-02-27T07:09:17.05479703Z
,simulated,0,2026-02-27T07:10:17.081413499Z
,simulated,0,2026-02-27T07:11:17.108195062Z
,simulated,0,2026-02-27T07:12:17.13340271Z
,simulated,0,2026-02-27T07:13:17.182894305Z
,simulated,0,2026-02-27T07:14:17.193072475Z
,simulated,0,2026-02-27T07:15:17.211807136Z
,simulated,0,2026-02-27T07:16:17.242607555Z
,simulated,0,2026-02-27T07:17:17.266044279Z
,simulated,0,2026-02-27T07:18:17.291984326Z
,simulated,0,2026-02-27T07:19:17.317535945Z
,simulated,0,2026-02-27T07:20:17.343295468Z
,simulated,0,2026-02-27T07:21:17.370323515Z
,simulated,0,2026-02-27T07:22:17.391265348Z
,simulated,0,2026-02-27T07:23:17.415786729Z
,simulated,0,2026-02-27T07:24:17.438771257Z
,simulated,0,2026-02-27T07:25:17.462489797Z
,simulated,0,2026-02-27T07:26:17.481365885Z
,simulated,0,2026-02-27T07:27:17.505866504Z
,simulated,0,2026-02-27T07:28:17.538042995Z
,simulated,0,2026-02-27T07:29:17.557363647Z
,simulated,0,2026-02-27T07:30:17.583516637Z
,simulated,0,2026-02-27T07:31:17.61098559Z
,simulated,0,2026-02-27T07:32:17.631078535Z
,simulated,0,2026-02-27T07:33:17.663331955Z
,simulated,0,2026-02-27T07:34:17.679182373Z
,simulated,0,2026-02-27T07:35:17.713424593Z
,simulated,0,2026-02-27T07:36:17.726550617Z
,simulated,0,2026-02-27T07:37:17.7512165Z
,simulated,0,2026-02-27T07:38:17.774168908Z
,simulated,0,2026-02-27T07:39:17.799208291Z
,simulated,0,2026-02-27T07:40:17.822623563Z
,simulated,0,2026-02-27T07:41:17.8443051Z
,simulated,0,2026-02-27T07:42:17.866765267Z
,simulated,0,2026-02-27T07:43:17.888001203Z
,simulated,0,2026-02-27T07:44:17.911548063Z
,simulated,0,2026-02-27T07:45:17.935292455Z
,simulated,0,2026-02-27T07:46:17.946145887Z
,simulated,0,2026-02-27T07:47:17.969479599Z
,simulated,0,2026-02-27T07:48:17.979275038Z
,simulated,0,2026-02-27T07:49:18.00377494Z
,simulated,0,2026-02-27T07:50:18.022271162Z
,simulated,0,2026-02-27T07:51:18.046657025Z
,simulated,0,2026-02-27T07:52:18.067579523Z
,simulated,0,2026-02-27T07:53:18.092043579Z
,simulated,0,2026-02-27T07:54:18.114655916Z
,simulated,0,2026-02-27T07:55:18.142726012Z
,simulated,0,2026-02-27T07:56:18.166408829Z
,simulated,0,2026-02-27T07:57:18.187148552Z
,simulated,0,2026-02-27T07:58:18.212997657Z
,simulated,0,2026-02-27T07:59:18.236862181Z
,simulated,1,2026-02-27T08:00:18.247510987Z
,simulated,1,2026-02-27T08:01:18.267414641Z
,simulated,1,2026-02-27T08:02:18.290403677Z
,simulated,2,2026-02-27T08:03:18.313266609Z
,simulated,2,2026-02-27T08:04:18.336229572Z
,simulated,2,2026-02-27T08:05:18.359406022Z
,simulated,2,2026-02-27T08:06:18.382887909Z
,simulated,1,2026-02-27T08:07:18.395514219Z
,simulated,2,2026-02-27T08:08:18.415503422Z
,simulated,2,2026-02-27T08:09:18.438755653Z
,simulated,1,2026-02-27T08:10:18.465406652Z
,simulated,2,2026-02-27T08:11:18.487845538Z
,simulated,2,2026-02-27T08:12:18.506753193Z
,simulated,1,2026-02-27T08:13:18.519211108Z
,simulated,2,2026-02-27T08:14:18.539509023Z
,simulated,2,2026-02-27T08:15:18.562586606Z
,simulated,1,2026-02-27T08:16:18.581802189Z
,simulated,1,2026-02-27T08:17:18.603956563Z
,simulated,1,2026-02-27T08:18:18.623201527Z
,simulated,2,2026-02-27T08:19:18.643212046Z
,simulated,1,2026-02-27T08:20:18.665319665Z
,simulated,1,2026-02-27T08:21:18.684622124Z
,simulated,1,2026-02-27T08:22:18.702076318Z
,simulated,2,2026-02-27T08:23:18.724432086Z
,simulated,1,2026-02-27T08:24:18.744694799Z
,simulated,1,2026-02-27T08:25:18.762945013Z
,simulated,1,2026-02-27T08:26:18.775329837Z
,simulated,2,2026-02-27T08:27:18.795407902Z
,simulated,1,2026-02-27T08:28:18.822780608Z
,simulated,1,2026-02-27T08:29:18.83912721Z
,simulated,2,2026-02-27T08:30:18.863607007Z
,simulated,2,2026-02-27T08:31:18.882431894Z
,simulated,1,2026-02-27T08:32:18.90272192Z
,simulated,1,2026-02-27T08:33:18.923285019Z
,simulated,1,2026-02-27T08:34:18.936946605Z
,simulated,2,2026-02-27T08:35:18.95551734Z
,simulated,2,2026-02-27T08:36:18.975887797Z
,simulated,2,2026-02-27T08:37:18.997242132Z
,simulated,1,2026-02-27T08:38:19.018792039Z
,simulated,1,2026-02-27T08:39:19.021435835Z
,simulated,2,2026-02-27T08:40:19.038518563Z
,simulated,2,2026-02-27T08:41:19.058853906Z
,simulated,1,2026-02-27T08:42:19.079470183Z
,simulated,1,2026-02-27T08:43:19.101216513Z
,simulated,2,2026-02-27T08:44:19.114598874Z
,simulated,2,2026-02-27T08:45:19.138276516Z
,simulated,2,2026-02-27T08:46:19.163896731Z
,simulated,2,2026-02-27T08:47:19.178873604Z
,simulated,2,2026-02-27T08:48:19.198010185Z
,simulated,1,2026-02-27T08:49:19.210296145Z
,simulated,1,2026-02-27T08:50:19.239898706Z
,simulated,1,2026-02-27T08:51:19.249769663Z
,simulated,1,2026-02-27T08:52:19.266633098Z
,simulated,1,2026-02-27T08:53:19.288450445Z
,simulated,2,2026-02-27T08:54:19.29445658Z
,simulated,1,2026-02-27T08:55:19.314663814Z
,simulated,1,2026-02-27T08:56:19.336655879Z
,simulated,1,2026-02-27T08:57:19.354784559Z
,simulated,2,2026-02-27T08:58:19.373597502Z
,simulated,2,2026-02-27T08:59:19.394704126Z
,simulated,4,2026-02-27T09:00:19.415616916Z
,simulated,4,2026-02-27T09:01:19.423196735Z
,simulated,2,2026-02-27T09:02:19.444056606Z
,simulated,2,2026-02-27T09:03:19.464120665Z
,simulated,2,2026-02-27T09:04:19.481737701Z
,simulated,2,2026-02-27T09:05:19.495778821Z
,simulated,2,2026-02-27T09:06:19.515903233Z
,simulated,3,2026-02-27T09:07:19.533673769Z
,simulated,4,2026-02-27T09:08:19.550817142Z
,simulated,4,2026-02-27T09:09:19.571314034Z
,simulated,4,2026-02-27T09:10:19.589120499Z
,simulated,4,2026-02-27T09:11:19.607903722Z
,simulated,3,2026-02-27T09:12:19.622623226Z
,simulated,3,2026-02-27T09:13:19.639521259Z
,simulated,3,2026-02-27T09:14:19.656669342Z
,simulated,2,2026-02-27T09:15:19.670566657Z
,simulated,2,2026-02-27T09:16:19.687496473Z
,simulated,4,2026-02-27T09:17:19.698566484Z
,simulated,2,2026-02-27T09:18:19.715557423Z
,simulated,2,2026-02-27T09:19:19.735576544Z
,simulated,3,2026-02-27T09:20:19.749554921Z
,simulated,4,2026-02-27T09:21:19.769329148Z
,simulated,4,2026-02-27T09:22:19.787047924Z
,simulated,2,2026-02-27T09:23:19.808853537Z
,simulated,4,2026-02-27T09:24:19.814844143Z
,simulated,3,2026-02-27T09:25:19.832870288Z
,simulated,3,2026-02-27T09:26:19.847484496Z
,simulated,3,2026-02-27T09:27:19.863627868Z
,simulated,2,2026-02-27T09:28:19.882211646Z
,simulated,3,2026-02-27T09:29:19.895102612Z
,simulated,3,2026-02-27T09:30:19.910536314Z
,simulated,4,2026-02-27T09:31:19.922101947Z
,simulated,2,2026-02-27T09:32:19.939219673Z
,simulated,2,2026-02-27T09:33:19.950762345Z
,simulated,3,2026-02-27T09:34:19.967251632Z
,simulated,4,2026-02-27T09:35:19.978363117Z
,simulated,4,2026-02-27T09:36:19.991841202Z
,simulated,4,2026-02-27T09:37:20.008541634Z
,simulated,2,2026-02-27T09:38:20.017229631Z
,simulated,2,2026-02-27T09:39:20.032005686Z
,simulated,2,2026-02-27T09:40:20.045890227Z
,simulated,3,2026-02-27T09:41:20.064912846Z
,simulated,2,2026-02-27T09:42:20.079277054Z
,simulated,4,2026-02-27T09:43:20.094373772Z
,simulated,4,2026-02-27T09:44:20.107377324Z
,simulated,3,2026-02-27T09:45:20.122400285Z
,simulated,4,2026-02-27T09:46:20.144592965Z
,simulated,2,2026-02-27T09:47:20.156020171Z
,simulated,4,2026-02-27T09:48:20.166787427Z
,simulated,2,2026-02-27T09:49:20.181018366Z
,simulated,4,2026-02-27T09:50:20.1941612Z
,simulated,3,2026-02-27T09:51:20.214470809Z
,simulated,2,2026-02-27T09:52:20.227437776Z
,simulated,2,2026-02-27T09:53:20.250091249Z
,simulated,3,2026-02-27T09:54:20.257545979Z
,simulated,4,2026-02-27T09:55:20.27102962Z
,simulated,4,2026-02-27T09:56:20.283883076Z
,simulated,4,2026-02-27T09:57:20.291818138Z
,simulated,4,2026-02-27T09:58:20.298736601Z
,simulated,2,2026-02-27T09:59:20.308220952Z
,simulated,3,2026-02-27T10:00:20.323686716Z
,simulated,7,2026-02-27T10:01:20.337433598Z
,simulated,3,2026-02-27T10:02:20.342086216Z
,simulated,9,2026-02-27T10:03:20.35097123Z
,simulated,6,2026-02-27T10:04:20.363423258Z
,simulated,8,2026-02-27T10:05:20.372940119Z
,simulated,7,2026-02-27T10:06:20.385144723Z
,simulated,5,2026-02-27T10:07:20.39534849Z
,simulated,3,2026-02-27T10:08:20.41092452Z
,simulated,7,2026-02-27T10:09:20.434158409Z
,simulated,6,2026-02-27T10:10:20.434167095Z
,simulated,3,2026-02-27T10:11:20.447390114Z
,simulated,8,2026-02-27T10:12:20.459632165Z
,simulated,6,2026-02-27T10:13:20.471876816Z
,simulated,3,2026-02-27T10:14:20.48560977Z
,simulated,3,2026-02-27T10:15:20.494991817Z
,simulated,6,2026-02-27T10:16:20.501542742Z
,simulated,6,2026-02-27T10:17:20.510638516Z
,simulated,8,2026-02-27T10:18:20.525886636Z
,simulated,8,2026-02-27T10:19:20.534445133Z
,simulated,5,2026-02-27T10:20:20.546761023Z
,simulated,4,2026-02-27T10:21:20.554615022Z
,simulated,3,2026-02-27T10:22:20.568346054Z
,simulated,5,2026-02-27T10:23:20.585240327Z
,simulated,8,2026-02-27T10:24:20.590347247Z
,simulated,6,2026-02-27T10:25:20.60379977Z
,simulated,9,2026-02-27T10:26:20.603953488Z
,simulated,7,2026-02-27T10:27:20.611529695Z
,simulated,6,2026-02-27T10:28:20.621619209Z
,simulated,5,2026-02-27T10:29:20.630754014Z
,simulated,6,2026-02-27T10:30:20.650789315Z
,simulated,9,2026-02-27T10:31:20.656378688Z
,simulated,3,2026-02-27T10:32:20.665991411Z
,simulated,6,2026-02-27T10:33:20.679445701Z
,simulated,5,2026-02-27T10:34:20.687168587Z
,simulated,5,2026-02-27T10:35:20.697774124Z
,simulated,8,2026-02-27T10:36:20.710550222Z
,simulated,5,2026-02-27T10:37:20.719628132Z
,simulated,6,2026-02-27T10:38:20.730822994Z
,simulated,6,2026-02-27T10:39:20.743637111Z
,simulated,5,2026-02-27T10:40:20.755207466Z
,simulated,6,2026-02-27T10:41:20.765222193Z
,simulated,3,2026-02-27T10:42:20.788719839Z
,simulated,4,2026-02-27T10:43:20.784408127Z
,simulated,7,2026-02-27T10:44:20.794887609Z
,simulated,8,2026-02-27T10:45:20.799259555Z
,simulated,6,2026-02-27T10:46:20.80884729Z
,simulated,3,2026-02-27T10:47:20.817433073Z
,simulated,9,2026-02-27T10:48:20.827948816Z
,simulated,3,2026-02-27T10:49:10.322204456Z
,simulated,9,2026-02-27T10:49:20.83669278Z
,simulated,3,2026-02-27T10:49:21.247153413Z
,simulated,7,2026-02-27T10:50:20.839755532Z
,simulated,5,2026-02-27T10:51:20.849361292Z
,simulated,9,2026-02-27T10:52:20.8500127Z
,simulated,8,2026-02-27T10:53:20.861039826Z
,simulated,8,2026-02-27T10:54:20.866638701Z
,simulated,4,2026-02-27T10:55:20.868841455Z
,simulated,9,2026-02-27T10:56:20.875392758Z
,simulated,8,2026-02-27T10:57:20.884045313Z
,simulated,7,2026-02-27T10:58:20.894239389Z
,simulated,3,2026-02-27T10:59:20.904174861Z
,simulated,9,2026-02-27T11:00:20.912978521Z
,simulated,16,2026-02-27T11:01:20.917875672Z
,simulated,15,2026-02-27T11:02:20.926581733Z
,simulated,10,2026-02-27T11:03:20.932583516Z
,simulated,19,2026-02-27T11:04:20.940646272Z
,simulated,20,2026-02-27T11:05:20.946666876Z
,simulated,9,2026-02-27T11:06:20.957634826Z
,simulated,8,2026-02-27T11:07:20.962766346Z
,simulated,12,2026-02-27T11:08:20.974257159Z
,simulated,18,2026-02-27T11:09:20.978127264Z
,simulated,13,2026-02-27T11:10:20.986442478Z
,simulated,16,2026-02-27T11:11:20.994428762Z
,simulated,8,2026-02-27T11:12:21.002703261Z
,simulated,8,2026-02-27T11:13:21.011955648Z
,simulated,15,2026-02-27T11:14:21.01849084Z
,simulated,17,2026-02-27T11:15:21.027928366Z
,simulated,17,2026-02-27T11:16:21.031892236Z
,simulated,17,2026-02-27T11:17:21.038544296Z
,simulated,20,2026-02-27T11:18:21.047004045Z
,simulated,14,2026-02-27T11:19:21.047344833Z
,simulated,15,2026-02-27T11:20:21.060942428Z
,simulated,16,2026-02-27T11:21:21.061229025Z
,simulated,16,2026-02-27T11:22:21.065521546Z
,simulated,9,2026-02-27T11:23:21.071601279Z
,simulated,19,2026-02-27T11:24:21.080333569Z
,simulated,20,2026-02-27T11:25:21.083244887Z
,simulated,19,2026-02-27T11:26:21.087185113Z
,simulated,7,2026-02-27T11:27:21.091004946Z
,simulated,19,2026-02-27T11:28:21.098631612Z
,simulated,14,2026-02-27T11:29:21.103294602Z
,simulated,17,2026-02-27T11:30:21.108671982Z
,simulated,20,2026-02-27T11:31:21.111471329Z
,simulated,10,2026-02-27T11:32:21.116945097Z
,simulated,7,2026-02-27T11:33:21.11911684Z
,simulated,19,2026-02-27T11:34:21.122986662Z
,simulated,13,2026-02-27T11:35:21.126972444Z
,simulated,13,2026-02-27T11:36:21.133704147Z
,simulated,11,2026-02-27T11:37:21.140010902Z
,simulated,7,2026-02-27T11:38:21.148298085Z
,simulated,8,2026-02-27T11:39:21.151783057Z
,simulated,18,2026-02-27T11:40:21.147594731Z
,simulated,8,2026-02-27T11:41:21.158907941Z
,simulated,8,2026-02-27T11:42:21.15462081Z
,simulated,11,2026-02-27T11:43:21.16321364Z
,simulated,16,2026-02-27T11:44:21.165747854Z
,simulated,8,2026-02-27T11:45:21.168021608Z
,simulated,15,2026-02-27T11:46:21.173680469Z
,simulated,15,2026-02-27T11:47:21.17461293Z
,simulated,13,2026-02-27T11:48:21.181207773Z
,simulated,19,2026-02-27T11:49:21.182579866Z
,simulated,9,2026-02-27T11:50:21.18419978Z
,simulated,16,2026-02-27T11:51:21.189379854Z
,simulated,9,2026-02-27T11:52:21.19045972Z
,simulated,19,2026-02-27T11:53:21.196781343Z
,simulated,14,2026-02-27T11:54:21.200172742Z
,simulated,11,2026-02-27T11:55:21.203165319Z
,simulated,11,2026-02-27T11:56:21.213061523Z
,simulated,12,2026-02-27T11:57:21.209580948Z
,simulated,18,2026-02-27T11:58:21.212181946Z
,simulated,11,2026-02-27T11:59:21.214621589Z
,simulated,20,2026-02-27T12:00:21.214854501Z
,simulated,28,2026-02-27T12:01:21.218997648Z
,simulated,18,2026-02-27T12:02:21.219969968Z
,simulated,32,2026-02-27T12:03:21.221604761Z
,simulated,30,2026-02-27T12:04:21.221342897Z
,simulated,22,2026-02-27T12:05:21.223721125Z
,simulated,15,2026-02-27T12:06:21.22663218Z
,simulated,23,2026-02-27T12:07:21.227858495Z
,simulated,28,2026-02-27T12:08:21.231838587Z
,simulated,30,2026-02-27T12:09:21.231690175Z
,simulated,18,2026-02-27T12:10:21.233663417Z
,simulated,26,2026-02-27T12:11:21.235662466Z
,simulated,25,2026-02-27T12:12:21.238806634Z
,simulated,26,2026-02-27T12:13:21.241949412Z
,simulated,18,2026-02-27T12:14:21.242430007Z
,simulated,23,2026-02-27T12:15:21.240233572Z
,simulated,26,2026-02-27T12:16:21.24623829Z
,simulated,23,2026-02-27T12:17:21.244638925Z
,simulated,30,2026-02-27T12:18:21.248154845Z
,simulated,20,2026-02-27T12:19:21.24761162Z
,simulated,30,2026-02-27T12:20:21.246317664Z
,simulated,21,2026-02-27T12:21:21.245742531Z
,simulated,18,2026-02-27T12:22:21.249254688Z
,simulated,15,2026-02-27T12:23:21.249819918Z
,simulated,21,2026-02-27T12:24:21.249342085Z
,simulated,28,2026-02-27T12:25:21.249700525Z
,simulated,21,2026-02-27T12:26:21.25074928Z
,simulated,27,2026-02-27T12:27:21.255155929Z
,simulated,16,2026-02-27T12:28:21.249722296Z
,simulated,32,2026-02-27T12:29:21.277489711Z
,simulated,23,2026-02-27T12:30:21.303556151Z
,simulated,32,2026-02-27T12:31:21.331520111Z
,simulated,23,2026-02-27T12:32:21.360809524Z
,simulated,21,2026-02-27T12:33:21.390855505Z
,simulated,4,2026-02-27T12:33:56.518928862Z
,simulated,24,2026-02-27T12:34:21.419565004Z
,simulated,28,2026-02-27T12:35:21.44615678Z
,simulated,22,2026-02-27T12:36:21.463582683Z
,simulated,15,2026-02-27T12:37:21.48449389Z
,simulated,32,2026-02-27T12:38:21.51633687Z
,simulated,25,2026-02-27T12:39:21.542190315Z
,simulated,26,2026-02-27T12:40:21.570766163Z
,simulated,23,2026-02-27T12:41:21.59684416Z
,simulated,24,2026-02-27T12:42:21.598343824Z
,simulated,5,2026-02-27T12:43:08.437404293Z
,simulated,17,2026-02-27T12:43:21.638667583Z
,simulated,25,2026-02-27T12:44:21.655961187Z
,simulated,26,2026-02-27T12:45:21.684036065Z
,simulated,24,2026-02-27T12:46:21.711280463Z
,simulated,6,2026-02-27T12:47:04.671151196Z
,simulated,6,2026-02-27T12:47:16.378552054Z
,simulated,23,2026-02-27T12:47:21.743983285Z
,simulated,17,2026-02-27T12:48:21.767785023Z
,simulated,20,2026-02-27T12:49:21.795060473Z
,simulated,22,2026-02-27T12:50:21.822264074Z
,simulated,25,2026-02-27T12:51:21.852082128Z
,simulated,7,2026-02-27T12:52:14.711167368Z
,simulated,15,2026-02-27T12:52:21.879741499Z
,simulated,19,2026-02-27T12:53:21.906896519Z
,simulated,29,2026-02-27T12:54:21.938810198Z
,simulated,32,2026-02-27T12:55:21.966271491Z
,simulated,19,2026-02-27T12:56:21.986525124Z
,simulated,21,2026-02-27T12:57:22.010193643Z
,simulated,21,2026-02-27T12:58:22.041488867Z
,simulated,20,2026-02-27T12:59:22.060487238Z
,simulated,24,2026-02-27T13:00:22.094564118Z
,simulated,14,2026-02-27T13:01:22.104264199Z
,simulated,15,2026-02-27T13:02:22.131966549Z
,simulated,21,2026-02-27T13:03:22.160485249Z
,simulated,23,2026-02-27T13:04:22.18786887Z
,simulated,15,2026-02-27T13:05:22.204487086Z
,simulated,20,2026-02-27T13:06:22.227943744Z
,simulated,26,2026-02-27T13:07:22.255651973Z
,simulated,14,2026-02-27T13:08:22.279573366Z
,simulated,18,2026-02-27T13:09:22.309383242Z
,simulated,17,2026-02-27T13:10:22.325027779Z
,simulated,24,2026-02-27T13:11:22.351859775Z
,simulated,14,2026-02-27T13:12:22.372362989Z
,simulated,14,2026-02-27T13:13:22.402375202Z
,simulated,12,2026-02-27T13:14:22.425025299Z
,simulated,23,2026-02-27T13:15:22.455594802Z
,simulated,26,2026-02-27T13:16:22.466812306Z
,simulated,12,2026-02-27T13:17:22.493719449Z
,simulated,17,2026-02-27T13:18:22.514140089Z
,simulated,21,2026-02-27T13:19:22.550939749Z
,simulated,17,2026-02-27T13:20:22.552112247Z
,simulated,25,2026-02-27T13:21:22.580183095Z
,simulated,24,2026-02-27T13:22:22.603858765Z
,simulated,23,2026-02-27T13:23:22.632123175Z
,simulated,11,2026-02-27T13:24:22.658357787Z
,simulated,13,2026-02-27T13:25:22.675059378Z
,simulated,24,2026-02-27T13:26:22.698531624Z
,simulated,17,2026-02-27T13:27:22.723084853Z
,simulated,26,2026-02-27T13:28:22.748117885Z
,simulated,22,2026-02-27T13:29:22.770786431Z
,simulated,25,2026-02-27T13:30:22.793829503Z
,simulated,27,2026-02-27T13:31:22.820938399Z
,simulated,15,2026-02-27T13:32:22.843295651Z
,simulated,21,2026-02-27T13:33:22.868683651Z
,simulated,23,2026-02-27T13:34:22.890916154Z
,simulated,22,2026-02-27T13:35:22.915775687Z
,simulated,15,2026-02-27T13:36:22.938679041Z
,simulated,19,2026-02-27T13:37:22.963066092Z
,simulated,22,2026-02-27T13:38:22.983823595Z
,simulated,12,2026-02-27T13:39:23.0077697Z
,simulated,15,2026-02-27T13:40:23.031252067Z
,simulated,22,2026-02-27T13:41:23.051484845Z
,simulated,27,2026-02-27T13:42:23.0712071Z
,simulated,18,2026-02-27T13:43:23.090251102Z
,simulated,22,2026-02-27T13:44:23.112787946Z
,simulated,26,2026-02-27T13:45:23.135116437Z
,simulated,13,2026-02-27T13:46:23.157614192Z
,simulated,17,2026-02-27T13:47:23.158794567Z
,simulated,21,2026-02-27T13:48:23.179191161Z
,simulated,19,2026-02-27T13:49:23.19870973Z
,simulated,25,2026-02-27T13:50:23.225243887Z
,simulated,19,2026-02-27T13:51:23.246649454Z
,simulated,22,2026-02-27T13:52:23.259671348Z
,simulated,21,2026-02-27T13:53:23.279588512Z
,simulated,18,2026-02-27T13:54:23.294538108Z
,simulated,18,2026-02-27T13:55:23.318771576Z
,simulated,20,2026-02-27T13:56:23.335699026Z
,simulated,15,2026-02-27T13:57:23.358801286Z
,simulated,13,2026-02-27T13:58:23.377491098Z
,simulated,24,2026-02-27T13:59:23.393795064Z
,simulated,26,2026-02-27T14:00:23.415977599Z
,simulated,36,2026-02-27T14:01:23.431153192Z
,simulated,30,2026-02-27T14:02:23.450292579Z
,simulated,27,2026-02-27T14:03:23.473733827Z
,simulated,19,2026-02-27T14:04:23.490188654Z
,simulated,24,2026-02-27T14:05:23.511475351Z
,simulated,25,2026-02-27T14:06:23.53036858Z
,simulated,35,2026-02-27T14:07:23.551326864Z
,simulated,26,2026-02-27T14:08:23.577361898Z
,simulated,32,2026-02-27T14:09:23.594882577Z
,simulated,36,2026-02-27T14:10:23.617729332Z
,simulated,31,2026-02-27T14:11:23.638558307Z
,simulated,28,2026-02-27T14:12:23.657608309Z
,simulated,28,2026-02-27T14:13:23.678155848Z
,simulated,21,2026-02-27T14:14:23.686516489Z
,simulated,21,2026-02-27T14:15:23.704834675Z
,simulated,18,2026-02-27T14:16:23.71474056Z
,simulated,34,2026-02-27T14:17:23.733761967Z
,simulated,29,2026-02-27T14:18:23.750084255Z
,simulated,25,2026-02-27T14:19:23.766009088Z
,simulated,28,2026-02-27T14:20:23.78079831Z
,simulated,37,2026-02-27T14:21:23.797638474Z
,simulated,26,2026-02-27T14:22:23.814067563Z
,simulated,25,2026-02-27T14:23:23.832221466Z
,simulated,35,2026-02-27T14:24:23.850486353Z
,simulated,28,2026-02-27T14:25:23.866681409Z
,simulated,22,2026-02-27T14:26:23.881458551Z
,simulated,23,2026-02-27T14:27:23.898658577Z
,simulated,32,2026-02-27T14:28:23.919800398Z
,simulated,36,2026-02-27T14:29:23.933266708Z
,simulated,19,2026-02-27T14:30:23.95435584Z
,simulated,18,2026-02-27T14:31:23.963905336Z
,simulated,24,2026-02-27T14:32:23.979829165Z
,simulated,26,2026-02-27T14:33:23.993876457Z
,simulated,30,2026-02-27T14:34:24.010890014Z
,simulated,23,2026-02-27T14:35:24.020646709Z
,simulated,29,2026-02-27T14:36:24.03374134Z
,simulated,33,2026-02-27T14:37:24.050627196Z
,simulated,31,2026-02-27T14:38:24.067956055Z
,simulated,36,2026-02-27T14:39:24.084629837Z
,simulated,24,2026-02-27T14:40:24.102320856Z
,simulated,31,2026-02-27T14:41:24.114711215Z
,simulated,37,2026-02-27T14:42:24.131628137Z
,simulated,18,2026-02-27T14:43:24.145956756Z
,simulated,26,2026-02-27T14:44:24.159253867Z
,simulated,37,2026-02-27T14:45:24.180184591Z
,simulated,37,2026-02-27T14:46:24.182160023Z
,simulated,32,2026-02-27T14:47:24.196392569Z
,simulated,18,2026-02-27T14:48:24.215986389Z
,simulated,36,2026-02-27T14:49:24.227105406Z
,simulated,31,2026-02-27T14:50:24.240364673Z
,simulated,23,2026-02-27T14:51:24.254207612Z
,simulated,37,2026-02-27T14:52:24.267310843Z
,simulated,28,2026-02-27T14:53:24.28372235Z
,simulated,18,2026-02-27T14:54:24.29786327Z
,simulated,36,2026-02-27T14:55:24.311206031Z
,simulated,34,2026-02-27T14:56:24.324154876Z
,simulated,23,2026-02-27T14:57:24.342690271Z
,simulated,35,2026-02-27T14:58:24.349536196Z
,simulated,34,2026-02-27T14:59:24.355154285Z
,simulated,29,2026-02-27T15:00:24.3666606Z
,simulated,32,2026-02-27T15:01:24.382119293Z
,simulated,36,2026-02-27T15:02:24.389518953Z
,simulated,27,2026-02-27T15:03:24.404280694Z
,simulated,21,2026-02-27T15:04:24.416464478Z
,simulated,41,2026-02-27T15:05:24.42666432Z
,simulated,21,2026-02-27T15:06:24.440334494Z
,simulated,31,2026-02-27T15:07:24.452492873Z
,simulated,41,2026-02-27T15:08:24.463233437Z
,simulated,32,2026-02-27T15:09:24.477932547Z
,simulated,29,2026-02-27T15:10:24.488038354Z
,simulated,22,2026-02-27T15:11:24.499510746Z
,simulated,23,2026-02-27T15:12:24.511239411Z
,simulated,23,2026-02-27T15:13:24.52407455Z
,simulated,28,2026-02-27T15:14:24.53529315Z
,simulated,34,2026-02-27T15:15:24.537446828Z
,simulated,33,2026-02-27T15:16:24.547925581Z
,simulated,38,2026-02-27T15:17:24.557171845Z
,simulated,25,2026-02-27T15:18:24.567727488Z
,simulated,25,2026-02-27T15:19:24.578360611Z
,simulated,34,2026-02-27T15:20:24.590907934Z
,simulated,34,2026-02-27T15:21:24.603069068Z
,simulated,35,2026-02-27T15:22:24.616446798Z
,simulated,32,2026-02-27T15:23:24.626841404Z
,simulated,35,2026-02-27T15:24:24.640204161Z
,simulated,24,2026-02-27T15:25:24.647749567Z
,simulated,31,2026-02-27T15:26:24.654759904Z
,simulated,29,2026-02-27T15:27:24.663811263Z
,simulated,37,2026-02-27T15:28:24.666483897Z
,simulated,33,2026-02-27T15:29:24.676711882Z
,simulated,38,2026-02-27T15:30:24.683585019Z
,simulated,38,2026-02-27T15:31:24.690439757Z
,simulated,34,2026-02-27T15:32:24.698562909Z
,simulated,25,2026-02-27T15:33:24.709000705Z
,simulated,28,2026-02-27T15:34:24.714948931Z
,simulated,22,2026-02-27T15:35:24.727567792Z
,simulated,38,2026-02-27T15:36:24.731271209Z
,simulated,32,2026-02-27T15:37:24.740226584Z
,simulated,32,2026-02-27T15:38:24.749629832Z
,simulated,29,2026-02-27T15:39:24.753923136Z
,simulated,27,2026-02-27T15:40:24.765463641Z
,simulated,40,2026-02-27T15:41:24.776355113Z
,simulated,35,2026-02-27T15:42:24.784391728Z
,simulated,39,2026-02-27T15:43:24.797527984Z
,simulated,25,2026-02-27T15:44:24.798826448Z
,simulated,36,2026-02-27T15:45:24.806141865Z
,simulated,41,2026-02-27T15:46:24.817144714Z
,simulated,27,2026-02-27T15:47:24.816337571Z
,simulated,23,2026-02-27T15:48:24.824624648Z
,simulated,24,2026-02-27T15:49:24.830242735Z
,simulated,40,2026-02-27T15:50:24.838852426Z
,simulated,29,2026-02-27T15:51:24.861382175Z
,simulated,22,2026-02-27T15:52:24.865280671Z
,simulated,25,2026-02-27T15:53:24.863427895Z
,simulated,33,2026-02-27T15:54:24.874967546Z
,simulated,23,2026-02-27T15:55:24.879120353Z
,simulated,36,2026-02-27T15:56:24.886926684Z
,simulated,35,2026-02-27T15:57:24.893307937Z
,simulated,34,2026-02-27T15:58:24.894742211Z
,simulated,30,2026-02-27T15:59:24.903839702Z
,simulated,24,2026-02-27T16:00:24.906631865Z
,simulated,25,2026-02-27T16:01:24.914671019Z
,simulated,15,2026-02-27T16:02:24.916973249Z
,simulated,16,2026-02-27T16:03:24.922043176Z
,simulated,28,2026-02-27T16:04:24.925569126Z
,simulated,29,2026-02-27T16:05:24.931882076Z
,simulated,22,2026-02-27T16:06:24.940938084Z
,simulated,20,2026-02-27T16:07:24.942701991Z
,simulated,16,2026-02-27T16:08:24.947619547Z
,simulated,22,2026-02-27T16:09:24.946759662Z
,simulated,17,2026-02-27T16:10:24.951933157Z
,simulated,25,2026-02-27T16:11:24.957238321Z
,simulated,28,2026-02-27T16:12:24.95982807Z
,simulated,18,2026-02-27T16:13:24.984898063Z
,simulated,24,2026-02-27T16:14:24.969480023Z
,simulated,13,2026-02-27T16:15:24.9756462Z
,simulated,17,2026-02-27T16:16:24.978336215Z
,simulated,23,2026-02-27T16:17:24.979938262Z
,simulated,30,2026-02-27T16:18:24.985798057Z
,simulated,16,2026-02-27T16:19:25.013761221Z
,simulated,18,2026-02-27T16:20:24.990934212Z
,simulated,14,2026-02-27T16:21:24.997057683Z
,simulated,18,2026-02-27T16:22:25.005848695Z
,simulated,14,2026-02-27T16:23:25.002230704Z
,simulated,19,2026-02-27T16:24:25.010352251Z
,simulated,24,2026-02-27T16:25:25.013060676Z
,simulated,26,2026-02-27T16:26:25.017663201Z
,simulated,18,2026-02-27T16:27:25.018170068Z
,simulated,21,2026-02-27T16:28:25.025167425Z
,simulated,13,2026-02-27T16:29:25.02927676Z
,simulated,20,2026-02-27T16:30:25.031977762Z
,simulated,15,2026-02-27T16:31:25.038153191Z
,simulated,24,2026-02-27T16:32:25.039759023Z
,simulated,14,2026-02-27T16:33:25.045686499Z
,simulated,20,2026-02-27T16:34:25.044169367Z
,simulated,30,2026-02-27T16:35:25.043975654Z
,simulated,13,2026-02-27T16:36:25.047452701Z
,simulated,28,2026-02-27T16:37:25.048390919Z
,simulated,21,2026-02-27T16:38:25.055374049Z
,simulated,16,2026-02-27T16:39:25.052707122Z
,simulated,16,2026-02-27T16:40:25.057226636Z
,simulated,29,2026-02-27T16:41:25.058686573Z
,simulated,29,2026-02-27T16:42:25.060288441Z
,simulated,13,2026-02-27T16:43:25.065789975Z
,simulated,14,2026-02-27T16:44:25.062851411Z
,simulated,19,2026-02-27T16:45:25.067471121Z
,simulated,16,2026-02-27T16:46:25.069112691Z
,simulated,24,2026-02-27T16:47:25.067400633Z
,simulated,15,2026-02-27T16:48:25.071368029Z
,simulated,20,2026-02-27T16:49:25.069618455Z
,simulated,27,2026-02-27T16:50:25.07208837Z
,simulated,23,2026-02-27T16:51:25.07078112Z
,simulated,21,2026-02-27T16:52:25.07249354Z
,simulated,16,2026-02-27T16:53:25.07149051Z
,simulated,13,2026-02-27T16:54:25.071578516Z
,simulated,18,2026-02-27T16:55:25.075413423Z
,simulated,21,2026-02-27T16:56:25.100377197Z
,simulated,27,2026-02-27T16:57:25.123392397Z
,simulated,27,2026-02-27T16:58:25.160810667Z
,simulated,29,2026-02-27T16:59:25.179819254Z
,simulated,13,2026-02-27T17:00:25.2046Z
,simulated,13,2026-02-27T17:01:25.232319315Z
,simulated,15,2026-02-27T17:02:25.25392499Z
,simulated,21,2026-02-27T17:03:25.282707371Z
,simulated,13,2026-02-27T17:04:25.307244631Z
,simulated,15,2026-02-27T17:05:25.331674111Z
,simulated,10,2026-02-27T17:06:25.357690515Z
,simulated,9,2026-02-27T17:07:25.381976367Z
,simulated,10,2026-02-27T17:08:25.414255401Z
,simulated,16,2026-02-27T17:09:25.438490515Z
,simulated,13,2026-02-27T17:10:25.467257525Z
,simulated,15,2026-02-27T17:11:25.496961513Z
,simulated,9,2026-02-27T17:12:25.523572863Z
,simulated,21,2026-02-27T17:13:25.548554568Z
,simulated,20,2026-02-27T17:14:25.574585091Z
,simulated,18,2026-02-27T17:15:25.603692707Z
,simulated,10,2026-02-27T17:16:25.631900337Z
,simulated,10,2026-02-27T17:17:25.658408537Z
,simulated,15,2026-02-27T17:18:25.6872195Z
,simulated,17,2026-02-27T17:19:25.699641698Z
,simulated,21,2026-02-27T17:20:25.723733453Z
,simulated,21,2026-02-27T17:21:25.748251786Z
,simulated,20,2026-02-27T17:22:25.77575048Z
,simulated,8,2026-02-27T17:23:25.804845429Z
,simulated,18,2026-02-27T17:24:25.834411363Z
,simulated,16,2026-02-27T17:25:25.858784455Z
,simulated,18,2026-02-27T17:26:25.8843073Z
,simulated,17,2026-02-27T17:27:25.908371529Z
,simulated,13,2026-02-27T17:28:25.936149019Z
,simulated,15,2026-02-27T17:29:25.963643785Z
,simulated,21,2026-02-27T17:30:25.99112418Z
,simulated,15,2026-02-27T17:31:26.023866777Z
,simulated,11,2026-02-27T17:32:26.042979301Z
,simulated,20,2026-02-27T17:33:26.069789959Z
,simulated,15,2026-02-27T17:34:26.101153536Z
,simulated,14,2026-02-27T17:35:26.116289317Z
,simulated,20,2026-02-27T17:36:26.141815113Z
,simulated,18,2026-02-27T17:37:26.138889007Z
,simulated,14,2026-02-27T17:38:26.16817364Z
,simulated,18,2026-02-27T17:39:26.190820819Z
,simulated,14,2026-02-27T17:40:26.218825098Z
,simulated,18,2026-02-27T17:41:26.243919153Z
,simulated,21,2026-02-27T17:42:26.277931025Z
,simulated,9,2026-02-27T17:43:26.293300891Z
,simulated,12,2026-02-27T17:44:26.316455872Z
,simulated,21,2026-02-27T17:45:26.339542746Z
,simulated,21,2026-02-27T17:46:26.365174549Z
,simulated,13,2026-02-27T17:47:26.38922576Z
,simulated,10,2026-02-27T17:48:26.415125044Z
,simulated,16,2026-02-27T17:49:26.439651276Z
,simulated,15,2026-02-27T17:50:26.462762417Z
,simulated,19,2026-02-27T17:51:26.48791126Z
,simulated,21,2026-02-27T17:52:26.51132881Z
,simulated,13,2026-02-27T17:53:26.537089062Z
,simulated,11,2026-02-27T17:54:26.558969803Z
,simulated,21,2026-02-27T17:55:26.583068244Z
,simulated,19,2026-02-27T17:56:26.606629366Z
,simulated,18,2026-02-27T17:57:26.615726766Z
,simulated,16,2026-02-27T17:58:26.638482572Z
,simulated,14,2026-02-27T17:59:26.665934624Z
,simulated,11,2026-02-27T18:00:26.681693779Z
,simulated,12,2026-02-27T18:01:26.703713849Z
,simulated,14,2026-02-27T18:02:26.727038192Z
,simulated,14,2026-02-27T18:03:26.741932201Z
,simulated,10,2026-02-27T18:04:26.759950579Z
,simulated,15,2026-02-27T18:05:26.783645765Z
,simulated,9,2026-02-27T18:06:26.81036095Z
,simulated,11,2026-02-27T18:07:26.831046609Z
,simulated,8,2026-02-27T18:08:26.859142919Z
,simulated,11,2026-02-27T18:09:26.880416013Z
,simulated,13,2026-02-27T18:10:26.905727675Z
,simulated,13,2026-02-27T18:11:26.928077465Z
,simulated,8,2026-02-27T18:12:26.953027961Z
,simulated,8,2026-02-27T18:13:26.974004491Z
,simulated,8,2026-02-27T18:14:26.997654999Z
,simulated,14,2026-02-27T18:15:27.021299919Z
,simulated,11,2026-02-27T18:16:27.045394122Z
,simulated,15,2026-02-27T18:17:27.069538466Z
,simulated,10,2026-02-27T18:18:27.094415171Z
,simulated,14,2026-02-27T18:19:27.10562047Z
,simulated,13,2026-02-27T18:20:27.127192418Z
,simulated,10,2026-02-27T18:21:27.153129667Z
,simulated,13,2026-02-27T18:22:27.179394465Z
,simulated,9,2026-02-27T18:23:27.20045674Z
,simulated,11,2026-02-27T18:24:27.210126614Z
,simulated,14,2026-02-27T18:25:27.233833443Z
,simulated,9,2026-02-27T18:26:27.256469033Z
,simulated,8,2026-02-27T18:27:27.279074266Z
,simulated,13,2026-02-27T18:28:27.301271872Z
,simulated,11,2026-02-27T18:29:27.320909626Z
,simulated,11,2026-02-27T18:30:27.347344859Z
,simulated,15,2026-02-27T18:31:27.348292358Z
,simulated,13,2026-02-27T18:32:27.360240341Z
,simulated,15,2026-02-27T18:33:27.381951476Z
,simulated,10,2026-02-27T18:34:27.405282676Z
,simulated,10,2026-02-27T18:35:27.410620024Z
,simulated,10,2026-02-27T18:36:27.433444918Z
,simulated,10,2026-02-27T18:37:27.452503856Z
,simulated,11,2026-02-27T18:38:27.471434399Z
,simulated,11,2026-02-27T18:39:27.495150609Z
,simulated,13,2026-02-27T18:40:27.516137445Z
,simulated,10,2026-02-27T18:41:27.527383081Z
,simulated,8,2026-02-27T18:42:27.547234709Z
,simulated,8,2026-02-27T18:43:27.563213495Z
,simulated,15,2026-02-27T18:44:27.58314935Z
,simulated,12,2026-02-27T18:45:27.601828853Z
,simulated,14,2026-02-27T18:46:27.624034588Z
,simulated,11,2026-02-27T18:47:27.649790601Z
,simulated,8,2026-02-27T18:48:27.664655703Z
,simulated,11,2026-02-27T18:49:27.68390376Z
,simulated,8,2026-02-27T18:50:27.704253499Z
,simulated,10,2026-02-27T18:51:27.727987996Z
,simulated,8,2026-02-27T18:52:27.746739394Z
,simulated,14,2026-02-27T18:53:27.76707381Z
,simulated,9,2026-02-27T18:54:27.788386423Z
,simulated,13,2026-02-27T18:55:27.808075628Z
,simulated,11,2026-02-27T18:56:27.829989545Z
,simulated,15,2026-02-27T18:57:27.848763163Z
,simulated,14,2026-02-27T18:58:27.872109277Z
,simulated,13,2026-02-27T18:59:27.887773337Z
,simulated,11,2026-02-27T19:00:27.901042072Z
,simulated,9,2026-02-27T19:01:27.920994684Z
,simulated,7,2026-02-27T19:02:27.939653008Z
,simulated,6,2026-02-27T19:03:27.958403459Z
,simulated,5,2026-02-27T19:04:27.972728536Z
,simulated,9,2026-02-27T19:05:27.990917315Z
,simulated,6,2026-02-27T19:06:28.013515881Z
,simulated,7,2026-02-27T19:07:28.031908961Z
,simulated,6,2026-02-27T19:08:28.051326017Z
,simulated,4,2026-02-27T19:09:28.07216585Z
,simulated,9,2026-02-27T19:10:28.090843858Z
,simulated,6,2026-02-27T19:11:28.110975731Z
,simulated,9,2026-02-27T19:12:28.131330519Z
,simulated,6,2026-02-27T19:13:28.152523785Z
,simulated,7,2026-02-27T19:14:28.169574968Z
,simulated,11,2026-02-27T19:15:28.187365002Z
,simulated,4,2026-02-27T19:16:28.192314836Z
,simulated,9,2026-02-27T19:17:28.210085989Z
,simulated,5,2026-02-27T19:18:28.226367598Z
,simulated,6,2026-02-27T19:19:28.244318817Z
,simulated,5,2026-02-27T19:20:28.260702248Z
,simulated,8,2026-02-27T19:21:28.280621199Z
,simulated,6,2026-02-27T19:22:28.298523821Z
,simulated,7,2026-02-27T19:23:28.315231923Z
,simulated,5,2026-02-27T19:24:28.332471718Z
,simulated,9,2026-02-27T19:25:28.345013405Z
,simulated,8,2026-02-27T19:26:28.360116503Z
,simulated,10,2026-02-27T19:27:28.377934996Z
,simulated,6,2026-02-27T19:28:28.395431132Z
,simulated,6,2026-02-27T19:29:28.409196354Z
,simulated,8,2026-02-27T19:30:28.423312808Z
,simulated,8,2026-02-27T19:31:28.439341978Z
,simulated,6,2026-02-27T19:32:28.458121555Z
,simulated,4,2026-02-27T19:33:28.471987067Z
,simulated,5,2026-02-27T19:34:28.489807013Z
,simulated,11,2026-02-27T19:35:28.503264979Z
,simulated,6,2026-02-27T19:36:28.518726811Z
,simulated,7,2026-02-27T19:37:28.541696235Z
,simulated,7,2026-02-27T19:38:28.55731414Z
,simulated,11,2026-02-27T19:39:28.571537509Z
,simulated,11,2026-02-27T19:40:28.587168388Z
,simulated,5,2026-02-27T19:41:28.602628392Z
,simulated,11,2026-02-27T19:42:28.62008472Z
,simulated,9,2026-02-27T19:43:28.639267291Z
,simulated,4,2026-02-27T19:44:28.662797358Z
,simulated,5,2026-02-27T19:45:28.672660588Z
,simulated,8,2026-02-27T19:46:28.676245652Z
,simulated,11,2026-02-27T19:47:28.692355058Z
,simulated,11,2026-02-27T19:48:28.706684506Z
,simulated,6,2026-02-27T19:49:28.725453983Z
,simulated,11,2026-02-27T19:50:28.744531354Z
,simulated,10,2026-02-27T19:51:28.75987539Z
,simulated,6,2026-02-27T19:52:28.773837927Z
,simulated,7,2026-02-27T19:53:28.784816536Z
,simulated,7,2026-02-27T19:54:28.799258353Z
,simulated,9,2026-02-27T19:55:28.816307577Z
,simulated,7,2026-02-27T19:56:28.831634109Z
,simulated,11,2026-02-27T19:57:28.848092371Z
,simulated,10,2026-02-27T19:58:28.866981784Z
,simulated,8,2026-02-27T19:59:28.862656315Z
,simulated,7,2026-02-27T20:00:28.88053879Z
,simulated,5,2026-02-27T20:01:28.891452748Z
,simulated,10,2026-02-27T20:02:28.892306143Z
,simulated,8,2026-02-27T20:03:28.906283117Z
,simulated,7,2026-02-27T20:04:28.92371195Z
,simulated,5,2026-02-27T20:05:28.933703693Z
,simulated,6,2026-02-27T20:06:28.948578999Z
,simulated,5,2026-02-27T20:07:28.967324242Z
,simulated,8,2026-02-27T20:08:28.980764164Z
,simulated,9,2026-02-27T20:09:28.99332214Z
,simulated,6,2026-02-27T20:10:29.00660965Z
,simulated,6,2026-02-27T20:11:29.022124442Z
,simulated,5,2026-02-27T20:12:29.030388606Z
,simulated,5,2026-02-27T20:13:29.042905451Z
,simulated,10,2026-02-27T20:14:29.058666316Z
,simulated,6,2026-02-27T20:15:29.069950593Z
,simulated,5,2026-02-27T20:16:29.085061697Z
,simulated,8,2026-02-27T20:17:29.097091819Z
,simulated,10,2026-02-27T20:18:29.10946728Z
,simulated,9,2026-02-27T20:19:29.109735288Z
,simulated,5,2026-02-27T20:20:29.123968772Z
,simulated,5,2026-02-27T20:21:29.144795202Z
,simulated,5,2026-02-27T20:22:29.158820895Z
,simulated,5,2026-02-27T20:23:29.165132696Z
,simulated,9,2026-02-27T20:24:29.173899408Z
,simulated,6,2026-02-27T20:25:29.188435304Z
,simulated,10,2026-02-27T20:26:29.199095011Z
,simulated,10,2026-02-27T20:27:29.210942606Z
,simulated,8,2026-02-27T20:28:29.223372227Z
,simulated,5,2026-02-27T20:29:29.226003638Z
,simulated,5,2026-02-27T20:30:29.240122366Z
,simulated,7,2026-02-27T20:31:29.251367409Z
,simulated,6,2026-02-27T20:32:29.2621746Z
,simulated,6,2026-02-27T20:33:29.277584616Z
,simulated,5,2026-02-27T20:34:29.277475486Z
,simulated,7,2026-02-27T20:35:29.292326532Z
,simulated,8,2026-02-27T20:36:29.304188017Z
,simulated,6,2026-02-27T20:37:29.315574908Z
,simulated,7,2026-02-27T20:38:29.33119269Z
,simulated,9,2026-02-27T20:39:29.343386162Z
,simulated,5,2026-02-27T20:40:29.350824815Z
,simulated,8,2026-02-27T20:41:29.36378553Z
,simulated,6,2026-02-27T20:42:29.373832419Z
,simulated,9,2026-02-27T20:43:29.387515791Z
,simulated,7,2026-02-27T20:44:29.39473157Z
,simulated,5,2026-02-27T20:45:29.408546569Z
,simulated,7,2026-02-27T20:46:29.419212875Z
,simulated,7,2026-02-27T20:47:29.421415817Z
,simulated,9,2026-02-27T20:48:29.43365273Z
,simulated,6,2026-02-27T20:49:29.44493919Z
,simulated,9,2026-02-27T20:50:29.455242078Z
,simulated,9,2026-02-27T20:51:29.467217868Z
,simulated,6,2026-02-27T20:52:29.479426032Z
,simulated,5,2026-02-27T20:53:29.488592613Z
,simulated,7,2026-02-27T20:54:29.496407854Z
,simulated,9,2026-02-27T20:55:29.504653957Z
,simulated,10,2026-02-27T20:56:29.514657429Z
,simulated,7,2026-02-27T20:57:29.524806548Z
,simulated,9,2026-02-27T20:58:29.537768116Z
,simulated,5,2026-02-27T20:59:29.545552216Z
,simulated,7,2026-02-27T21:00:29.562869733Z
,simulated,5,2026-02-27T21:01:29.56380102Z
,simulated,4,2026-02-27T21:02:29.572783529Z
,simulated,4,2026-02-27T21:03:29.580790139Z
,simulated,7,2026-02-27T21:04:29.581567988Z
,simulated,7,2026-02-27T21:05:29.588219992Z
,simulated,3,2026-02-27T21:06:29.590554981Z
,simulated,7,2026-02-27T21:07:29.602125746Z
,simulated,7,2026-02-27T21:08:29.611266497Z
,simulated,4,2026-02-27T21:09:29.621396334Z
,simulated,6,2026-02-27T21:10:29.63116298Z
,simulated,6,2026-02-27T21:11:29.64226031Z
,simulated,4,2026-02-27T21:12:29.650125Z
,simulated,3,2026-02-27T21:13:29.65425604Z
,simulated,6,2026-02-27T21:14:29.662783256Z
,simulated,3,2026-02-27T21:15:29.671853445Z
,simulated,3,2026-02-27T21:16:29.684660606Z
,simulated,5,2026-02-27T21:17:29.687180824Z
,simulated,5,2026-02-27T21:18:29.697295027Z
,simulated,6,2026-02-27T21:19:29.704073439Z
,simulated,3,2026-02-27T21:20:29.711334468Z
,simulated,6,2026-02-27T21:21:29.718324066Z
,simulated,5,2026-02-27T21:22:29.729741438Z
,simulated,3,2026-02-27T21:23:29.736155851Z
,simulated,4,2026-02-27T21:24:29.748408904Z
,simulated,6,2026-02-27T21:25:29.751066363Z
,simulated,6,2026-02-27T21:26:29.761740318Z
,simulated,4,2026-02-27T21:27:29.767622522Z
,simulated,4,2026-02-27T21:28:29.776913479Z
,simulated,4,2026-02-27T21:29:29.77284854Z
,simulated,5,2026-02-27T21:30:29.780647643Z
,simulated,3,2026-02-27T21:31:29.786939851Z
,simulated,6,2026-02-27T21:32:29.795485285Z
,simulated,5,2026-02-27T21:33:29.806601053Z
,simulated,4,2026-02-27T21:34:29.810672368Z
,simulated,7,2026-02-27T21:35:29.810427185Z
,simulated,7,2026-02-27T21:36:29.817145861Z
,simulated,5,2026-02-27T21:37:29.824516175Z
,simulated,7,2026-02-27T21:38:29.830517478Z
,simulated,7,2026-02-27T21:39:29.834277865Z
,simulated,3,2026-02-27T21:40:29.83796101Z
,simulated,3,2026-02-27T21:41:29.843131214Z
,simulated,6,2026-02-27T21:42:29.848344282Z
,simulated,5,2026-02-27T21:43:29.850774396Z
,simulated,3,2026-02-27T21:44:29.855406042Z
,simulated,6,2026-02-27T21:45:29.86013122Z
,simulated,4,2026-02-27T21:46:29.8621102Z
,simulated,5,2026-02-27T21:47:29.866860452Z
,simulated,4,2026-02-27T21:48:29.877215591Z
,simulated,5,2026-02-27T21:49:29.874792121Z
,simulated,5,2026-02-27T21:50:29.878886887Z
,simulated,3,2026-02-27T21:51:29.882054254Z
,simulated,4,2026-02-27T21:52:29.88786351Z
,simulated,7,2026-02-27T21:53:29.890586064Z
,simulated,3,2026-02-27T21:54:29.894287089Z
,simulated,4,2026-02-27T21:55:29.898228695Z
,simulated,7,2026-02-27T21:56:29.902494985Z
,simulated,6,2026-02-27T21:57:29.905841771Z
,simulated,3,2026-02-27T21:58:29.913552993Z
,simulated,4,2026-02-27T21:59:29.916296624Z
,simulated,6,2026-02-27T22:00:29.919337634Z
,simulated,3,2026-02-27T22:01:29.923199448Z
,simulated,7,2026-02-27T22:02:29.926132516Z
,simulated,4,2026-02-27T22:03:29.931323168Z
,simulated,3,2026-02-27T22:04:29.933498169Z
,simulated,3,2026-02-27T22:05:29.939104676Z
,simulated,4,2026-02-27T22:06:29.943537516Z
,simulated,3,2026-02-27T22:07:29.94881229Z
,simulated,5,2026-02-27T22:08:29.953531487Z
,simulated,5,2026-02-27T22:09:29.955122025Z
,simulated,6,2026-02-27T22:10:29.958856958Z
,simulated,5,2026-02-27T22:11:29.963987774Z
,simulated,4,2026-02-27T22:12:29.965884633Z
,simulated,4,2026-02-27T22:13:29.973429372Z
,simulated,5,2026-02-27T22:14:29.97475374Z
,simulated,3,2026-02-27T22:15:29.971715086Z
,simulated,7,2026-02-27T22:16:29.97473763Z
,simulated,6,2026-02-27T22:17:29.975508163Z
,simulated,5,2026-02-27T22:18:29.988892054Z
,simulated,7,2026-02-27T22:19:29.978612455Z
,simulated,6,2026-02-27T22:20:29.98173326Z
,simulated,4,2026-02-27T22:21:29.983699267Z
,simulated,4,2026-02-27T22:22:29.988091097Z
,simulated,6,2026-02-27T22:23:29.987383448Z
,simulated,6,2026-02-27T22:24:29.991803742Z
,simulated,7,2026-02-27T22:25:29.991171016Z
,simulated,5,2026-02-27T22:26:29.992974579Z
,simulated,7,2026-02-27T22:27:29.995140016Z
,simulated,6,2026-02-27T22:28:29.997238683Z
,simulated,7,2026-02-27T22:29:30.000092114Z
,simulated,4,2026-02-27T22:30:29.999873273Z
,simulated,6,2026-02-27T22:31:30.00217212Z
,simulated,7,2026-02-27T22:32:30.003196326Z
,simulated,3,2026-02-27T22:33:30.002695832Z
,simulated,3,2026-02-27T22:34:30.00444764Z
,simulated,5,2026-02-27T22:35:30.005098469Z
,simulated,4,2026-02-27T22:36:30.005418009Z
,simulated,7,2026-02-27T22:37:30.005598317Z
,simulated,3,2026-02-27T22:38:30.006574019Z
,simulated,7,2026-02-27T22:39:30.005396023Z
,simulated,6,2026-02-27T22:40:30.005316659Z
,simulated,7,2026-02-27T22:41:30.006544821Z
,simulated,4,2026-02-27T22:42:30.005433271Z
,simulated,7,2026-02-27T22:43:30.005462273Z
,simulated,5,2026-02-27T22:44:30.006995387Z
,simulated,5,2026-02-27T22:45:30.006314466Z
,simulated,4,2026-02-27T22:46:30.006337212Z
,simulated,6,2026-02-27T22:47:30.034624646Z
,simulated,6,2026-02-27T22:48:30.066332316Z
,simulated,3,2026-02-27T22:49:30.090833505Z
,simulated,5,2026-02-27T22:50:30.11867013Z
,simulated,5,2026-02-27T22:51:30.148233573Z
,simulated,5,2026-02-27T22:52:30.174362415Z
,simulated,5,2026-02-27T22:53:30.196553237Z
,simulated,7,2026-02-27T22:54:30.223512834Z
,simulated,4,2026-02-27T22:55:30.952954133Z
,simulated,5,2026-02-27T22:56:30.277519042Z
,simulated,7,2026-02-27T22:57:30.305927769Z
,simulated,4,2026-02-27T22:58:30.343506257Z
,simulated,7,2026-02-27T22:59:30.363645438Z
,simulated,4,2026-02-27T23:00:30.391408349Z
,simulated,3,2026-02-27T23:01:30.422235831Z
,simulated,4,2026-02-27T23:02:30.459518956Z
,simulated,6,2026-02-27T23:03:30.487871424Z
,simulated,4,2026-02-27T23:04:30.504710844Z
,simulated,6,2026-02-27T23:05:30.535002808Z
,simulated,6,2026-02-27T23:06:30.562408359Z
,simulated,5,2026-02-27T23:07:30.587898549Z
,simulated,3,2026-02-27T23:08:30.615511088Z
,simulated,7,2026-02-27T23:09:30.641658926Z
,simulated,3,2026-02-27T23:10:30.668591312Z
,simulated,4,2026-02-27T23:11:30.697304283Z
,simulated,3,2026-02-27T23:12:30.722406729Z
,simulated,6,2026-02-27T23:13:30.742930945Z
,simulated,4,2026-02-27T23:14:30.771386551Z
,simulated,4,2026-02-27T23:15:30.794513488Z
,simulated,6,2026-02-27T23:16:30.819860401Z
,simulated,4,2026-02-27T23:17:30.844259976Z
,simulated,6,2026-02-27T23:18:30.868424224Z
,simulated,4,2026-02-27T23:19:30.891288404Z
,simulated,7,2026-02-27T23:20:30.915622246Z
,simulated,3,2026-02-27T23:21:30.940192143Z
,simulated,3,2026-02-27T23:22:30.965233407Z
,simulated,6,2026-02-27T23:25:30.9956048Z
,simulated,7,2026-02-27T23:25:37.839210691Z
,simulated,3,2026-02-27T23:27:31.021518075Z
,simulated,7,2026-02-27T23:27:37.845406229Z
,simulated,4,2026-02-27T23:28:10.965792993Z
,simulated,5,2026-02-27T23:28:31.082185378Z
,simulated,7,2026-02-27T23:28:37.84956071Z
,simulated,6,2026-02-27T23:29:10.992908071Z
,simulated,4,2026-02-27T23:29:31.058192277Z
,simulated,4,2026-02-27T23:29:37.855702446Z
,simulated,7,2026-02-27T23:30:11.018178627Z
,simulated,6,2026-02-27T23:30:31.087400395Z
,simulated,4,2026-02-27T23:30:37.858737014Z
,simulated,6,2026-02-27T23:31:11.044309123Z
,simulated,3,2026-02-27T23:31:31.09114808Z
,simulated,7,2026-02-27T23:31:37.862048561Z
,simulated,4,2026-02-27T23:32:11.069727428Z
,simulated,3,2026-02-27T23:32:31.110690896Z
,simulated,4,2026-02-27T23:32:37.930935768Z
,simulated,5,2026-02-27T23:33:11.104342688Z
,simulated,7,2026-02-27T23:33:31.128265457Z
,simulated,5,2026-02-27T23:33:37.869720174Z
,simulated,6,2026-02-27T23:34:11.12626434Z
,simulated,7,2026-02-27T23:34:31.127781606Z
,simulated,3,2026-02-27T23:34:37.873814169Z
,simulated,4,2026-02-27T23:35:11.154958823Z
,simulated,7,2026-02-27T23:35:31.14537176Z
,simulated,5,2026-02-27T23:35:37.879597781Z
,simulated,4,2026-02-27T23:36:11.180370584Z
,simulated,6,2026-02-27T23:36:31.162380021Z
,simulated,4,2026-02-27T23:36:37.880983077Z
,simulated,6,2026-02-27T23:37:11.208169693Z
,simulated,6,2026-02-27T23:37:31.179279985Z
,simulated,5,2026-02-27T23:37:37.884565454Z
,simulated,7,2026-02-27T23:38:11.237453568Z
,simulated,6,2026-02-27T23:38:31.197361017Z
,simulated,7,2026-02-27T23:38:37.890813503Z
,simulated,7,2026-02-27T23:39:11.257571055Z
,simulated,7,2026-02-27T23:39:31.216484019Z
,simulated,4,2026-02-27T23:39:37.896683115Z
,simulated,7,2026-02-27T23:40:11.280583701Z
,simulated,3,2026-02-27T23:40:31.234466635Z
,simulated,5,2026-02-27T23:40:37.90282912Z
,simulated,7,2026-02-27T23:41:11.309825077Z
,simulated,7,2026-02-27T23:41:31.248902598Z
,simulated,7,2026-02-27T23:41:37.902285914Z
,simulated,4,2026-02-27T23:42:11.336422653Z
,simulated,4,2026-02-27T23:42:31.265947157Z
,simulated,6,2026-02-27T23:42:37.907142235Z
,simulated,7,2026-02-27T23:43:11.365177819Z
,simulated,4,2026-02-27T23:43:31.283334065Z
,simulated,3,2026-02-27T23:43:37.910240261Z
,simulated,5,2026-02-27T23:44:11.395528802Z
,simulated,6,2026-02-27T23:44:31.301078166Z
,simulated,5,2026-02-27T23:44:37.913853865Z
,simulated,4,2026-02-27T23:45:11.422531391Z
,simulated,4,2026-02-27T23:45:31.317596189Z
,simulated,7,2026-02-27T23:45:37.919673873Z
,simulated,6,2026-02-27T23:46:11.432678162Z
,simulated,4,2026-02-27T23:46:31.335431548Z
,simulated,7,2026-02-27T23:46:37.923044298Z
,simulated,3,2026-02-27T23:47:11.460389067Z
,simulated,5,2026-02-27T23:47:31.348901961Z
,simulated,5,2026-02-27T23:47:37.928586066Z
,simulated,4,2026-02-27T23:48:11.488018497Z
,simulated,7,2026-02-27T23:48:31.369394042Z
,simulated,7,2026-02-27T23:48:37.935279752Z
,simulated,5,2026-02-27T23:49:11.515376282Z
,simulated,7,2026-02-27T23:49:31.379510014Z
,simulated,3,2026-02-27T23:49:37.941031002Z
,simulated,3,2026-02-27T23:50:11.545764057Z
,simulated,6,2026-02-27T23:50:31.397599815Z
,simulated,6,2026-02-27T23:50:37.946261243Z
,simulated,3,2026-02-27T23:51:11.566824123Z
,simulated,6,2026-02-27T23:51:31.407851823Z
,simulated,3,2026-02-27T23:51:37.949190242Z
,simulated,3,2026-02-27T23:52:11.586206284Z
,simulated,4,2026-02-27T23:52:31.424615439Z
,simulated,5,2026-02-27T23:52:37.952275532Z
,simulated,7,2026-02-27T23:53:11.613797257Z
,simulated,6,2026-02-27T23:53:31.450638343Z
,simulated,7,2026-02-27T23:53:37.960072205Z
,simulated,4,2026-02-27T23:54:11.642628916Z
,simulated,7,2026-02-27T23:54:31.458244148Z
,simulated,3,2026-02-27T23:54:37.964563873Z
,simulated,6,2026-02-27T23:55:11.669320803Z
,simulated,3,2026-02-27T23:55:31.473327716Z
,simulated,3,2026-02-27T23:55:37.969181531Z
,simulated,3,2026-02-27T23:56:11.697145315Z
,simulated,6,2026-02-27T23:56:31.489488997Z
,simulated,6,2026-02-27T23:56:37.973073622Z
,simulated,5,2026-02-27T23:57:11.724713116Z
,simulated,5,2026-02-27T23:57:31.506159955Z
,simulated,3,2026-02-27T23:57:37.977418059Z
,simulated,5,2026-02-27T23:58:11.74794154Z
,simulated,5,2026-02-27T23:58:31.523427804Z
,simulated,3,2026-02-27T23:58:37.98579786Z
,simulated,4,2026-02-27T23:59:11.774562968Z
,simulated,5,2026-02-27T23:59:31.537931958Z
,simulated,4,2026-02-27T23:59:37.988474164Z
,simulated,0,2026-02-28T00:00:11.803305266Z
,simulated,0,2026-02-28T00:00:31.556593459Z
,simulated,0,2026-02-28T00:00:37.995542419Z
,simulated,0,2026-02-28T00:01:11.825742698Z
,simulated,0,2026-02-28T00:01:31.569405597Z
,simulated,0,2026-02-28T00:01:38.002657455Z
,simulated,0,2026-02-28T00:02:11.852099299Z
,simulated,0,2026-02-28T00:02:31.590858952Z
,simulated,0,2026-02-28T00:02:38.017152911Z
,simulated,0,2026-02-28T00:03:11.954051212Z
,simulated,0,2026-02-28T00:03:31.610889681Z
,simulated,0,2026-02-28T00:03:38.010698791Z
,simulated,0,2026-02-28T00:04:11.907718881Z
,simulated,0,2026-02-28T00:04:31.620553934Z
,simulated,0,2026-02-28T00:04:38.017286052Z
,simulated,0,2026-02-28T00:05:11.937662961Z
,simulated,0,2026-02-28T00:05:31.634168776Z
,simulated,0,2026-02-28T00:05:38.021160314Z
,simulated,0,2026-02-28T00:06:11.956569429Z
,simulated,0,2026-02-28T00:06:31.652159906Z
,simulated,0,2026-02-28T00:06:38.024649191Z
,simulated,0,2026-02-28T00:07:11.978316434Z
,simulated,0,2026-02-28T00:07:31.667154791Z
,simulated,0,2026-02-28T00:07:38.031189284Z
,simulated,0,2026-02-28T00:08:12.005975066Z
,simulated,0,2026-02-28T00:08:31.686477986Z
,simulated,0,2026-02-28T00:08:38.035642389Z
,simulated,0,2026-02-28T00:09:12.030792574Z
,simulated,0,2026-02-28T00:09:31.698717391Z
,simulated,0,2026-02-28T00:09:38.035413594Z
,simulated,0,2026-02-28T00:10:12.054159393Z
,simulated,0,2026-02-28T00:10:31.714880597Z
,simulated,0,2026-02-28T00:10:38.043235579Z
,simulated,0,2026-02-28T00:11:12.084085297Z
,simulated,0,2026-02-28T00:11:31.717966973Z
,simulated,0,2026-02-28T00:11:38.044386675Z
,simulated,0,2026-02-28T00:12:12.101194523Z
,simulated,0,2026-02-28T00:12:31.732645442Z
,simulated,0,2026-02-28T00:12:38.04870906Z
,simulated,0,2026-02-28T00:13:12.125346736Z
,simulated,0,2026-02-28T00:13:31.749825214Z
,simulated,0,2026-02-28T00:13:38.054296489Z
,simulated,0,2026-02-28T00:14:12.148570703Z
,simulated,0,2026-02-28T00:14:31.768551739Z
,simulated,0,2026-02-28T00:14:38.057444022Z
,simulated,0,2026-02-28T00:15:12.17537819Z
,simulated,0,2026-02-28T00:15:31.781306353Z
,simulated,0,2026-02-28T00:15:38.061696576Z
,simulated,0,2026-02-28T00:16:12.197546632Z
,simulated,0,2026-02-28T00:16:31.796857368Z
,simulated,0,2026-02-28T00:16:38.069331251Z
,simulated,0,2026-02-28T00:17:12.220536581Z
,simulated,0,2026-02-28T00:17:31.813405031Z
,simulated,0,2026-02-28T00:17:38.075263145Z
,simulated,0,2026-02-28T00:18:12.24523666Z
,simulated,0,2026-02-28T00:18:31.830265151Z
,simulated,0,2026-02-28T00:18:38.075960099Z
,simulated,0,2026-02-28T00:19:12.273861312Z
,simulated,0,2026-02-28T00:19:31.846297714Z
,simulated,0,2026-02-28T00:19:38.081393781Z
,simulated,0,2026-02-28T00:20:12.294271436Z
,simulated,0,2026-02-28T00:20:31.864893779Z
,simulated,0,2026-02-28T00:20:38.082347474Z
,simulated,0,2026-02-28T00:21:12.317422263Z
,simulated,0,2026-02-28T00:21:31.876613177Z
,simulated,0,2026-02-28T00:21:38.089916622Z
,simulated,0,2026-02-28T00:22:12.340837842Z
,simulated,0,2026-02-28T00:22:31.889141585Z
,simulated,0,2026-02-28T00:22:38.092872068Z
,simulated,0,2026-02-28T00:23:12.366435343Z
,simulated,0,2026-02-28T00:23:31.900884892Z
,simulated,0,2026-02-28T00:23:38.096762796Z
,simulated,0,2026-02-28T00:24:12.389811979Z
,simulated,0,2026-02-28T00:24:31.914546238Z
,simulated,0,2026-02-28T00:24:38.104994251Z
,simulated,0,2026-02-28T00:25:12.390706093Z
,simulated,0,2026-02-28T00:25:31.931635324Z
,simulated,0,2026-02-28T00:25:38.105520045Z
,simulated,0,2026-02-28T00:26:12.411858285Z
,simulated,0,2026-02-28T00:26:31.944844879Z
,simulated,0,2026-02-28T00:26:38.110256098Z
,simulated,0,2026-02-28T00:27:12.436560257Z
,simulated,0,2026-02-28T00:27:31.95974398Z
,simulated,0,2026-02-28T00:27:38.119401132Z
,simulated,0,2026-02-28T00:28:12.46277402Z
,simulated,0,2026-02-28T00:28:31.97489878Z
,simulated,0,2026-02-28T00:28:38.121874488Z
,simulated,0,2026-02-28T00:29:12.484083158Z
,simulated,0,2026-02-28T00:29:31.992455983Z
,simulated,0,2026-02-28T00:29:38.123447678Z
,simulated,0,2026-02-28T00:30:12.508894348Z
,simulated,0,2026-02-28T00:30:31.999972426Z
,simulated,0,2026-02-28T00:30:38.131091571Z
,simulated,0,2026-02-28T00:31:12.532220972Z
,simulated,0,2026-02-28T00:31:32.011505653Z
,simulated,0,2026-02-28T00:31:38.136616789Z
,simulated,0,2026-02-28T00:32:12.557100937Z
,simulated,0,2026-02-28T00:32:32.022935951Z
,simulated,0,2026-02-28T00:32:38.140237121Z
,simulated,0,2026-02-28T00:33:12.583195466Z
,simulated,0,2026-02-28T00:33:32.031824402Z
,simulated,0,2026-02-28T00:33:38.14394806Z
,simulated,0,2026-02-28T00:34:12.606264251Z
,simulated,0,2026-02-28T00:34:32.042713171Z
,simulated,0,2026-02-28T00:34:38.148968203Z
,simulated,0,2026-02-28T00:35:12.627330056Z
,simulated,0,2026-02-28T00:35:32.052059087Z
,simulated,0,2026-02-28T00:35:38.153133572Z
,simulated,0,2026-02-28T00:36:12.646704308Z
,simulated,0,2026-02-28T00:36:32.07001019Z
,simulated,0,2026-02-28T00:36:38.162063778Z
,simulated,0,2026-02-28T00:37:12.671170324Z
,simulated,0,2026-02-28T00:37:32.07779041Z
,simulated,0,2026-02-28T00:37:38.161453109Z
,simulated,0,2026-02-28T00:38:12.692370948Z
,simulated,0,2026-02-28T00:38:32.089422589Z
,simulated,0,2026-02-28T00:38:38.169313899Z
,simulated,0,2026-02-28T00:39:12.718542086Z
,simulated,0,2026-02-28T00:39:32.102485831Z
,simulated,0,2026-02-28T00:39:38.168287168Z
,simulated,0,2026-02-28T00:40:12.741363572Z
,simulated,0,2026-02-28T00:40:32.114501413Z
,simulated,0,2026-02-28T00:40:38.17479742Z
,simulated,0,2026-02-28T00:41:12.765624569Z
,simulated,0,2026-02-28T00:41:32.126387833Z
,simulated,0,2026-02-28T00:41:38.176636193Z
,simulated,0,2026-02-28T00:42:12.789675347Z
,simulated,0,2026-02-28T00:42:32.140836124Z
,simulated,0,2026-02-28T00:42:38.183219407Z
,simulated,0,2026-02-28T00:43:12.819423228Z
,simulated,0,2026-02-28T00:43:32.150918614Z
,simulated,0,2026-02-28T00:43:38.186299409Z
,simulated,0,2026-02-28T00:44:12.842753885Z
,simulated,0,2026-02-28T00:44:32.162807019Z
,simulated,0,2026-02-28T00:44:38.190937476Z
,simulated,0,2026-02-28T00:45:12.864514193Z
,simulated,0,2026-02-28T00:45:32.175468559Z
,simulated,0,2026-02-28T00:45:38.195384725Z
,simulated,0,2026-02-28T00:46:12.889659851Z
,simulated,0,2026-02-28T00:46:32.186926973Z
,simulated,0,2026-02-28T00:46:38.207164757Z
,simulated,0,2026-02-28T00:47:12.910351777Z
,simulated,0,2026-02-28T00:47:32.199337121Z
,simulated,0,2026-02-28T00:47:38.208515809Z
,simulated,0,2026-02-28T00:48:12.937802674Z
,simulated,0,2026-02-28T00:48:32.217230392Z
,simulated,0,2026-02-28T00:48:38.209220078Z
,simulated,0,2026-02-28T00:49:12.958417431Z
,simulated,0,2026-02-28T00:49:32.220900521Z
,simulated,0,2026-02-28T00:49:38.216199779Z
,simulated,0,2026-02-28T00:50:12.988606025Z
,simulated,0,2026-02-28T00:50:32.235515513Z
,simulated,0,2026-02-28T00:50:38.219163191Z
,simulated,0,2026-02-28T00:51:13.010183326Z
,simulated,0,2026-02-28T00:51:32.24466712Z
,simulated,0,2026-02-28T00:51:38.221197612Z
,simulated,0,2026-02-28T00:52:13.03078553Z
,simulated,0,2026-02-28T00:52:32.258223511Z
,simulated,0,2026-02-28T00:52:38.224777912Z
,simulated,0,2026-02-28T00:53:13.048618409Z
,simulated,0,2026-02-28T00:53:32.270221102Z
,simulated,0,2026-02-28T00:53:38.231730408Z
,simulated,0,2026-02-28T00:54:13.084110046Z
,simulated,0,2026-02-28T00:54:32.280416522Z
,simulated,0,2026-02-28T00:54:38.233455973Z
,simulated,0,2026-02-28T00:55:13.099082216Z
,simulated,0,2026-02-28T00:55:32.29338469Z
,simulated,0,2026-02-28T00:55:38.242156527Z
,simulated,0,2026-02-28T00:56:13.120453739Z
,simulated,0,2026-02-28T00:56:32.304962873Z
,simulated,0,2026-02-28T00:56:38.245699708Z
,simulated,0,2026-02-28T00:57:13.137241438Z
,simulated,0,2026-02-28T00:57:32.317268779Z
,simulated,0,2026-02-28T00:57:38.24916951Z
,simulated,0,2026-02-28T00:58:13.158688801Z
,simulated,0,2026-02-28T00:58:32.329207803Z
,simulated,0,2026-02-28T00:58:38.252362729Z
,simulated,0,2026-02-28T00:59:13.163478475Z
,simulated,0,2026-02-28T00:59:32.341098348Z
,simulated,0,2026-02-28T00:59:38.255703482Z
,simulated,0,2026-02-28T01:00:13.186381615Z
,simulated,0,2026-02-28T01:00:32.372390594Z
,simulated,0,2026-02-28T01:00:38.285354741Z
,simulated,0,2026-02-28T01:01:13.204555741Z
,simulated,0,2026-02-28T01:01:32.365768815Z
,simulated,0,2026-02-28T01:01:38.265504244Z
,simulated,0,2026-02-28T01:02:13.226268981Z
,simulated,0,2026-02-28T01:02:32.378055943Z
,simulated,0,2026-02-28T01:02:38.269258679Z
,simulated,0,2026-02-28T01:03:13.243777561Z
,simulated,0,2026-02-28T01:03:32.393144572Z
,simulated,0,2026-02-28T01:03:38.272931499Z
,simulated,0,2026-02-28T01:04:13.267055067Z
,simulated,0,2026-02-28T01:04:32.402872159Z
,simulated,0,2026-02-28T01:04:38.277144127Z
,simulated,0,2026-02-28T01:05:13.285052591Z
,simulated,0,2026-02-28T01:05:32.41463377Z
,simulated,0,2026-02-28T01:05:38.279452896Z
,simulated,0,2026-02-28T01:06:13.304048591Z
,simulated,0,2026-02-28T01:06:32.424675547Z
,simulated,0,2026-02-28T01:06:38.284621821Z
,simulated,0,2026-02-28T01:07:13.325837709Z
,simulated,0,2026-02-28T01:07:32.43998154Z
,simulated,0,2026-02-28T01:07:38.288333385Z
,simulated,0,2026-02-28T01:08:13.345229625Z
,simulated,0,2026-02-28T01:08:32.445778791Z
,simulated,0,2026-02-28T01:08:38.293633757Z
,simulated,0,2026-02-28T01:09:13.37029786Z
,simulated,0,2026-02-28T01:09:32.454655553Z
,simulated,0,2026-02-28T01:09:38.296564578Z
,simulated,0,2026-02-28T01:10:13.374015111Z
,simulated,0,2026-02-28T01:10:32.460821134Z
,simulated,0,2026-02-28T01:10:38.301963732Z
,simulated,0,2026-02-28T01:11:13.394376401Z
,simulated,0,2026-02-28T01:11:32.46920849Z
,simulated,0,2026-02-28T01:11:38.304914884Z
,simulated,0,2026-02-28T01:12:13.416474368Z
,simulated,0,2026-02-28T01:12:32.47620125Z
,simulated,0,2026-02-28T01:12:38.310245717Z
,simulated,0,2026-02-28T01:13:13.436527008Z
,simulated,0,2026-02-28T01:13:32.485491694Z
,simulated,0,2026-02-28T01:13:38.313971855Z
,simulated,0,2026-02-28T01:14:13.458305755Z
,simulated,0,2026-02-28T01:14:32.493622707Z
,simulated,0,2026-02-28T01:14:38.320000479Z
,simulated,0,2026-02-28T01:15:13.479371005Z
,simulated,0,2026-02-28T01:15:32.503713299Z
,simulated,0,2026-02-28T01:15:38.324591757Z
,simulated,0,2026-02-28T01:16:13.501465869Z
,simulated,0,2026-02-28T01:16:32.513558598Z
,simulated,0,2026-02-28T01:16:38.333393015Z
,simulated,0,2026-02-28T01:17:13.516812759Z
,simulated,0,2026-02-28T01:17:32.520172911Z
,simulated,0,2026-02-28T01:17:38.336457468Z
,simulated,0,2026-02-28T01:18:13.545583228Z
,simulated,0,2026-02-28T01:18:32.530905416Z
,simulated,0,2026-02-28T01:18:38.371553854Z
,simulated,0,2026-02-28T01:19:13.558659909Z
,simulated,0,2026-02-28T01:19:32.541061215Z
,simulated,0,2026-02-28T01:19:38.35159935Z
,simulated,0,2026-02-28T01:20:13.576015362Z
,simulated,0,2026-02-28T01:20:32.550600828Z
,simulated,0,2026-02-28T01:20:38.353100454Z
,simulated,0,2026-02-28T01:21:13.596501755Z
,simulated,0,2026-02-28T01:21:32.560515412Z
,simulated,0,2026-02-28T01:21:38.359197596Z
,simulated,0,2026-02-28T01:22:13.618648055Z
,simulated,0,2026-02-28T01:22:32.571263702Z
,simulated,0,2026-02-28T01:22:38.364955691Z
,simulated,0,2026-02-28T01:23:13.636660432Z
,simulated,0,2026-02-28T01:23:32.57982297Z
,simulated,0,2026-02-28T01:23:38.364746045Z
,simulated,0,2026-02-28T01:24:13.656704192Z
,simulated,0,2026-02-28T01:24:32.589132776Z
,simulated,0,2026-02-28T01:24:38.369412417Z
,simulated,0,2026-02-28T01:25:13.691292179Z
,simulated,0,2026-02-28T01:25:32.597840861Z
,simulated,0,2026-02-28T01:25:38.371848031Z
,simulated,0,2026-02-28T01:26:13.695893828Z
,simulated,0,2026-02-28T01:26:32.604088257Z
,simulated,0,2026-02-28T01:26:38.377986345Z
,simulated,0,2026-02-28T01:27:13.716768532Z
,simulated,0,2026-02-28T01:27:32.612321392Z
,simulated,0,2026-02-28T01:27:38.380974002Z
,simulated,0,2026-02-28T01:28:13.733919588Z
,simulated,0,2026-02-28T01:28:32.621696692Z
,simulated,0,2026-02-28T01:28:38.384717365Z
,simulated,0,2026-02-28T01:29:13.746345336Z
,simulated,0,2026-02-28T01:29:32.630512123Z
,simulated,0,2026-02-28T01:29:38.387826206Z
,simulated,0,2026-02-28T01:30:13.769082578Z
,simulated,0,2026-02-28T01:30:32.636323854Z
,simulated,0,2026-02-28T01:30:38.392584367Z
,simulated,0,2026-02-28T01:31:13.785778661Z
,simulated,0,2026-02-28T01:31:32.645173565Z
,simulated,0,2026-02-28T01:31:38.397870201Z
,simulated,0,2026-02-28T01:32:13.804494334Z
,simulated,0,2026-02-28T01:32:32.654140693Z
,simulated,0,2026-02-28T01:32:38.400345199Z
,simulated,0,2026-02-28T01:33:13.824252319Z
,simulated,0,2026-02-28T01:33:32.660123032Z
,simulated,0,2026-02-28T01:33:38.404612989Z
,simulated,0,2026-02-28T01:34:13.841096242Z
,simulated,0,2026-02-28T01:34:32.669688799Z
,simulated,0,2026-02-28T01:34:38.412611288Z
,simulated,0,2026-02-28T01:35:13.860743826Z
,simulated,0,2026-02-28T01:35:32.676600343Z
,simulated,0,2026-02-28T01:35:38.417604758Z
,simulated,0,2026-02-28T01:36:13.879709082Z
,simulated,0,2026-02-28T01:36:32.685033157Z
,simulated,0,2026-02-28T01:36:38.420081723Z
,simulated,0,2026-02-28T01:37:13.901504287Z
,simulated,0,2026-02-28T01:37:32.69269422Z
,simulated,0,2026-02-28T01:37:38.425243463Z
,simulated,0,2026-02-28T01:38:13.920847117Z
,simulated,0,2026-02-28T01:38:32.700916523Z
,simulated,0,2026-02-28T01:38:38.425530581Z
,simulated,0,2026-02-28T01:39:13.955670856Z
,simulated,0,2026-02-28T01:39:32.703190241Z
,simulated,0,2026-02-28T01:39:38.427093819Z
,simulated,0,2026-02-28T01:40:13.953957949Z
,simulated,0,2026-02-28T01:40:32.708470348Z
,simulated,0,2026-02-28T01:40:38.444748424Z
,simulated,0,2026-02-28T01:41:13.973951226Z
,simulated,0,2026-02-28T01:41:32.717059076Z
,simulated,0,2026-02-28T01:41:38.437916403Z
,simulated,0,2026-02-28T01:42:13.998023071Z
,simulated,0,2026-02-28T01:42:32.72470528Z
,simulated,0,2026-02-28T01:42:38.443924848Z
,simulated,0,2026-02-28T01:43:14.007863049Z
,simulated,0,2026-02-28T01:43:32.732829222Z
,simulated,0,2026-02-28T01:43:38.448295815Z
,simulated,0,2026-02-28T01:44:14.030601497Z
,simulated,0,2026-02-28T01:44:32.740799578Z
,simulated,0,2026-02-28T01:44:38.457264695Z
,simulated,0,2026-02-28T01:45:14.040701348Z
,simulated,0,2026-02-28T01:45:32.749867917Z
,simulated,0,2026-02-28T01:45:38.459233211Z
,simulated,0,2026-02-28T01:46:14.061380992Z
,simulated,0,2026-02-28T01:46:32.756245445Z
,simulated,0,2026-02-28T01:46:38.460729679Z
,simulated,0,2026-02-28T01:47:14.074439279Z
,simulated,0,2026-02-28T01:47:32.763797792Z
,simulated,0,2026-02-28T01:47:38.466854071Z
,simulated,0,2026-02-28T01:48:14.08994528Z
,simulated,0,2026-02-28T01:48:32.770512507Z
,simulated,0,2026-02-28T01:48:38.469154307Z
,simulated,0,2026-02-28T01:49:14.102110569Z
,simulated,0,2026-02-28T01:49:32.77757735Z
,simulated,0,2026-02-28T01:49:38.475763253Z
,simulated,0,2026-02-28T01:50:14.114995326Z
,simulated,0,2026-02-28T01:50:32.784466567Z
,simulated,0,2026-02-28T01:50:38.477539119Z
,simulated,0,2026-02-28T01:51:14.130946004Z
,simulated,0,2026-02-28T01:51:32.788700606Z
,simulated,0,2026-02-28T01:51:38.4812853Z
,simulated,0,2026-02-28T01:52:14.145753351Z
,simulated,0,2026-02-28T01:52:32.792821929Z
,simulated,0,2026-02-28T01:52:38.48377873Z
,simulated,0,2026-02-28T01:53:14.156521479Z
,simulated,0,2026-02-28T01:53:32.799443506Z
,simulated,0,2026-02-28T01:53:38.490004466Z
,simulated,0,2026-02-28T01:54:14.174783141Z
,simulated,0,2026-02-28T01:54:32.807152219Z
,simulated,0,2026-02-28T01:54:38.493208879Z
,simulated,0,2026-02-28T01:55:14.237323286Z
,simulated,0,2026-02-28T01:55:32.804037923Z
,simulated,0,2026-02-28T01:55:38.495270951Z
,simulated,0,2026-02-28T01:56:14.20852112Z
,simulated,0,2026-02-28T01:56:32.808719276Z
,simulated,0,2026-02-28T01:56:38.501453273Z
,simulated,0,2026-02-28T01:57:14.227578072Z
,simulated,0,2026-02-28T01:57:32.811696165Z
,simulated,0,2026-02-28T01:57:38.512022622Z
,simulated,0,2026-02-28T01:58:14.243894413Z
,simulated,0,2026-02-28T01:58:32.816660921Z
,simulated,0,2026-02-28T01:58:38.508513891Z
,simulated,0,2026-02-28T01:59:14.275324263Z
,simulated,0,2026-02-28T01:59:32.824908769Z
,simulated,0,2026-02-28T01:59:38.512188024Z
,simulated,0,2026-02-28T02:00:14.2719493Z
,simulated,0,2026-02-28T02:00:32.825137668Z
,simulated,0,2026-02-28T02:00:38.516137558Z
,simulated,0,2026-02-28T02:01:14.29532108Z
,simulated,0,2026-02-28T02:01:32.829549177Z
,simulated,0,2026-02-28T02:01:38.521378677Z
,simulated,0,2026-02-28T02:02:14.306708971Z
,simulated,0,2026-02-28T02:02:32.839910216Z
,simulated,0,2026-02-28T02:02:38.52167326Z
,simulated,0,2026-02-28T02:03:14.325677718Z
,simulated,0,2026-02-28T02:03:32.838394937Z
,simulated,0,2026-02-28T02:03:38.525199459Z
,simulated,0,2026-02-28T02:04:14.368387971Z
,simulated,0,2026-02-28T02:04:32.841390856Z
,simulated,0,2026-02-28T02:04:38.528631686Z
,simulated,0,2026-02-28T02:05:14.354517317Z
,simulated,0,2026-02-28T02:05:32.851677329Z
,simulated,0,2026-02-28T02:05:38.532822591Z
,simulated,0,2026-02-28T02:06:14.371439599Z
,simulated,0,2026-02-28T02:06:32.851413194Z
,simulated,0,2026-02-28T02:06:38.536286319Z
,simulated,0,2026-02-28T02:07:14.389930707Z
,simulated,0,2026-02-28T02:07:32.853628535Z
,simulated,0,2026-02-28T02:07:38.543297107Z
,simulated,0,2026-02-28T02:08:14.400127185Z
,simulated,0,2026-02-28T02:08:32.858614495Z
,simulated,0,2026-02-28T02:08:38.54943396Z
,simulated,0,2026-02-28T02:09:14.415262879Z
,simulated,0,2026-02-28T02:09:32.861779669Z
,simulated,0,2026-02-28T02:09:38.554872479Z
,simulated,0,2026-02-28T02:10:14.422669595Z
,simulated,0,2026-02-28T02:10:32.865840192Z
,simulated,0,2026-02-28T02:10:38.557524159Z
,simulated,0,2026-02-28T02:11:14.436416984Z
,simulated,0,2026-02-28T02:11:32.869930849Z
,simulated,0,2026-02-28T02:11:38.561662887Z
,simulated,0,2026-02-28T02:12:14.453868058Z
,simulated,0,2026-02-28T02:12:32.874400321Z
,simulated,0,2026-02-28T02:12:38.566163783Z
,simulated,0,2026-02-28T02:13:14.469103482Z
,simulated,0,2026-02-28T02:13:32.878688Z
,simulated,0,2026-02-28T02:13:38.567230959Z
,simulated,0,2026-02-28T02:14:14.486074612Z
,simulated,0,2026-02-28T02:14:32.881410763Z
,simulated,0,2026-02-28T02:14:38.572679551Z
,simulated,0,2026-02-28T02:15:14.514484822Z
,simulated,0,2026-02-28T02:15:32.884630806Z
,simulated,0,2026-02-28T02:15:38.5760298Z
,simulated,0,2026-02-28T02:16:14.519261712Z
,simulated,0,2026-02-28T02:16:32.888410758Z
,simulated,0,2026-02-28T02:16:38.584208807Z
,simulated,0,2026-02-28T02:17:14.533786267Z
,simulated,0,2026-02-28T02:17:32.892730109Z
,simulated,0,2026-02-28T02:17:38.589807761Z
,simulated,0,2026-02-28T02:18:14.548527775Z
,simulated,0,2026-02-28T02:18:32.897713697Z
,simulated,0,2026-02-28T02:18:38.592656592Z
,simulated,0,2026-02-28T02:19:14.564179963Z
,simulated,0,2026-02-28T02:19:32.900836333Z
,simulated,0,2026-02-28T02:19:38.598636427Z
,simulated,0,2026-02-28T02:20:14.572855707Z
,simulated,0,2026-02-28T02:20:32.904879618Z
,simulated,0,2026-02-28T02:20:38.606368812Z
,simulated,0,2026-02-28T02:21:14.5893123Z
,simulated,0,2026-02-28T02:21:32.909863333Z
,simulated,0,2026-02-28T02:21:38.6094035Z
,simulated,0,2026-02-28T02:22:14.605419312Z
,simulated,0,2026-02-28T02:22:32.912859496Z
,simulated,0,2026-02-28T02:22:38.613131774Z
,simulated,0,2026-02-28T02:23:14.621511108Z
,simulated,0,2026-02-28T02:23:32.916871863Z
,simulated,0,2026-02-28T02:23:38.617858295Z
,simulated,0,2026-02-28T02:24:14.629304259Z
,simulated,0,2026-02-28T02:24:32.921218275Z
,simulated,0,2026-02-28T02:24:38.620703645Z
,simulated,0,2026-02-28T02:25:14.643854779Z
,simulated,0,2026-02-28T02:25:32.924262559Z
,simulated,0,2026-02-28T02:25:38.624364661Z
,simulated,0,2026-02-28T02:26:14.655705554Z
,simulated,0,2026-02-28T02:26:32.92486596Z
,simulated,0,2026-02-28T02:26:38.629475226Z
,simulated,0,2026-02-28T02:27:14.666856385Z
,simulated,0,2026-02-28T02:27:32.928553736Z
,simulated,0,2026-02-28T02:27:38.635117451Z
,simulated,0,2026-02-28T02:28:14.676816959Z
,simulated,0,2026-02-28T02:28:32.928890061Z
,simulated,0,2026-02-28T02:28:38.636758536Z
,simulated,0,2026-02-28T02:29:14.689598722Z
,simulated,0,2026-02-28T02:29:32.931580872Z
,simulated,0,2026-02-28T02:29:38.6421249Z
,simulated,0,2026-02-28T02:30:14.701874511Z
,simulated,0,2026-02-28T02:30:32.933385201Z
,simulated,0,2026-02-28T02:30:38.645261854Z
,simulated,0,2026-02-28T02:31:14.712332816Z
,simulated,0,2026-02-28T02:31:32.937077517Z
,simulated,0,2026-02-28T02:31:38.648812959Z
,simulated,0,2026-02-28T02:32:14.727685341Z
,simulated,0,2026-02-28T02:32:32.937282295Z
,simulated,0,2026-02-28T02:32:38.656178875Z
,simulated,0,2026-02-28T02:33:14.736776801Z
,simulated,0,2026-02-28T02:33:32.940464333Z
,simulated,0,2026-02-28T02:33:38.658311578Z
,simulated,0,2026-02-28T02:34:14.748282838Z
,simulated,0,2026-02-28T02:34:32.941672849Z
,simulated,0,2026-02-28T02:34:38.661897362Z
,simulated,0,2026-02-28T02:35:14.761150302Z
,simulated,0,2026-02-28T02:35:32.945104822Z
,simulated,0,2026-02-28T02:35:38.668271788Z
,simulated,0,2026-02-28T02:36:14.775221371Z
,simulated,0,2026-02-28T02:36:32.946533844Z
,simulated,0,2026-02-28T02:36:38.67340188Z
,simulated,0,2026-02-28T02:37:14.789601785Z
,simulated,0,2026-02-28T02:37:32.948240275Z
,simulated,0,2026-02-28T02:37:38.677113633Z
,simulated,0,2026-02-28T02:38:14.796778528Z
,simulated,0,2026-02-28T02:38:32.949018758Z
,simulated,0,2026-02-28T02:38:38.68120588Z
,simulated,0,2026-02-28T02:39:14.810599692Z
,simulated,0,2026-02-28T02:39:32.951437672Z
,simulated,0,2026-02-28T02:39:38.685711331Z
,simulated,0,2026-02-28T02:40:14.822362066Z
,simulated,0,2026-02-28T02:40:32.953424762Z
,simulated,0,2026-02-28T02:40:38.689255093Z
,simulated,0,2026-02-28T02:41:14.831481792Z
,simulated,0,2026-02-28T02:41:32.95488195Z
,simulated,0,2026-02-28T02:41:38.694939929Z
,simulated,0,2026-02-28T02:42:14.84039144Z
,simulated,0,2026-02-28T02:42:32.957356791Z
,simulated,0,2026-02-28T02:42:38.697335915Z
,simulated,0,2026-02-28T02:43:14.847620493Z
,simulated,0,2026-02-28T02:43:32.957503615Z
,simulated,0,2026-02-28T02:43:38.701509895Z
,simulated,0,2026-02-28T02:44:14.860681869Z
,simulated,0,2026-02-28T02:44:32.95977045Z
,simulated,0,2026-02-28T02:44:38.704932187Z
,simulated,0,2026-02-28T02:45:14.870504749Z
,simulated,0,2026-02-28T02:45:32.962799871Z
,simulated,0,2026-02-28T02:45:38.710958711Z
,simulated,0,2026-02-28T02:46:14.881474675Z
,simulated,0,2026-02-28T02:46:32.960909038Z
,simulated,0,2026-02-28T02:46:38.714038936Z
,simulated,0,2026-02-28T02:47:14.894180387Z
,simulated,0,2026-02-28T02:47:32.963365447Z
,simulated,0,2026-02-28T02:47:38.717588466Z
,simulated,0,2026-02-28T02:48:14.906024298Z
,simulated,0,2026-02-28T02:48:32.964260467Z
,simulated,0,2026-02-28T02:48:38.722559823Z
,simulated,0,2026-02-28T02:49:14.916842011Z
,simulated,0,2026-02-28T02:49:32.967477574Z
,simulated,0,2026-02-28T02:49:38.725697688Z
,simulated,0,2026-02-28T02:50:14.928186505Z
,simulated,0,2026-02-28T02:50:32.96397495Z
,simulated,0,2026-02-28T02:50:38.732270104Z
,simulated,0,2026-02-28T02:51:14.94095319Z
,simulated,0,2026-02-28T02:51:32.964067675Z
,simulated,0,2026-02-28T02:51:38.736502939Z
,simulated,0,2026-02-28T02:52:14.941043756Z
,simulated,0,2026-02-28T02:52:32.962900891Z
,simulated,0,2026-02-28T02:52:38.741213248Z
,simulated,0,2026-02-28T02:53:14.952605243Z
,simulated,0,2026-02-28T02:53:32.962079544Z
,simulated,0,2026-02-28T02:53:38.7445349Z
,simulated,0,2026-02-28T02:54:14.967156455Z
,simulated,0,2026-02-28T02:54:33.021623386Z
,simulated,0,2026-02-28T02:54:38.750622716Z
,simulated,0,2026-02-28T02:55:14.977267069Z
,simulated,0,2026-02-28T02:55:32.977328462Z
,simulated,0,2026-02-28T02:55:38.758040491Z
,simulated,0,2026-02-28T02:56:14.985020929Z
,simulated,0,2026-02-28T02:56:32.993093452Z
,simulated,0,2026-02-28T02:56:38.756932921Z
,simulated,0,2026-02-28T02:57:14.990775893Z
,simulated,0,2026-02-28T02:57:33.009720978Z
,simulated,0,2026-02-28T02:57:38.762299925Z
,simulated,0,2026-02-28T02:58:15.000613068Z
,simulated,0,2026-02-28T02:58:33.024875598Z
,simulated,0,2026-02-28T02:58:38.767252884Z
,simulated,0,2026-02-28T02:59:15.016199967Z
,simulated,0,2026-02-28T02:59:33.041085546Z
,simulated,0,2026-02-28T02:59:38.768994439Z
,simulated,0,2026-02-28T03:00:15.022529559Z
,simulated,0,2026-02-28T03:00:33.058106103Z
,simulated,0,2026-02-28T03:00:38.773049032Z
,simulated,0,2026-02-28T03:01:15.029014473Z
,simulated,0,2026-02-28T03:01:33.073456685Z
,simulated,0,2026-02-28T03:01:38.776784452Z
,simulated,0,2026-02-28T03:02:15.04079568Z
,simulated,0,2026-02-28T03:02:33.09027218Z
,simulated,0,2026-02-28T03:02:38.780205325Z
,simulated,0,2026-02-28T03:03:15.04462861Z
,simulated,0,2026-02-28T03:03:33.106335709Z
,simulated,0,2026-02-28T03:03:38.782447693Z
,simulated,0,2026-02-28T03:04:15.06088041Z
,simulated,0,2026-02-28T03:04:33.12099356Z
,simulated,0,2026-02-28T03:04:38.784371792Z
,simulated,0,2026-02-28T03:05:15.062593794Z
,simulated,0,2026-02-28T03:05:33.137627976Z
,simulated,0,2026-02-28T03:05:38.790022122Z
,simulated,0,2026-02-28T03:06:15.069204317Z
,simulated,0,2026-02-28T03:06:33.153580688Z
,simulated,0,2026-02-28T03:06:38.793207151Z
,simulated,0,2026-02-28T03:07:15.073426829Z
,simulated,0,2026-02-28T03:07:33.169658293Z
,simulated,0,2026-02-28T03:07:38.798559129Z
,simulated,0,2026-02-28T03:08:15.080364184Z
,simulated,0,2026-02-28T03:08:33.18842607Z
,simulated,0,2026-02-28T03:08:38.800029531Z
,simulated,0,2026-02-28T03:09:15.093118541Z
,simulated,0,2026-02-28T03:09:33.205268739Z
,simulated,0,2026-02-28T03:09:38.803870284Z
,simulated,0,2026-02-28T03:10:15.100846244Z
,simulated,0,2026-02-28T03:10:33.219993969Z
,simulated,0,2026-02-28T03:10:38.804790104Z
,simulated,0,2026-02-28T03:11:15.109385789Z
,simulated,0,2026-02-28T03:11:33.236141613Z
,simulated,0,2026-02-28T03:11:38.804583988Z
,simulated,0,2026-02-28T03:12:15.108780323Z
,simulated,0,2026-02-28T03:12:33.25906536Z
,simulated,0,2026-02-28T03:12:38.808705908Z
,simulated,0,2026-02-28T03:13:15.117939865Z
,simulated,0,2026-02-28T03:13:33.268658542Z
,simulated,0,2026-02-28T03:13:38.813115152Z
,simulated,0,2026-02-28T03:14:15.127810152Z
,simulated,0,2026-02-28T03:14:33.285783896Z
,simulated,0,2026-02-28T03:14:38.817101079Z
,simulated,0,2026-02-28T03:15:15.134549471Z
,simulated,0,2026-02-28T03:15:33.301287884Z
,simulated,0,2026-02-28T03:15:38.816976435Z
,simulated,0,2026-02-28T03:16:15.1407354Z
,simulated,0,2026-02-28T03:16:33.316738394Z
,simulated,0,2026-02-28T03:16:38.820289465Z
,simulated,0,2026-02-28T03:17:15.151254727Z
,simulated,0,2026-02-28T03:17:33.33216379Z
,simulated,0,2026-02-28T03:17:38.823863554Z
,simulated,0,2026-02-28T03:18:15.157953881Z
,simulated,0,2026-02-28T03:18:33.350668974Z
,simulated,0,2026-02-28T03:18:38.82683424Z
,simulated,0,2026-02-28T03:19:15.165814533Z
,simulated,0,2026-02-28T03:19:33.365098596Z
,simulated,0,2026-02-28T03:19:38.82905484Z
,simulated,0,2026-02-28T03:20:15.174383946Z
,simulated,0,2026-02-28T03:20:33.381488367Z
,simulated,0,2026-02-28T03:20:38.834073723Z
,simulated,0,2026-02-28T03:21:15.180690264Z
,simulated,0,2026-02-28T03:21:33.403451918Z
,simulated,0,2026-02-28T03:21:38.832775197Z
,simulated,0,2026-02-28T03:22:15.189657781Z
,simulated,0,2026-02-28T03:22:33.417618635Z
,simulated,0,2026-02-28T03:22:38.836498204Z
,simulated,0,2026-02-28T03:23:15.196466969Z
,simulated,0,2026-02-28T03:23:33.430266893Z
,simulated,0,2026-02-28T03:23:38.836097657Z
,simulated,0,2026-02-28T03:24:15.208416109Z
,simulated,0,2026-02-28T03:24:33.440984495Z
,simulated,0,2026-02-28T03:24:38.838502088Z
,simulated,0,2026-02-28T03:25:15.212898625Z
,simulated,0,2026-02-28T03:25:33.457552326Z
,simulated,0,2026-02-28T03:25:38.841989044Z
,simulated,0,2026-02-28T03:26:15.221462915Z
,simulated,0,2026-02-28T03:26:33.473495541Z
,simulated,0,2026-02-28T03:26:38.840887541Z
,simulated,0,2026-02-28T03:27:15.225951808Z
,simulated,0,2026-02-28T03:27:33.489227012Z
,simulated,0,2026-02-28T03:27:38.843658706Z
,simulated,0,2026-02-28T03:28:15.232582184Z
,simulated,0,2026-02-28T03:28:33.504598582Z
,simulated,0,2026-02-28T03:28:38.849003699Z
,simulated,0,2026-02-28T03:29:15.238237076Z
,simulated,0,2026-02-28T03:29:33.520275013Z
,simulated,0,2026-02-28T03:29:38.849181798Z
,simulated,0,2026-02-28T03:30:15.245994137Z
,simulated,0,2026-02-28T03:30:33.537542987Z
,simulated,0,2026-02-28T03:30:38.850058033Z
,simulated,0,2026-02-28T03:31:15.252646963Z
,simulated,0,2026-02-28T03:31:33.553084932Z
,simulated,0,2026-02-28T03:31:38.850955694Z
,simulated,0,2026-02-28T03:32:15.263188113Z
,simulated,0,2026-02-28T03:32:33.568836803Z
,simulated,0,2026-02-28T03:32:38.85607114Z
,simulated,0,2026-02-28T03:33:15.275643259Z
,simulated,0,2026-02-28T03:33:33.583121624Z
,simulated,0,2026-02-28T03:33:38.855700817Z
,simulated,0,2026-02-28T03:34:15.278701071Z
,simulated,0,2026-02-28T03:34:33.600638415Z
,simulated,0,2026-02-28T03:34:38.857133726Z
,simulated,0,2026-02-28T03:35:15.281626984Z
,simulated,0,2026-02-28T03:35:33.617800046Z
,simulated,0,2026-02-28T03:35:38.859516054Z
,simulated,0,2026-02-28T03:36:15.284761196Z
,simulated,0,2026-02-28T03:36:33.630353932Z
,simulated,0,2026-02-28T03:36:38.859235694Z
,simulated,0,2026-02-28T03:37:15.289109209Z
,simulated,0,2026-02-28T03:37:33.64517355Z
,simulated,0,2026-02-28T03:37:38.856396214Z
,simulated,0,2026-02-28T03:38:15.298620837Z
,simulated,0,2026-02-28T03:38:33.651986111Z
,simulated,0,2026-02-28T03:38:38.858209464Z
,simulated,0,2026-02-28T03:39:15.304604581Z
,simulated,0,2026-02-28T03:39:33.67098757Z
,simulated,0,2026-02-28T03:39:38.858637957Z
,simulated,0,2026-02-28T03:40:15.308541232Z
,simulated,0,2026-02-28T03:40:33.683813513Z
,simulated,0,2026-02-28T03:40:38.86083428Z
,simulated,0,2026-02-28T03:41:15.312044995Z
,simulated,0,2026-02-28T03:41:33.704049848Z
,simulated,0,2026-02-28T03:41:38.861141706Z
,simulated,0,2026-02-28T03:42:15.316534402Z
,simulated,0,2026-02-28T03:42:33.716087981Z
,simulated,0,2026-02-28T03:42:38.861180833Z
,simulated,0,2026-02-28T03:43:15.320335993Z
,simulated,0,2026-02-28T03:43:33.732107289Z
,simulated,0,2026-02-28T03:43:38.859585648Z
,simulated,0,2026-02-28T03:44:15.322284749Z
,simulated,0,2026-02-28T03:44:33.751186879Z
,simulated,0,2026-02-28T03:44:38.860761653Z
,simulated,0,2026-02-28T03:45:15.324349071Z
,simulated,0,2026-02-28T03:45:33.76577864Z
,simulated,0,2026-02-28T03:45:38.861157803Z
,simulated,0,2026-02-28T03:46:15.330907309Z
,simulated,0,2026-02-28T03:46:33.779240071Z
,simulated,0,2026-02-28T03:46:38.94081188Z
,simulated,0,2026-02-28T03:47:15.334118182Z
,simulated,0,2026-02-28T03:47:33.797056516Z
,simulated,0,2026-02-28T03:47:38.864197596Z
,simulated,0,2026-02-28T03:48:15.338628392Z
,simulated,0,2026-02-28T03:48:33.814620911Z
,simulated,0,2026-02-28T03:48:38.868540958Z
,simulated,0,2026-02-28T03:49:15.344195613Z
,simulated,0,2026-02-28T03:49:33.833103208Z
,simulated,0,2026-02-28T03:49:38.877537412Z
,simulated,0,2026-02-28T03:50:15.349804814Z
,simulated,0,2026-02-28T03:50:33.849167978Z
,simulated,0,2026-02-28T03:50:38.877856272Z
,simulated,0,2026-02-28T03:51:15.356201486Z
,simulated,0,2026-02-28T03:51:33.874788144Z
,simulated,0,2026-02-28T03:51:38.881813008Z
,simulated,0,2026-02-28T03:52:15.359932038Z
,simulated,0,2026-02-28T03:52:33.875386814Z
,simulated,0,2026-02-28T03:52:38.886056831Z
,simulated,0,2026-02-28T03:53:15.367083148Z
,simulated,0,2026-02-28T03:53:33.89328314Z
,simulated,0,2026-02-28T03:53:38.888850023Z
,simulated,0,2026-02-28T03:54:15.372187651Z
,simulated,0,2026-02-28T03:54:33.907994627Z
,simulated,0,2026-02-28T03:54:38.891296229Z
,simulated,0,2026-02-28T03:55:15.374110748Z
,simulated,0,2026-02-28T03:55:33.925506631Z
,simulated,0,2026-02-28T03:55:38.891968902Z
,simulated,0,2026-02-28T03:56:15.376499458Z
,simulated,0,2026-02-28T03:56:33.940386017Z
,simulated,0,2026-02-28T03:56:38.89633354Z
,simulated,0,2026-02-28T03:57:15.379900757Z
,simulated,0,2026-02-28T03:57:33.956481924Z
,simulated,0,2026-02-28T03:57:38.901456926Z
,simulated,0,2026-02-28T03:58:15.385033405Z
,simulated,0,2026-02-28T03:58:33.976923774Z
,simulated,0,2026-02-28T03:58:38.905057374Z
,simulated,0,2026-02-28T03:59:15.389217391Z
,simulated,0,2026-02-28T03:59:33.989633301Z
,simulated,0,2026-02-28T03:59:38.908923954Z
,simulated,0,2026-02-28T04:00:15.394968559Z
,simulated,0,2026-02-28T04:00:33.992644275Z
,simulated,0,2026-02-28T04:00:38.912683893Z
,simulated,0,2026-02-28T04:01:15.397358108Z
,simulated,0,2026-02-28T04:01:34.00845766Z
,simulated,0,2026-02-28T04:01:38.917965305Z
,simulated,0,2026-02-28T04:02:15.400086623Z
,simulated,0,2026-02-28T04:02:34.024205734Z
,simulated,0,2026-02-28T04:02:38.9211604Z
,simulated,0,2026-02-28T04:03:15.404443391Z
,simulated,0,2026-02-28T04:03:34.035044679Z
,simulated,0,2026-02-28T04:03:38.923944967Z
,simulated,0,2026-02-28T04:04:15.408441971Z
,simulated,0,2026-02-28T04:04:34.051348653Z
,simulated,0,2026-02-28T04:04:38.928610801Z
,simulated,0,2026-02-28T04:05:15.413608824Z
,simulated,0,2026-02-28T04:05:34.0688236Z
,simulated,0,2026-02-28T04:05:38.932350116Z
,simulated,0,2026-02-28T04:06:15.417252899Z
,simulated,0,2026-02-28T04:06:34.08769169Z
,simulated,0,2026-02-28T04:06:38.937702289Z
,simulated,0,2026-02-28T04:07:15.426553663Z
,simulated,0,2026-02-28T04:07:34.101701746Z
,simulated,0,2026-02-28T04:07:38.944281119Z
,simulated,0,2026-02-28T04:08:15.454307498Z
,simulated,0,2026-02-28T04:08:34.117172553Z
,simulated,0,2026-02-28T04:08:38.944791792Z
,simulated,0,2026-02-28T04:09:15.428060364Z
,simulated,0,2026-02-28T04:09:34.141298918Z
,simulated,0,2026-02-28T04:09:38.947931097Z
,simulated,0,2026-02-28T04:10:15.434931954Z
,simulated,0,2026-02-28T04:10:34.149874574Z
,simulated,0,2026-02-28T04:10:38.955965275Z
,simulated,0,2026-02-28T04:11:15.437250736Z
,simulated,0,2026-02-28T04:11:34.165918631Z
,simulated,0,2026-02-28T04:11:38.957101082Z
,simulated,0,2026-02-28T04:12:15.44250316Z
,simulated,0,2026-02-28T04:12:34.185760984Z
,simulated,0,2026-02-28T04:12:38.960344123Z
,simulated,0,2026-02-28T04:13:15.445310455Z
,simulated,0,2026-02-28T04:13:34.203091094Z
,simulated,0,2026-02-28T04:13:38.96625685Z
,simulated,0,2026-02-28T04:14:15.449125806Z
,simulated,0,2026-02-28T04:14:34.216756682Z
,simulated,0,2026-02-28T04:14:38.969984726Z
,simulated,0,2026-02-28T04:15:15.452053349Z
,simulated,0,2026-02-28T04:15:34.233354219Z
,simulated,0,2026-02-28T04:15:38.977546062Z
,simulated,0,2026-02-28T04:16:15.456679184Z
,simulated,0,2026-02-28T04:16:34.242724517Z
,simulated,0,2026-02-28T04:16:38.976572591Z
,simulated,0,2026-02-28T04:17:15.461803786Z
,simulated,0,2026-02-28T04:17:34.260185469Z
,simulated,0,2026-02-28T04:17:38.980322458Z
,simulated,0,2026-02-28T04:18:15.483179522Z
,simulated,0,2026-02-28T04:18:34.272361065Z
,simulated,0,2026-02-28T04:18:38.984330066Z
,simulated,0,2026-02-28T04:19:15.464154129Z
,simulated,0,2026-02-28T04:19:34.287419868Z
,simulated,0,2026-02-28T04:19:38.986466085Z
,simulated,0,2026-02-28T04:20:15.467734402Z
,simulated,0,2026-02-28T04:20:34.30430644Z
,simulated,0,2026-02-28T04:20:38.994995427Z
,simulated,0,2026-02-28T04:21:15.468629782Z
,simulated,0,2026-02-28T04:21:34.319437771Z
,simulated,0,2026-02-28T04:21:38.997405747Z
,simulated,0,2026-02-28T04:22:15.471416939Z
,simulated,0,2026-02-28T04:22:34.336692379Z
,simulated,0,2026-02-28T04:22:39.001792197Z
,simulated,0,2026-02-28T04:23:15.477042699Z
,simulated,0,2026-02-28T04:23:34.353044007Z
,simulated,0,2026-02-28T04:23:39.003682747Z
,simulated,0,2026-02-28T04:24:15.481806734Z
,simulated,0,2026-02-28T04:24:34.355888322Z
,simulated,0,2026-02-28T04:24:39.007659457Z
,simulated,0,2026-02-28T04:25:15.614462293Z
,simulated,0,2026-02-28T04:25:34.374454751Z
,simulated,0,2026-02-28T04:25:39.01195945Z
,simulated,0,2026-02-28T04:26:15.48900647Z
,simulated,0,2026-02-28T04:26:34.380602424Z
,simulated,0,2026-02-28T04:26:39.01614718Z
,simulated,0,2026-02-28T04:27:15.484005477Z
,simulated,0,2026-02-28T04:27:34.395401446Z
,simulated,0,2026-02-28T04:27:39.020176246Z
,simulated,0,2026-02-28T04:28:15.487625504Z
,simulated,0,2026-02-28T04:28:34.41156758Z
,simulated,0,2026-02-28T04:28:39.023555694Z
,simulated,0,2026-02-28T04:29:15.487712374Z
,simulated,0,2026-02-28T04:29:34.428277927Z
,simulated,0,2026-02-28T04:29:39.027943197Z
,simulated,0,2026-02-28T04:30:15.492944281Z
,simulated,0,2026-02-28T04:30:34.435563192Z
,simulated,0,2026-02-28T04:30:39.031905084Z
,simulated,0,2026-02-28T04:31:15.49930299Z
,simulated,0,2026-02-28T04:31:34.451499958Z
,simulated,0,2026-02-28T04:31:39.033319086Z
,simulated,0,2026-02-28T04:32:15.494318832Z
,simulated,0,2026-02-28T04:32:34.470464765Z
,simulated,0,2026-02-28T04:32:39.039173171Z
,simulated,0,2026-02-28T04:33:15.496880879Z
,simulated,0,2026-02-28T04:33:34.487755864Z
,simulated,0,2026-02-28T04:33:39.03950333Z
,simulated,0,2026-02-28T04:34:15.497699116Z
,simulated,0,2026-02-28T04:34:34.504373458Z
,simulated,0,2026-02-28T04:34:39.043937575Z
,simulated,0,2026-02-28T04:35:15.500015153Z
,simulated,0,2026-02-28T04:35:34.520741801Z
,simulated,0,2026-02-28T04:35:39.047468341Z
,simulated,0,2026-02-28T04:36:15.502468483Z
,simulated,0,2026-02-28T04:36:34.535357429Z
,simulated,0,2026-02-28T04:36:39.054944373Z
,simulated,0,2026-02-28T04:37:15.503802453Z
,simulated,0,2026-02-28T04:37:34.554136194Z
,simulated,0,2026-02-28T04:37:39.056491259Z
,simulated,0,2026-02-28T04:38:15.504015595Z
,simulated,0,2026-02-28T04:38:34.574331163Z
,simulated,0,2026-02-28T04:38:39.062831859Z
,simulated,0,2026-02-28T04:39:15.510449912Z
,simulated,0,2026-02-28T04:39:34.587308239Z
,simulated,0,2026-02-28T04:39:39.06393941Z
,simulated,0,2026-02-28T04:40:15.51038487Z
,simulated,0,2026-02-28T04:40:34.588748798Z
,simulated,0,2026-02-28T04:40:39.069146432Z
,simulated,0,2026-02-28T04:41:15.510238473Z
,simulated,0,2026-02-28T04:41:34.608680554Z
,simulated,0,2026-02-28T04:41:39.072433033Z
,simulated,0,2026-02-28T04:42:15.511575978Z
,simulated,0,2026-02-28T04:42:34.624199184Z
,simulated,0,2026-02-28T04:42:39.075743804Z
,simulated,0,2026-02-28T04:43:15.511685561Z
,simulated,0,2026-02-28T04:43:34.640497846Z
,simulated,0,2026-02-28T04:43:39.079885599Z
,simulated,0,2026-02-28T04:44:15.51436936Z
,simulated,0,2026-02-28T04:44:34.661169529Z
,simulated,0,2026-02-28T04:44:39.083130739Z
,simulated,0,2026-02-28T04:45:15.513876616Z
,simulated,0,2026-02-28T04:45:34.679314054Z
,simulated,0,2026-02-28T04:45:39.088353073Z
,simulated,0,2026-02-28T04:46:15.515698864Z
,simulated,0,2026-02-28T04:46:34.688064981Z
,simulated,0,2026-02-28T04:46:39.091635652Z
,simulated,0,2026-02-28T04:47:15.51558243Z
,simulated,0,2026-02-28T04:47:34.703863342Z
,simulated,0,2026-02-28T04:47:39.096074671Z
,simulated,0,2026-02-28T04:48:15.51718035Z
,simulated,0,2026-02-28T04:48:34.723782415Z
,simulated,0,2026-02-28T04:48:39.099635836Z
,simulated,0,2026-02-28T04:49:15.519670561Z
,simulated,0,2026-02-28T04:49:34.73529175Z
,simulated,0,2026-02-28T04:49:39.105434966Z
,simulated,0,2026-02-28T04:50:15.520027965Z
,simulated,0,2026-02-28T04:50:34.754649708Z
,simulated,0,2026-02-28T04:50:39.105659281Z
,simulated,0,2026-02-28T04:51:15.520716516Z
,simulated,0,2026-02-28T04:51:34.768359007Z
,simulated,0,2026-02-28T04:51:39.108363493Z
,simulated,0,2026-02-28T04:52:15.521345114Z
,simulated,0,2026-02-28T04:52:34.785190267Z
,simulated,0,2026-02-28T04:52:39.115683188Z
,simulated,0,2026-02-28T04:53:15.521750161Z
,simulated,0,2026-02-28T04:53:34.80390077Z
,simulated,0,2026-02-28T04:53:39.116539878Z
,simulated,0,2026-02-28T04:54:15.522086002Z
,simulated,0,2026-02-28T04:54:34.823199811Z
,simulated,0,2026-02-28T04:54:39.121212475Z
,simulated,0,2026-02-28T04:55:15.522769504Z
,simulated,0,2026-02-28T04:55:34.841337762Z
,simulated,0,2026-02-28T04:55:39.123628562Z
,simulated,0,2026-02-28T04:56:15.522412043Z
,simulated,0,2026-02-28T04:56:34.857935866Z
,simulated,0,2026-02-28T04:56:39.1290706Z
,simulated,0,2026-02-28T04:57:15.521597003Z
,simulated,0,2026-02-28T04:57:34.877262571Z
,simulated,0,2026-02-28T04:57:39.133067258Z
,simulated,0,2026-02-28T04:58:15.523019313Z
,simulated,0,2026-02-28T04:58:34.896043379Z
,simulated,0,2026-02-28T04:58:39.136140988Z
,simulated,0,2026-02-28T04:59:15.522401113Z
,simulated,0,2026-02-28T04:59:34.914142103Z
,simulated,0,2026-02-28T04:59:39.139697785Z
,simulated,0,2026-02-28T05:00:15.553520166Z
,simulated,0,2026-02-28T05:00:34.932134369Z
,simulated,0,2026-02-28T05:00:39.144773817Z
,simulated,0,2026-02-28T05:01:15.580268362Z
,simulated,0,2026-02-28T05:01:34.949093187Z
,simulated,0,2026-02-28T05:01:39.145004336Z
,simulated,0,2026-02-28T05:02:15.609556583Z
,simulated,0,2026-02-28T05:02:34.965086355Z
,simulated,0,2026-02-28T05:02:39.149384294Z
,simulated,0,2026-02-28T05:03:15.637959089Z
,simulated,0,2026-02-28T05:03:34.981088571Z
,simulated,0,2026-02-28T05:03:39.152499823Z
,simulated,0,2026-02-28T05:04:15.664212058Z
,simulated,0,2026-02-28T05:04:34.997301464Z
,simulated,0,2026-02-28T05:04:39.157212438Z
,simulated,0,2026-02-28T05:05:15.693319581Z
,simulated,0,2026-02-28T05:05:35.007704498Z
,simulated,0,2026-02-28T05:05:39.1637938Z
,simulated,0,2026-02-28T05:06:15.720184254Z
,simulated,0,2026-02-28T05:06:35.019834331Z
,simulated,0,2026-02-28T05:06:39.165463324Z
,simulated,0,2026-02-28T05:07:15.747962239Z
,simulated,0,2026-02-28T05:07:35.039306568Z
,simulated,0,2026-02-28T05:07:39.168335289Z
,simulated,0,2026-02-28T05:08:15.776756814Z
,simulated,0,2026-02-28T05:08:35.066881345Z
,simulated,0,2026-02-28T05:08:39.173084751Z
,simulated,0,2026-02-28T05:09:15.804651637Z
,simulated,0,2026-02-28T05:09:35.073651283Z
,simulated,0,2026-02-28T05:09:39.176886081Z
,simulated,0,2026-02-28T05:10:15.835896362Z
,simulated,0,2026-02-28T05:10:35.099856264Z
,simulated,0,2026-02-28T05:10:39.18296853Z
,simulated,0,2026-02-28T05:11:15.862972511Z
,simulated,0,2026-02-28T05:11:35.104105659Z
,simulated,0,2026-02-28T05:11:39.183457366Z
,simulated,0,2026-02-28T05:12:15.864927331Z
,simulated,0,2026-02-28T05:12:35.122833491Z
,simulated,0,2026-02-28T05:12:39.188836197Z
,simulated,0,2026-02-28T05:13:15.892778481Z
,simulated,0,2026-02-28T05:13:35.142919961Z
,simulated,0,2026-02-28T05:13:39.192918861Z
,simulated,0,2026-02-28T05:14:15.920105255Z
,simulated,0,2026-02-28T05:14:35.156385337Z
,simulated,0,2026-02-28T05:14:39.196291559Z
,simulated,0,2026-02-28T05:15:15.948675121Z
,simulated,0,2026-02-28T05:15:35.17230728Z
,simulated,0,2026-02-28T05:15:39.201026565Z
,simulated,0,2026-02-28T05:16:15.980948199Z
,simulated,0,2026-02-28T05:16:35.188697308Z
,simulated,0,2026-02-28T05:16:39.204170818Z
,simulated,0,2026-02-28T05:17:16.002040204Z
,simulated,0,2026-02-28T05:17:35.20107996Z
,simulated,0,2026-02-28T05:17:39.207913504Z
,simulated,0,2026-02-28T05:18:16.028574436Z
,simulated,0,2026-02-28T05:18:35.214697859Z
,simulated,0,2026-02-28T05:18:39.212082932Z
,simulated,0,2026-02-28T05:19:16.058995776Z
,simulated,0,2026-02-28T05:19:35.228055345Z
,simulated,0,2026-02-28T05:19:39.216267136Z
,simulated,0,2026-02-28T05:20:16.086013759Z
,simulated,0,2026-02-28T05:20:35.245005366Z
,simulated,0,2026-02-28T05:20:39.220034625Z
,simulated,0,2026-02-28T05:21:16.112312932Z
,simulated,0,2026-02-28T05:21:35.261771036Z
,simulated,0,2026-02-28T05:21:39.223921212Z
,simulated,0,2026-02-28T05:22:16.140873588Z
,simulated,0,2026-02-28T05:22:35.276144378Z
,simulated,0,2026-02-28T05:22:39.228509562Z
,simulated,0,2026-02-28T05:23:16.170333187Z
,simulated,0,2026-02-28T05:23:35.290901349Z
,simulated,0,2026-02-28T05:23:39.23311265Z
,simulated,0,2026-02-28T05:24:16.20065246Z
,simulated,0,2026-02-28T05:24:35.308514941Z
,simulated,0,2026-02-28T05:24:39.236313824Z
,simulated,0,2026-02-28T05:25:16.226375077Z
,simulated,0,2026-02-28T05:25:35.321447411Z
,simulated,0,2026-02-28T05:25:39.240948656Z
,simulated,0,2026-02-28T05:26:16.253869848Z
,simulated,0,2026-02-28T05:26:35.337501457Z
,simulated,0,2026-02-28T05:26:39.24516015Z
,simulated,0,2026-02-28T05:27:16.283431759Z
,simulated,0,2026-02-28T05:27:35.35696805Z
,simulated,0,2026-02-28T05:27:39.250380568Z
,simulated,0,2026-02-28T05:28:16.316430909Z
,simulated,0,2026-02-28T05:28:35.370301452Z
,simulated,0,2026-02-28T05:28:39.253985167Z
,simulated,0,2026-02-28T05:29:16.339888069Z
,simulated,0,2026-02-28T05:29:35.371386722Z
,simulated,0,2026-02-28T05:29:39.258480641Z
,simulated,0,2026-02-28T05:30:16.363252736Z
,simulated,0,2026-02-28T05:30:35.384217707Z
,simulated,0,2026-02-28T05:30:39.260154423Z
,simulated,0,2026-02-28T05:31:16.388380545Z
,simulated,0,2026-02-28T05:31:35.402307667Z
,simulated,0,2026-02-28T05:31:39.263968237Z
,simulated,0,2026-02-28T05:32:16.412493198Z
,simulated,0,2026-02-28T05:32:35.416103199Z
,simulated,0,2026-02-28T05:32:39.268285209Z
,simulated,0,2026-02-28T05:33:16.44181295Z
,simulated,0,2026-02-28T05:33:35.427046083Z
,simulated,0,2026-02-28T05:33:39.27225697Z
,simulated,0,2026-02-28T05:34:16.47911319Z
,simulated,0,2026-02-28T05:34:35.440321865Z
,simulated,0,2026-02-28T05:34:39.275418063Z
,simulated,0,2026-02-28T05:35:16.493327524Z
,simulated,0,2026-02-28T05:35:35.459955227Z
,simulated,0,2026-02-28T05:35:39.275837265Z
,simulated,0,2026-02-28T05:36:16.493530033Z
,simulated,0,2026-02-28T05:36:35.472341984Z
,simulated,0,2026-02-28T05:36:39.280990728Z
,simulated,0,2026-02-28T05:37:16.520930383Z
,simulated,0,2026-02-28T05:37:35.478179551Z
,simulated,0,2026-02-28T05:37:39.285512485Z
,simulated,0,2026-02-28T05:38:16.545756083Z
,simulated,0,2026-02-28T05:38:35.486264804Z
,simulated,0,2026-02-28T05:38:39.288875409Z
,simulated,0,2026-02-28T05:39:16.576298415Z
,simulated,0,2026-02-28T05:39:35.49584985Z
,simulated,0,2026-02-28T05:39:39.292651041Z
,simulated,0,2026-02-28T05:40:16.598720681Z
,simulated,0,2026-02-28T05:40:35.508290736Z
,simulated,0,2026-02-28T05:40:39.297183958Z
,simulated,0,2026-02-28T05:41:16.626500137Z
,simulated,0,2026-02-28T05:41:35.520579853Z
,simulated,0,2026-02-28T05:41:39.299572547Z
,simulated,0,2026-02-28T05:42:16.636890993Z
,simulated,0,2026-02-28T05:42:35.53735008Z
,simulated,0,2026-02-28T05:42:39.301685577Z
,simulated,0,2026-02-28T05:43:16.672386995Z
,simulated,0,2026-02-28T05:43:35.549624216Z
,simulated,0,2026-02-28T05:43:39.305157557Z
,simulated,0,2026-02-28T05:44:16.69519684Z
,simulated,0,2026-02-28T05:44:35.553120694Z
,simulated,0,2026-02-28T05:44:39.308577803Z
,simulated,0,2026-02-28T05:45:16.707147086Z
,simulated,0,2026-02-28T05:45:35.565306874Z
,simulated,0,2026-02-28T05:45:39.317518163Z
,simulated,0,2026-02-28T05:46:16.734326298Z
,simulated,0,2026-02-28T05:46:35.57220065Z
,simulated,0,2026-02-28T05:46:39.317069432Z
,simulated,0,2026-02-28T05:47:16.757332524Z
,simulated,0,2026-02-28T05:47:35.584473749Z
,simulated,0,2026-02-28T05:47:39.320568399Z
,simulated,0,2026-02-28T05:48:16.767228707Z
,simulated,0,2026-02-28T05:48:35.584263625Z
,simulated,0,2026-02-28T05:48:39.332380361Z
,simulated,0,2026-02-28T05:49:16.799964092Z
,simulated,0,2026-02-28T05:49:35.594262385Z
,simulated,0,2026-02-28T05:49:39.328659546Z
,simulated,0,2026-02-28T05:50:16.822296005Z
,simulated,0,2026-02-28T05:50:35.605501962Z
,simulated,0,2026-02-28T05:50:39.335583915Z
,simulated,0,2026-02-28T05:51:16.842592259Z
,simulated,0,2026-02-28T05:51:35.61800329Z
,simulated,0,2026-02-28T05:51:39.33688004Z
,simulated,0,2026-02-28T05:52:16.871769338Z
,simulated,0,2026-02-28T05:52:35.629756132Z
,simulated,0,2026-02-28T05:52:39.342717615Z
,simulated,0,2026-02-28T05:53:16.895935125Z
,simulated,0,2026-02-28T05:53:35.646400553Z
,simulated,0,2026-02-28T05:53:39.34567981Z
,simulated,0,2026-02-28T05:54:16.918455305Z
,simulated,0,2026-02-28T05:54:35.648286879Z
,simulated,0,2026-02-28T05:54:39.348257512Z
,simulated,0,2026-02-28T05:55:16.939251322Z
,simulated,0,2026-02-28T05:55:35.664186805Z
,simulated,0,2026-02-28T05:55:39.352320107Z
,simulated,0,2026-02-28T05:56:16.963611018Z
,simulated,0,2026-02-28T05:56:35.670079456Z
,simulated,0,2026-02-28T05:56:39.35742786Z
,simulated,0,2026-02-28T05:57:16.987002858Z
,simulated,0,2026-02-28T05:57:35.686371122Z
,simulated,0,2026-02-28T05:57:39.361552448Z
,simulated,0,2026-02-28T05:58:17.006257052Z
,simulated,0,2026-02-28T05:58:35.690557127Z
,simulated,0,2026-02-28T05:58:39.364844012Z
,simulated,0,2026-02-28T05:59:17.032408751Z
,simulated,0,2026-02-28T05:59:35.709722361Z
,simulated,0,2026-02-28T05:59:39.368589158Z
,simulated,0,2026-02-28T06:00:17.053204563Z
,simulated,0,2026-02-28T06:00:35.715469809Z
,simulated,0,2026-02-28T06:00:39.373573817Z
,simulated,0,2026-02-28T06:01:17.078029414Z
,simulated,0,2026-02-28T06:01:35.730805662Z
,simulated,0,2026-02-28T06:01:39.376681512Z
,simulated,0,2026-02-28T06:02:17.103933491Z
,simulated,0,2026-02-28T06:02:35.743307964Z
,simulated,0,2026-02-28T06:02:39.381921388Z
,simulated,0,2026-02-28T06:03:17.128582003Z
,simulated,0,2026-02-28T06:03:35.754511609Z
,simulated,0,2026-02-28T06:03:39.385516874Z
,simulated,0,2026-02-28T06:04:17.156502224Z
,simulated,0,2026-02-28T06:04:35.769408995Z
,simulated,0,2026-02-28T06:04:39.390873Z
,simulated,0,2026-02-28T06:05:17.174114766Z
,simulated,0,2026-02-28T06:05:35.775856806Z
,simulated,0,2026-02-28T06:05:39.391432548Z
,simulated,0,2026-02-28T06:06:17.203959512Z
,simulated,0,2026-02-28T06:06:35.784835284Z
,simulated,0,2026-02-28T06:06:39.393087785Z
,simulated,0,2026-02-28T06:07:17.224501902Z
,simulated,0,2026-02-28T06:07:35.788337183Z
,simulated,0,2026-02-28T06:07:39.395750745Z
,simulated,0,2026-02-28T06:08:17.245245043Z
,simulated,0,2026-02-28T06:08:35.799915303Z
,simulated,0,2026-02-28T06:08:39.401458494Z
,simulated,0,2026-02-28T06:09:17.252007378Z
,simulated,0,2026-02-28T06:09:35.814204585Z
,simulated,0,2026-02-28T06:09:39.400328896Z
,simulated,0,2026-02-28T06:10:17.276584308Z
,simulated,0,2026-02-28T06:10:35.822622458Z
,simulated,0,2026-02-28T06:10:39.401298059Z
,simulated,0,2026-02-28T06:11:17.298028354Z
,simulated,0,2026-02-28T06:11:35.835570098Z
,simulated,0,2026-02-28T06:11:39.403781062Z
,simulated,0,2026-02-28T06:12:17.322214206Z
,simulated,0,2026-02-28T06:12:35.8467748Z
,simulated,0,2026-02-28T06:12:39.403988709Z
,simulated,0,2026-02-28T06:13:17.345223388Z
,simulated,0,2026-02-28T06:13:35.848970924Z
,simulated,0,2026-02-28T06:13:39.409062882Z
,simulated,0,2026-02-28T06:14:17.36242206Z
,simulated,0,2026-02-28T06:14:35.860824535Z
,simulated,0,2026-02-28T06:14:39.413717453Z
,simulated,0,2026-02-28T06:15:17.383935665Z
,simulated,0,2026-02-28T06:15:35.861569368Z
,simulated,0,2026-02-28T06:15:39.416999175Z
,simulated,0,2026-02-28T06:16:17.398181005Z
,simulated,0,2026-02-28T06:16:35.872028376Z
,simulated,0,2026-02-28T06:16:39.419760037Z
,simulated,0,2026-02-28T06:17:17.422597337Z
,simulated,0,2026-02-28T06:17:35.888702905Z
,simulated,0,2026-02-28T06:17:39.421419657Z
,simulated,0,2026-02-28T06:18:17.445893136Z
,simulated,0,2026-02-28T06:18:35.890404418Z
,simulated,0,2026-02-28T06:18:39.424287695Z
,simulated,0,2026-02-28T06:19:17.466449979Z
,simulated,0,2026-02-28T06:19:35.893756099Z
,simulated,0,2026-02-28T06:19:39.429626Z
,simulated,0,2026-02-28T06:20:17.489685693Z
,simulated,0,2026-02-28T06:20:35.901125533Z
,simulated,0,2026-02-28T06:20:39.432483301Z
,simulated,0,2026-02-28T06:21:17.510581257Z
,simulated,0,2026-02-28T06:21:35.914199869Z
,simulated,0,2026-02-28T06:21:39.434419612Z
,simulated,0,2026-02-28T06:22:17.51737207Z
,simulated,0,2026-02-28T06:22:35.927103841Z
,simulated,0,2026-02-28T06:22:39.43606878Z
,simulated,0,2026-02-28T06:23:17.523882672Z
,simulated,0,2026-02-28T06:23:35.934153167Z
,simulated,0,2026-02-28T06:23:39.444479373Z
,simulated,0,2026-02-28T06:24:17.556439321Z
,simulated,0,2026-02-28T06:24:35.946773811Z
,simulated,0,2026-02-28T06:24:39.443677578Z
,simulated,0,2026-02-28T06:25:17.55949036Z
,simulated,0,2026-02-28T06:25:35.958973563Z
,simulated,0,2026-02-28T06:25:39.445592775Z
,simulated,0,2026-02-28T06:26:17.580272017Z
,simulated,0,2026-02-28T06:26:35.965920389Z
,simulated,0,2026-02-28T06:26:39.448998072Z
,simulated,0,2026-02-28T06:27:17.585674441Z
,simulated,0,2026-02-28T06:27:35.978782169Z
,simulated,0,2026-02-28T06:27:39.44953617Z
,simulated,0,2026-02-28T06:28:17.603999346Z
,simulated,0,2026-02-28T06:28:35.986229182Z
,simulated,0,2026-02-28T06:28:39.451792309Z
,simulated,0,2026-02-28T06:29:17.626622377Z
,simulated,0,2026-02-28T06:29:35.997470762Z
,simulated,0,2026-02-28T06:29:39.451998334Z
,simulated,0,2026-02-28T06:30:17.629479222Z
,simulated,0,2026-02-28T06:30:36.004959366Z
,simulated,0,2026-02-28T06:30:39.45608371Z
,simulated,0,2026-02-28T06:31:17.632799389Z
,simulated,0,2026-02-28T06:31:36.016604686Z
,simulated,0,2026-02-28T06:31:39.460484497Z
,simulated,0,2026-02-28T06:32:17.64991017Z
,simulated,0,2026-02-28T06:32:36.026015975Z
,simulated,0,2026-02-28T06:32:39.460088312Z
,simulated,0,2026-02-28T06:33:17.653838016Z
,simulated,0,2026-02-28T06:33:36.032087919Z
,simulated,0,2026-02-28T06:33:39.461140795Z
,simulated,0,2026-02-28T06:34:17.673055113Z
,simulated,0,2026-02-28T06:34:36.033354856Z
,simulated,0,2026-02-28T06:34:39.466044386Z
,simulated,0,2026-02-28T06:35:17.676553986Z
,simulated,0,2026-02-28T06:35:36.046813175Z
,simulated,0,2026-02-28T06:35:39.466526275Z
,simulated,0,2026-02-28T06:36:17.695485297Z
,simulated,0,2026-02-28T06:36:36.053833154Z
,simulated,0,2026-02-28T06:36:39.470886258Z
,simulated,0,2026-02-28T06:37:17.701474701Z
,simulated,0,2026-02-28T06:37:36.060885283Z
,simulated,0,2026-02-28T06:37:39.472723595Z
,simulated,0,2026-02-28T06:38:17.704432935Z
,simulated,0,2026-02-28T06:38:36.068481765Z
,simulated,0,2026-02-28T06:38:39.476646974Z
,simulated,0,2026-02-28T06:39:17.727147539Z
,simulated,0,2026-02-28T06:39:36.077380003Z
,simulated,0,2026-02-28T06:39:39.479946263Z
,simulated,0,2026-02-28T06:40:17.749512246Z
,simulated,0,2026-02-28T06:40:36.087830481Z
,simulated,0,2026-02-28T06:40:39.481795171Z
,simulated,0,2026-02-28T06:41:17.760032629Z
,simulated,0,2026-02-28T06:41:36.086815879Z
,simulated,0,2026-02-28T06:41:39.486062334Z
,simulated,0,2026-02-28T06:42:17.782739798Z
,simulated,0,2026-02-28T06:42:36.101386358Z
,simulated,0,2026-02-28T06:42:39.489024049Z
,simulated,0,2026-02-28T06:43:17.792803493Z
,simulated,0,2026-02-28T06:43:36.109350976Z
,simulated,0,2026-02-28T06:43:39.488867623Z
,simulated,0,2026-02-28T06:44:17.812325938Z
,simulated,0,2026-02-28T06:44:36.118627463Z
,simulated,0,2026-02-28T06:44:39.493364633Z
,simulated,0,2026-02-28T06:45:17.829337438Z
,simulated,0,2026-02-28T06:45:36.127678931Z
,simulated,0,2026-02-28T06:45:39.498431463Z
,simulated,0,2026-02-28T06:46:17.847198453Z
,simulated,0,2026-02-28T06:46:36.136328498Z
,simulated,0,2026-02-28T06:46:39.499676783Z
,simulated,0,2026-02-28T06:47:17.856163841Z
,simulated,0,2026-02-28T06:47:36.14853442Z
,simulated,0,2026-02-28T06:47:39.502442978Z
,simulated,0,2026-02-28T06:48:17.879112505Z
,simulated,0,2026-02-28T06:48:36.150280073Z
,simulated,0,2026-02-28T06:48:39.502397266Z
,simulated,0,2026-02-28T06:49:17.897738856Z
,simulated,0,2026-02-28T06:49:36.161060895Z
,simulated,0,2026-02-28T06:49:39.502770962Z
,simulated,0,2026-02-28T06:50:17.924669635Z
,simulated,0,2026-02-28T06:50:36.164827971Z
,simulated,0,2026-02-28T06:50:39.50597767Z
,simulated,0,2026-02-28T06:51:17.928489399Z
,simulated,0,2026-02-28T06:51:36.1782773Z
,simulated,0,2026-02-28T06:51:39.509384537Z
,simulated,0,2026-02-28T06:52:17.942751023Z
,simulated,0,2026-02-28T06:52:36.178105853Z
,simulated,0,2026-02-28T06:52:39.51265419Z
,simulated,0,2026-02-28T06:53:17.965774449Z
,simulated,0,2026-02-28T06:53:36.182264184Z
,simulated,0,2026-02-28T06:53:39.517096711Z
,simulated,0,2026-02-28T06:54:17.985896426Z
,simulated,0,2026-02-28T06:54:36.187159121Z
,simulated,0,2026-02-28T06:54:39.519416285Z
,simulated,0,2026-02-28T06:55:17.99059045Z
,simulated,0,2026-02-28T06:55:36.192579179Z
,simulated,0,2026-02-28T06:55:39.521413102Z
,simulated,0,2026-02-28T06:56:17.99302303Z
,simulated,0,2026-02-28T06:56:36.202835249Z
,simulated,0,2026-02-28T06:56:39.523466329Z
,simulated,0,2026-02-28T06:57:18.013336082Z
,simulated,0,2026-02-28T06:57:36.209379304Z
,simulated,0,2026-02-28T06:57:39.527557827Z
,simulated,0,2026-02-28T06:58:18.024897645Z
,simulated,0,2026-02-28T06:58:36.214615406Z
,simulated,0,2026-02-28T06:58:39.529547837Z
,simulated,0,2026-02-28T06:59:18.045380432Z
,simulated,0,2026-02-28T06:59:36.219991025Z
,simulated,0,2026-02-28T06:59:39.533135317Z
,simulated,0,2026-02-28T07:00:18.064934627Z
,simulated,0,2026-02-28T07:00:36.229948669Z
,simulated,0,2026-02-28T07:00:39.536209755Z
,simulated,0,2026-02-28T07:01:18.085109128Z
,simulated,0,2026-02-28T07:01:36.240116242Z
,simulated,0,2026-02-28T07:01:39.536629916Z
,simulated,0,2026-02-28T07:02:18.103032842Z
,simulated,0,2026-02-28T07:02:36.245091033Z
,simulated,0,2026-02-28T07:02:39.541018107Z
,simulated,0,2026-02-28T07:03:18.110239929Z
,simulated,0,2026-02-28T07:03:36.263340363Z
,simulated,0,2026-02-28T07:03:39.542342931Z
,simulated,0,2026-02-28T07:04:18.134744991Z
,simulated,0,2026-02-28T07:04:36.261354148Z
,simulated,0,2026-02-28T07:04:39.544931765Z
,simulated,0,2026-02-28T07:05:18.1413048Z
,simulated,0,2026-02-28T07:05:36.268080135Z
,simulated,0,2026-02-28T07:05:39.547932206Z
,simulated,0,2026-02-28T07:06:18.160755665Z
,simulated,0,2026-02-28T07:06:36.276383339Z
,simulated,0,2026-02-28T07:06:39.551249063Z
,simulated,0,2026-02-28T07:07:18.180481571Z
,simulated,0,2026-02-28T07:07:36.282679744Z
,simulated,0,2026-02-28T07:07:39.556364351Z
,simulated,0,2026-02-28T07:08:18.203857373Z
,simulated,0,2026-02-28T07:08:36.289424651Z
,simulated,0,2026-02-28T07:08:39.558380314Z
,simulated,0,2026-02-28T07:09:18.207131122Z
,simulated,0,2026-02-28T07:09:36.294689142Z
,simulated,0,2026-02-28T07:09:39.560241058Z
,simulated,0,2026-02-28T07:10:18.22518018Z
,simulated,0,2026-02-28T07:10:36.300798817Z
,simulated,0,2026-02-28T07:10:39.565206241Z
,simulated,0,2026-02-28T07:11:18.237873658Z
,simulated,0,2026-02-28T07:11:36.307855749Z
,simulated,0,2026-02-28T07:11:39.566696489Z
,simulated,0,2026-02-28T07:12:18.243930233Z
,simulated,0,2026-02-28T07:12:36.315088316Z
,simulated,0,2026-02-28T07:12:39.569715398Z
,simulated,0,2026-02-28T07:13:18.261673223Z
,simulated,0,2026-02-28T07:13:36.323521983Z
,simulated,0,2026-02-28T07:13:39.572829427Z
,simulated,0,2026-02-28T07:15:20.609541973Z
,simulated,0,2026-02-28T07:16:20.611957504Z
,simulated,0,2026-02-28T07:17:20.64048906Z
,simulated,0,2026-02-28T07:18:20.666627667Z
,simulated,0,2026-02-28T07:19:20.686787095Z
,simulated,0,2026-02-28T07:20:20.71598611Z
,simulated,0,2026-02-28T07:21:20.742435744Z
,simulated,0,2026-02-28T07:22:20.758203499Z
,simulated,0,2026-02-28T07:23:20.781579328Z
,simulated,0,2026-02-28T07:24:20.811774169Z
,simulated,0,2026-02-28T07:25:20.838307896Z
,simulated,0,2026-02-28T07:26:20.854305566Z
,simulated,0,2026-02-28T07:27:20.876500271Z
,simulated,0,2026-02-28T07:28:20.896804169Z
,simulated,0,2026-02-28T07:29:20.917423782Z
,simulated,0,2026-02-28T07:30:20.941546961Z
,simulated,0,2026-02-28T07:31:20.970210691Z
,simulated,0,2026-02-28T07:32:20.974332976Z
,simulated,0,2026-02-28T07:33:21.002548214Z
,simulated,0,2026-02-28T07:34:21.030669186Z
,simulated,0,2026-02-28T07:35:21.059504347Z
,simulated,0,2026-02-28T07:36:21.079374745Z
,simulated,0,2026-02-28T07:37:21.105406198Z
,simulated,0,2026-02-28T07:38:21.13103526Z
,simulated,0,2026-02-28T07:39:21.157898747Z
,simulated,0,2026-02-28T07:40:21.167762497Z
,simulated,0,2026-02-28T07:41:21.194290925Z
,simulated,0,2026-02-28T07:42:21.222199401Z
,simulated,0,2026-02-28T07:43:21.233362776Z
,simulated,0,2026-02-28T07:44:21.261126553Z
,simulated,0,2026-02-28T07:45:21.291573196Z
,simulated,0,2026-02-28T07:46:21.31731759Z
,simulated,0,2026-02-28T07:47:21.343595802Z
,simulated,0,2026-02-28T07:48:21.362770924Z
,simulated,0,2026-02-28T07:49:21.390327196Z
,simulated,0,2026-02-28T07:50:21.418269579Z
,simulated,0,2026-02-28T07:51:21.429472516Z
,simulated,0,2026-02-28T07:52:21.454113576Z
,simulated,0,2026-02-28T07:53:21.457292021Z
,simulated,0,2026-02-28T07:54:21.483840625Z
,simulated,0,2026-02-28T07:55:21.509064099Z
,simulated,0,2026-02-28T07:56:21.525404006Z
,simulated,0,2026-02-28T07:57:21.528803514Z
,simulated,0,2026-02-28T07:58:21.554495507Z
,simulated,0,2026-02-28T07:59:21.582765671Z
,simulated,2,2026-02-28T08:00:21.6056371Z
,simulated,2,2026-02-28T08:01:21.632181268Z
,simulated,1,2026-02-28T08:02:21.66080932Z
,simulated,1,2026-02-28T08:03:21.668650617Z
,simulated,1,2026-02-28T08:04:21.690060297Z
,simulated,2,2026-02-28T08:05:21.713444438Z
,simulated,2,2026-02-28T08:06:21.739424993Z
,simulated,1,2026-02-28T08:07:21.76161974Z
,simulated,1,2026-02-28T08:08:21.78652945Z
,simulated,2,2026-02-28T08:09:21.810336925Z
,simulated,2,2026-02-28T08:10:21.830639959Z
,simulated,2,2026-02-28T08:11:21.850465731Z
,simulated,1,2026-02-28T08:12:21.860804992Z
,simulated,2,2026-02-28T08:13:21.88465443Z
,simulated,2,2026-02-28T08:14:21.88789152Z
,simulated,2,2026-02-28T08:15:21.90610927Z
,simulated,2,2026-02-28T08:16:21.931295456Z
,simulated,2,2026-02-28T08:17:21.937107329Z
,simulated,2,2026-02-28T08:18:21.963877436Z
,simulated,2,2026-02-28T08:19:21.984258531Z
,simulated,2,2026-02-28T08:20:22.008942967Z
,simulated,1,2026-02-28T08:21:22.027250447Z
,simulated,1,2026-02-28T08:22:22.04834758Z
,simulated,2,2026-02-28T08:23:22.066287012Z
,simulated,1,2026-02-28T08:24:22.089932747Z
,simulated,2,2026-02-28T08:25:22.110480271Z
,simulated,1,2026-02-28T08:26:22.127767715Z
,simulated,1,2026-02-28T08:27:22.15431617Z
,simulated,2,2026-02-28T08:28:22.162194833Z
,simulated,2,2026-02-28T08:29:22.166232799Z
,simulated,2,2026-02-28T08:30:22.173575505Z
,simulated,2,2026-02-28T08:31:22.193653708Z
,simulated,1,2026-02-28T08:32:22.219253419Z
,simulated,1,2026-02-28T08:33:22.239142062Z
,simulated,2,2026-02-28T08:34:22.274488072Z
,simulated,2,2026-02-28T08:35:22.28248331Z
,simulated,1,2026-02-28T08:36:22.304731226Z
,simulated,2,2026-02-28T08:37:22.328955744Z
,simulated,2,2026-02-28T08:38:22.35222513Z
,simulated,1,2026-02-28T08:39:22.365361396Z
,simulated,2,2026-02-28T08:40:22.381746996Z
,simulated,2,2026-02-28T08:41:22.399991156Z
,simulated,2,2026-02-28T08:42:22.421701274Z
,simulated,1,2026-02-28T08:43:22.424985142Z
,simulated,2,2026-02-28T08:44:22.444757325Z
,simulated,2,2026-02-28T08:45:22.451372247Z
,simulated,2,2026-02-28T08:46:22.451165704Z
,simulated,1,2026-02-28T08:47:22.473875918Z
,simulated,2,2026-02-28T08:48:22.496621729Z
,simulated,1,2026-02-28T08:49:22.510639884Z
,simulated,2,2026-02-28T08:50:22.529631506Z
,simulated,2,2026-02-28T08:51:22.556728372Z
,simulated,1,2026-02-28T08:52:22.570477793Z
,simulated,2,2026-02-28T08:53:22.594027708Z
,simulated,1,2026-02-28T08:54:22.606319069Z
,simulated,2,2026-02-28T08:55:22.615538513Z
,simulated,1,2026-02-28T08:56:22.630710484Z
,simulated,1,2026-02-28T08:57:22.648518038Z
,simulated,2,2026-02-28T08:58:22.665715418Z
,simulated,1,2026-02-28T08:59:22.679665368Z
,simulated,2,2026-02-28T09:00:22.701925199Z
,simulated,4,2026-02-28T09:01:22.708824435Z
,simulated,2,2026-02-28T09:02:22.730497581Z
,simulated,2,2026-02-28T09:03:22.75870459Z
,simulated,4,2026-02-28T09:04:22.774832087Z
,simulated,4,2026-02-28T09:05:22.789314369Z
,simulated,3,2026-02-28T09:06:22.801534902Z
,simulated,2,2026-02-28T09:07:22.812023941Z
,simulated,3,2026-02-28T09:08:22.833801691Z
,simulated,4,2026-02-28T09:09:22.853049322Z
,simulated,2,2026-02-28T09:10:22.874744648Z
,simulated,2,2026-02-28T09:11:22.893945511Z
,simulated,3,2026-02-28T09:12:22.913889155Z
,simulated,3,2026-02-28T09:13:22.934491472Z
,simulated,2,2026-02-28T09:14:22.943227108Z
,simulated,4,2026-02-28T09:15:22.965271761Z
,simulated,3,2026-02-28T09:16:22.978986701Z
,simulated,3,2026-02-28T09:17:22.999671141Z
,simulated,3,2026-02-28T09:18:23.018051704Z
,simulated,4,2026-02-28T09:19:23.038959963Z
,simulated,4,2026-02-28T09:20:23.059972235Z
,simulated,4,2026-02-28T09:21:23.06640104Z
,simulated,3,2026-02-28T09:22:23.073854294Z
,simulated,4,2026-02-28T09:23:23.094122678Z
,simulated,4,2026-02-28T09:24:23.117424514Z
,simulated,4,2026-02-28T09:25:23.132870835Z
,simulated,3,2026-02-28T09:26:23.155177866Z
,simulated,2,2026-02-28T09:27:23.172429349Z
,simulated,2,2026-02-28T09:28:23.176014074Z
,simulated,2,2026-02-28T09:29:23.194243709Z
,simulated,4,2026-02-28T09:30:23.211213737Z
,simulated,2,2026-02-28T09:31:23.228659176Z
,simulated,4,2026-02-28T09:32:23.249888567Z
,simulated,4,2026-02-28T09:33:23.265823204Z
,simulated,2,2026-02-28T09:34:23.28202821Z
,simulated,4,2026-02-28T09:35:23.289752388Z
,simulated,2,2026-02-28T09:36:23.309560624Z
,simulated,3,2026-02-28T09:37:23.319875152Z
,simulated,4,2026-02-28T09:38:23.333256312Z
,simulated,4,2026-02-28T09:39:23.352110114Z
,simulated,3,2026-02-28T09:40:23.365665698Z
,simulated,4,2026-02-28T09:41:23.387747393Z
,simulated,4,2026-02-28T09:42:23.401472022Z
,simulated,4,2026-02-28T09:43:23.417903516Z
,simulated,3,2026-02-28T09:44:23.433654705Z
,simulated,4,2026-02-28T09:45:23.446210074Z
,simulated,3,2026-02-28T09:46:23.464103183Z
,simulated,3,2026-02-28T09:47:23.478940049Z
,simulated,3,2026-02-28T09:48:23.498159695Z
,simulated,4,2026-02-28T09:49:23.515161149Z
,simulated,3,2026-02-28T09:50:23.529593713Z
,simulated,2,2026-02-28T09:51:23.545651484Z
,simulated,4,2026-02-28T09:52:23.559662969Z
,simulated,3,2026-02-28T09:53:23.567059873Z
,simulated,4,2026-02-28T09:54:23.568849151Z
,simulated,2,2026-02-28T09:55:23.585364375Z
,simulated,4,2026-02-28T09:56:23.596723015Z
,simulated,4,2026-02-28T09:57:23.600535468Z
,simulated,4,2026-02-28T09:58:23.606415966Z
,simulated,4,2026-02-28T09:59:23.617671302Z
,simulated,3,2026-02-28T10:00:23.634525951Z
,simulated,5,2026-02-28T10:01:23.647098195Z
,simulated,6,2026-02-28T10:02:23.670149651Z
,simulated,3,2026-02-28T10:03:23.680094268Z
,simulated,9,2026-02-28T10:04:23.692693518Z
,simulated,9,2026-02-28T10:05:23.702645352Z
,simulated,8,2026-02-28T10:06:23.719091062Z
,simulated,6,2026-02-28T10:07:23.728706532Z
,simulated,7,2026-02-28T10:08:23.734376741Z
,simulated,7,2026-02-28T10:09:23.752562947Z
,simulated,6,2026-02-28T10:10:23.772363028Z
,simulated,7,2026-02-28T10:11:23.782895219Z
,simulated,3,2026-02-28T10:12:23.796892744Z
,simulated,4,2026-02-28T10:13:23.803044526Z
,simulated,5,2026-02-28T10:14:23.820751144Z
,simulated,3,2026-02-28T10:15:23.823234621Z
,simulated,9,2026-02-28T10:16:23.830547077Z
,simulated,9,2026-02-28T10:17:23.848766062Z
,simulated,6,2026-02-28T10:18:23.862257074Z
,simulated,3,2026-02-28T10:19:23.867267821Z
,simulated,8,2026-02-28T10:20:23.87378704Z
,simulated,5,2026-02-28T10:21:23.886116275Z
,simulated,9,2026-02-28T10:22:23.90287268Z
,simulated,3,2026-02-28T10:23:23.917835016Z
,simulated,9,2026-02-28T10:24:23.919911409Z
,simulated,6,2026-02-28T10:25:23.933396339Z
,simulated,7,2026-02-28T10:26:23.938442954Z
,simulated,4,2026-02-28T10:27:23.94310228Z
,simulated,4,2026-02-28T10:28:23.938968134Z
,simulated,6,2026-02-28T10:29:23.955562858Z
,simulated,6,2026-02-28T10:30:23.964031978Z
,simulated,7,2026-02-28T10:31:23.97746045Z
,simulated,4,2026-02-28T10:32:23.991142263Z
,simulated,3,2026-02-28T10:33:23.990485408Z
,simulated,9,2026-02-28T10:34:23.993294334Z
,simulated,8,2026-02-28T10:35:24.002998641Z
,simulated,9,2026-02-28T10:36:24.016044392Z
,simulated,8,2026-02-28T10:37:24.025663012Z
,simulated,9,2026-02-28T10:38:24.041204591Z
,simulated,9,2026-02-28T10:39:24.051389843Z
,simulated,7,2026-02-28T10:40:24.065430406Z
,simulated,8,2026-02-28T10:41:24.077775429Z
,simulated,9,2026-02-28T10:42:24.082464501Z
,simulated,7,2026-02-28T10:43:24.093452303Z
,simulated,3,2026-02-28T10:44:24.097869593Z
,simulated,4,2026-02-28T10:45:24.111719293Z
,simulated,7,2026-02-28T10:46:24.121650893Z
,simulated,6,2026-02-28T10:47:24.129349013Z
,simulated,4,2026-02-28T10:48:24.144603089Z
,simulated,8,2026-02-28T10:49:24.144647597Z
,simulated,3,2026-02-28T10:50:24.152076654Z
,simulated,4,2026-02-28T10:51:24.153356753Z
,simulated,9,2026-02-28T10:52:24.156448581Z
,simulated,8,2026-02-28T10:53:24.159830569Z
,simulated,3,2026-02-28T10:54:24.170708466Z
,simulated,7,2026-02-28T10:55:24.182949461Z
,simulated,5,2026-02-28T10:56:24.197603621Z
,simulated,7,2026-02-28T10:57:24.205349205Z
,simulated,4,2026-02-28T10:58:24.218649277Z
,simulated,5,2026-02-28T10:59:24.214010514Z
,simulated,9,2026-02-28T11:00:24.219123938Z
,simulated,10,2026-02-28T11:01:24.227442704Z
,simulated,19,2026-02-28T11:02:24.2379557Z
,simulated,7,2026-02-28T11:03:24.240839568Z
,simulated,15,2026-02-28T11:04:24.278427457Z
,simulated,13,2026-02-28T11:05:24.25197135Z
,simulated,13,2026-02-28T11:06:24.264836033Z
,simulated,7,2026-02-28T11:07:24.271823899Z
,simulated,20,2026-02-28T11:08:24.285001903Z
,simulated,10,2026-02-28T11:09:24.296026422Z
,simulated,9,2026-02-28T11:10:24.305620738Z
,simulated,12,2026-02-28T11:11:24.313682698Z
,simulated,7,2026-02-28T11:12:24.323513486Z
,simulated,18,2026-02-28T11:13:24.327828004Z
,simulated,10,2026-02-28T11:14:24.340158898Z
,simulated,19,2026-02-28T11:15:24.345628306Z
,simulated,17,2026-02-28T11:16:24.353592132Z
,simulated,11,2026-02-28T11:17:24.36345939Z
,simulated,14,2026-02-28T11:18:24.364423653Z
,simulated,12,2026-02-28T11:19:24.368185256Z
,simulated,20,2026-02-28T11:20:24.376385752Z
,simulated,18,2026-02-28T11:21:24.386762855Z
,simulated,9,2026-02-28T11:22:24.396309811Z
,simulated,11,2026-02-28T11:23:24.401441354Z
,simulated,11,2026-02-28T11:24:24.427154639Z
,simulated,14,2026-02-28T11:25:24.420395138Z
,simulated,13,2026-02-28T11:26:24.429064903Z
,simulated,11,2026-02-28T11:27:24.435665293Z
,simulated,17,2026-02-28T11:28:24.442417204Z
,simulated,8,2026-02-28T11:29:24.44749036Z
,simulated,10,2026-02-28T11:30:24.454300216Z
,simulated,13,2026-02-28T11:31:24.463399393Z
,simulated,18,2026-02-28T11:32:24.47235599Z
,simulated,13,2026-02-28T11:33:24.479867345Z
,simulated,14,2026-02-28T11:34:24.497464804Z
,simulated,15,2026-02-28T11:35:24.493937542Z
,simulated,14,2026-02-28T11:36:24.501525924Z
,simulated,11,2026-02-28T11:37:24.50287453Z
,simulated,18,2026-02-28T11:38:24.509955Z
,simulated,11,2026-02-28T11:39:24.51842813Z
,simulated,15,2026-02-28T11:40:24.525639649Z
,simulated,19,2026-02-28T11:41:24.531434831Z
,simulated,16,2026-02-28T11:42:24.537766326Z
,simulated,11,2026-02-28T11:43:24.547094118Z
,simulated,7,2026-02-28T11:44:24.556758004Z
,simulated,10,2026-02-28T11:45:24.563298054Z
,simulated,9,2026-02-28T11:46:24.570139391Z
,simulated,10,2026-02-28T11:47:24.574816778Z
,simulated,7,2026-02-28T11:48:24.578210211Z
,simulated,11,2026-02-28T11:49:24.582161629Z
,simulated,13,2026-02-28T11:50:24.58348968Z
,simulated,10,2026-02-28T11:51:24.584782022Z
,simulated,12,2026-02-28T11:52:24.585831422Z
,simulated,8,2026-02-28T11:53:24.589312505Z
,simulated,13,2026-02-28T11:54:24.59790791Z
,simulated,12,2026-02-28T11:55:24.602675509Z
,simulated,15,2026-02-28T11:56:24.608361848Z
,simulated,11,2026-02-28T11:57:24.613528505Z
,simulated,12,2026-02-28T11:58:24.619277043Z
,simulated,8,2026-02-28T11:59:24.622837489Z
,simulated,27,2026-02-28T12:00:24.625926616Z
,simulated,32,2026-02-28T12:01:24.631734714Z
,simulated,30,2026-02-28T12:02:24.636404658Z
,simulated,19,2026-02-28T12:03:24.637049468Z
,simulated,26,2026-02-28T12:04:24.643740707Z
,simulated,27,2026-02-28T12:05:24.649049659Z
,simulated,25,2026-02-28T12:06:24.654932482Z
,simulated,32,2026-02-28T12:07:24.66046272Z
,simulated,29,2026-02-28T12:08:24.667663154Z
,simulated,29,2026-02-28T12:09:24.670179988Z
,simulated,30,2026-02-28T12:10:24.674506631Z
,simulated,19,2026-02-28T12:11:24.679427651Z
,simulated,21,2026-02-28T12:12:24.685018246Z
,simulated,32,2026-02-28T12:13:24.690086536Z
,simulated,29,2026-02-28T12:14:24.695188924Z
,simulated,26,2026-02-28T12:15:24.697041945Z
,simulated,32,2026-02-28T12:16:24.697422245Z
,simulated,18,2026-02-28T12:17:24.704878683Z
,simulated,29,2026-02-28T12:18:24.704719635Z
,simulated,17,2026-02-28T12:19:24.708648425Z
,simulated,19,2026-02-28T12:20:24.711446411Z
,simulated,15,2026-02-28T12:21:24.714041534Z
,simulated,16,2026-02-28T12:22:24.71782367Z
,simulated,26,2026-02-28T12:23:24.722250369Z
,simulated,29,2026-02-28T12:24:24.726176581Z
,simulated,25,2026-02-28T12:25:24.72530271Z
,simulated,28,2026-02-28T12:26:24.727636165Z
,simulated,17,2026-02-28T12:27:24.729452976Z
,simulated,18,2026-02-28T12:28:24.731085452Z
,simulated,25,2026-02-28T12:29:24.734756092Z
,simulated,17,2026-02-28T12:30:24.73485126Z
,simulated,26,2026-02-28T12:31:24.736249163Z
,simulated,23,2026-02-28T12:32:24.739670525Z
,simulated,18,2026-02-28T12:33:24.7381038Z
,simulated,31,2026-02-28T12:34:24.739876744Z
,simulated,23,2026-02-28T12:35:24.742699024Z
,simulated,28,2026-02-28T12:36:24.745435512Z
,simulated,32,2026-02-28T12:37:24.745879979Z
,simulated,18,2026-02-28T12:38:24.748782205Z
,simulated,29,2026-02-28T12:39:24.754696548Z
,simulated,30,2026-02-28T12:40:24.753718169Z
,simulated,30,2026-02-28T12:41:24.756784249Z
,simulated,20,2026-02-28T12:42:24.759850768Z
,simulated,29,2026-02-28T12:43:24.759538701Z
,simulated,21,2026-02-28T12:44:24.763125497Z
,simulated,20,2026-02-28T12:45:24.762629461Z
,simulated,27,2026-02-28T12:46:24.76235214Z
,simulated,21,2026-02-28T12:47:24.762422977Z
,simulated,16,2026-02-28T12:48:24.767329877Z
,simulated,17,2026-02-28T12:49:24.765628631Z
,simulated,23,2026-02-28T12:50:24.767226581Z
,simulated,30,2026-02-28T12:51:24.766481559Z
,simulated,28,2026-02-28T12:52:24.768796371Z
,simulated,22,2026-02-28T12:53:24.769593095Z
,simulated,19,2026-02-28T12:54:24.770884459Z
,simulated,22,2026-02-28T12:55:24.77086002Z
,simulated,23,2026-02-28T12:56:24.769134046Z
,simulated,22,2026-02-28T12:57:24.772765395Z
,simulated,32,2026-02-28T12:58:24.769063664Z
,simulated,30,2026-02-28T12:59:24.770887448Z
,simulated,26,2026-02-28T13:00:24.78214357Z
,simulated,27,2026-02-28T13:01:24.769778376Z
,simulated,23,2026-02-28T13:02:24.798843772Z
,simulated,18,2026-02-28T13:03:24.829931599Z
,simulated,22,2026-02-28T13:04:24.857454114Z
,simulated,13,2026-02-28T13:05:24.883842125Z
,simulated,24,2026-02-28T13:06:24.906014166Z
,simulated,13,2026-02-28T13:07:24.934622501Z
,simulated,21,2026-02-28T13:08:24.96335807Z
,simulated,27,2026-02-28T13:09:24.983045293Z
,simulated,21,2026-02-28T13:10:25.006251562Z
,simulated,18,2026-02-28T13:11:25.04013269Z
,simulated,11,2026-02-28T13:12:25.057870163Z
,simulated,20,2026-02-28T13:13:25.085897847Z
,simulated,11,2026-02-28T13:14:25.110403575Z
,simulated,26,2026-02-28T13:15:25.138770207Z
,simulated,14,2026-02-28T13:16:25.166488811Z
,simulated,24,2026-02-28T13:17:25.189316646Z
,simulated,23,2026-02-28T13:18:25.189434572Z
,simulated,15,2026-02-28T13:19:25.211864244Z
,simulated,20,2026-02-28T13:20:25.213849633Z
,simulated,25,2026-02-28T13:21:25.238379283Z
,simulated,24,2026-02-28T13:22:25.26106365Z
,simulated,19,2026-02-28T13:23:25.263941963Z
,simulated,11,2026-02-28T13:24:25.276915734Z
,simulated,20,2026-02-28T13:25:25.304625946Z
,simulated,12,2026-02-28T13:26:25.327001902Z
,simulated,13,2026-02-28T13:27:25.333213678Z
,simulated,18,2026-02-28T13:28:25.336392946Z
,simulated,13,2026-02-28T13:29:25.362135631Z
,simulated,16,2026-02-28T13:30:25.368997074Z
,simulated,13,2026-02-28T13:31:25.396750034Z
,simulated,23,2026-02-28T13:32:25.422902241Z
,simulated,20,2026-02-28T13:33:25.430653461Z
,simulated,26,2026-02-28T13:34:25.446938459Z
,simulated,17,2026-02-28T13:35:25.453092945Z
,simulated,16,2026-02-28T13:36:25.478711631Z
,simulated,20,2026-02-28T13:37:25.505172021Z
,simulated,18,2026-02-28T13:38:25.514720151Z
,simulated,16,2026-02-28T13:39:25.537670844Z
,simulated,15,2026-02-28T13:40:25.567233233Z
,simulated,27,2026-02-28T13:41:25.585586678Z
,simulated,19,2026-02-28T13:42:25.606890325Z
,simulated,27,2026-02-28T13:43:25.63324507Z
,simulated,21,2026-02-28T13:44:25.639947425Z
,simulated,20,2026-02-28T13:45:25.661723341Z
,simulated,14,2026-02-28T13:46:25.687160449Z
,simulated,23,2026-02-28T13:47:25.711577818Z
,simulated,20,2026-02-28T13:48:25.735703728Z
,simulated,19,2026-02-28T13:49:25.741042081Z
,simulated,21,2026-02-28T13:50:25.766319901Z
,simulated,12,2026-02-28T13:51:25.78761009Z
,simulated,17,2026-02-28T13:52:25.815229254Z
,simulated,22,2026-02-28T13:53:25.822146759Z
,simulated,18,2026-02-28T13:54:25.84827187Z
,simulated,23,2026-02-28T13:55:25.875487473Z
,simulated,14,2026-02-28T13:56:25.896913667Z
,simulated,18,2026-02-28T13:57:25.915207407Z
,simulated,21,2026-02-28T13:58:25.938316407Z
,simulated,23,2026-02-28T13:59:25.949754601Z
,simulated,19,2026-02-28T14:00:25.972356666Z
,simulated,36,2026-02-28T14:01:25.970184144Z
,simulated,35,2026-02-28T14:02:25.977572493Z
,simulated,33,2026-02-28T14:03:25.994930201Z
,simulated,36,2026-02-28T14:04:26.017284255Z
,simulated,24,2026-02-28T14:05:26.036625285Z
,simulated,36,2026-02-28T14:06:26.062958588Z
,simulated,37,2026-02-28T14:07:26.078603747Z
,simulated,29,2026-02-28T14:08:26.096250662Z
,simulated,32,2026-02-28T14:09:26.116271547Z
,simulated,21,2026-02-28T14:10:26.139247725Z
,simulated,31,2026-02-28T14:11:26.156244635Z
,simulated,23,2026-02-28T14:12:26.172000508Z
,simulated,28,2026-02-28T14:13:26.18347746Z
,simulated,33,2026-02-28T14:14:26.211154892Z
,simulated,30,2026-02-28T14:15:26.226662421Z
,simulated,27,2026-02-28T14:16:26.255303282Z
,simulated,34,2026-02-28T14:17:26.271894038Z
,simulated,36,2026-02-28T14:18:26.292727383Z
,simulated,25,2026-02-28T14:19:26.301986416Z
,simulated,18,2026-02-28T14:20:26.3241314Z
,simulated,26,2026-02-28T14:21:26.336491796Z
,simulated,29,2026-02-28T14:22:26.352612702Z
,simulated,19,2026-02-28T14:23:26.37568195Z
,simulated,18,2026-02-28T14:24:26.396682575Z
,simulated,34,2026-02-28T14:25:26.403183252Z
,simulated,25,2026-02-28T14:26:26.418493555Z
,simulated,23,2026-02-28T14:27:26.433054258Z
,simulated,30,2026-02-28T14:28:26.451704471Z
,simulated,25,2026-02-28T14:29:26.472310815Z
,simulated,21,2026-02-28T14:30:26.490713862Z
,simulated,32,2026-02-28T14:31:26.508322913Z
,simulated,19,2026-02-28T14:32:26.532791891Z
,simulated,30,2026-02-28T14:33:26.537002781Z
,simulated,33,2026-02-28T14:34:26.545642748Z
,simulated,36,2026-02-28T14:35:26.567001224Z
,simulated,34,2026-02-28T14:36:26.587189441Z
,simulated,22,2026-02-28T14:37:26.592361386Z
,simulated,33,2026-02-28T14:38:26.612288401Z
,simulated,33,2026-02-28T14:39:26.617583635Z
,simulated,32,2026-02-28T14:40:26.632643497Z
,simulated,30,2026-02-28T14:41:26.63815Z
,simulated,18,2026-02-28T14:42:26.658773733Z
,simulated,24,2026-02-28T14:43:26.6750457Z
,simulated,34,2026-02-28T14:44:26.673535251Z
,simulated,34,2026-02-28T14:45:26.692051313Z
,simulated,33,2026-02-28T14:46:26.712432699Z
,simulated,29,2026-02-28T14:47:26.724249902Z
,simulated,34,2026-02-28T14:48:26.740099782Z
,simulated,24,2026-02-28T14:49:26.758096877Z
,simulated,22,2026-02-28T14:50:26.773606542Z
,simulated,19,2026-02-28T14:51:26.774893123Z
,simulated,33,2026-02-28T14:52:26.791661828Z
,simulated,35,2026-02-28T14:53:26.807795519Z
,simulated,19,2026-02-28T14:54:26.827520487Z
,simulated,24,2026-02-28T14:55:26.829871265Z
,simulated,18,2026-02-28T14:56:26.83245827Z
,simulated,30,2026-02-28T14:57:26.850932879Z
,simulated,18,2026-02-28T14:58:26.853502143Z
,simulated,32,2026-02-28T14:59:26.855745773Z
,simulated,37,2026-02-28T15:00:26.868728994Z
,simulated,35,2026-02-28T15:01:26.869186011Z
,simulated,32,2026-02-28T15:02:26.885301809Z
,simulated,30,2026-02-28T15:03:26.903921484Z
,simulated,30,2026-02-28T15:04:26.916786046Z
,simulated,35,2026-02-28T15:05:26.932446805Z
,simulated,34,2026-02-28T15:06:26.956604055Z
,simulated,35,2026-02-28T15:07:26.96696588Z
,simulated,40,2026-02-28T15:08:26.969970135Z
,simulated,25,2026-02-28T15:09:26.985105564Z
,simulated,39,2026-02-28T15:10:27.000030965Z
,simulated,37,2026-02-28T15:11:27.016287929Z
,simulated,32,2026-02-28T15:12:27.035100312Z
,simulated,34,2026-02-28T15:13:27.050844723Z
,simulated,40,2026-02-28T15:14:27.07286036Z
,simulated,31,2026-02-28T15:15:27.077245929Z
,simulated,28,2026-02-28T15:16:27.087398906Z
,simulated,39,2026-02-28T15:17:27.089252247Z
,simulated,28,2026-02-28T15:18:27.094057519Z
,simulated,25,2026-02-28T15:19:27.10576341Z
,simulated,26,2026-02-28T15:20:27.110115826Z
,simulated,34,2026-02-28T15:21:27.124235482Z
,simulated,22,2026-02-28T15:22:27.127641629Z
,simulated,41,2026-02-28T15:23:27.145805608Z
,simulated,30,2026-02-28T15:24:27.152811911Z
,simulated,32,2026-02-28T15:25:27.160323531Z
,simulated,31,2026-02-28T15:26:27.178860021Z
,simulated,35,2026-02-28T15:27:27.192288613Z
,simulated,22,2026-02-28T15:28:27.203739607Z
,simulated,21,2026-02-28T15:29:27.217329344Z
,simulated,41,2026-02-28T15:30:27.231418782Z
,simulated,23,2026-02-28T15:31:27.244896612Z
,simulated,30,2026-02-28T15:32:27.258358198Z
,simulated,28,2026-02-28T15:33:27.261712836Z
,simulated,34,2026-02-28T15:34:27.279982836Z
,simulated,27,2026-02-28T15:35:27.291321754Z
,simulated,38,2026-02-28T15:36:27.303518345Z
,simulated,26,2026-02-28T15:37:27.316237969Z
,simulated,40,2026-02-28T15:38:27.325828611Z
,simulated,37,2026-02-28T15:39:27.337510101Z
,simulated,26,2026-02-28T15:40:27.34578005Z
,simulated,34,2026-02-28T15:41:27.362129169Z
,simulated,40,2026-02-28T15:42:27.372588557Z
,simulated,33,2026-02-28T15:43:27.387319266Z
,simulated,37,2026-02-28T15:44:27.392156602Z
,simulated,21,2026-02-28T15:45:27.403903917Z
,simulated,29,2026-02-28T15:46:27.414875643Z
,simulated,30,2026-02-28T15:47:27.426335171Z
,simulated,22,2026-02-28T15:48:27.435893248Z
,simulated,33,2026-02-28T15:49:27.441984776Z
,simulated,39,2026-02-28T15:50:27.442813196Z
,simulated,27,2026-02-28T15:51:27.449944771Z
,simulated,37,2026-02-28T15:52:27.457349417Z
,simulated,33,2026-02-28T15:53:27.466106636Z
,simulated,41,2026-02-28T15:54:27.477381286Z
,simulated,41,2026-02-28T15:55:27.492176064Z
,simulated,24,2026-02-28T15:56:27.500641084Z
,simulated,28,2026-02-28T15:57:27.501079635Z
,simulated,41,2026-02-28T15:58:27.512879776Z
,simulated,31,2026-02-28T15:59:27.521281421Z
,simulated,21,2026-02-28T16:00:27.532142847Z
,simulated,24,2026-02-28T16:01:27.540830563Z
,simulated,20,2026-02-28T16:02:27.557478139Z
,simulated,26,2026-02-28T16:03:27.5634268Z
,simulated,28,2026-02-28T16:04:27.570968528Z
,simulated,21,2026-02-28T16:05:27.58496071Z
,simulated,30,2026-02-28T16:06:27.59062612Z
,simulated,16,2026-02-28T16:07:27.597873837Z
,simulated,16,2026-02-28T16:08:27.604458967Z
,simulated,13,2026-02-28T16:09:27.607343021Z
,simulated,15,2026-02-28T16:10:27.615291179Z
,simulated,20,2026-02-28T16:11:27.623811722Z
,simulated,14,2026-02-28T16:12:27.637356644Z
,simulated,14,2026-02-28T16:13:27.63759358Z
,simulated,19,2026-02-28T16:14:27.646411555Z
,simulated,25,2026-02-28T16:15:27.656617226Z
,simulated,19,2026-02-28T16:16:27.665519412Z
,simulated,20,2026-02-28T16:17:27.674743237Z
,simulated,20,2026-02-28T16:18:27.681481832Z
,simulated,23,2026-02-28T16:19:27.692461783Z
,simulated,27,2026-02-28T16:20:27.69937101Z
,simulated,22,2026-02-28T16:21:27.705835594Z
,simulated,22,2026-02-28T16:22:27.712110388Z
,simulated,17,2026-02-28T16:23:27.726378982Z
,simulated,21,2026-02-28T16:24:27.733392903Z
,simulated,23,2026-02-28T16:25:27.736080422Z
,simulated,28,2026-02-28T16:26:27.737420263Z
,simulated,27,2026-02-28T16:27:27.746464135Z
,simulated,15,2026-02-28T16:28:27.766334169Z
,simulated,19,2026-02-28T16:29:27.765715409Z
,simulated,25,2026-02-28T16:30:27.770392421Z
,simulated,27,2026-02-28T16:31:27.776010285Z
,simulated,16,2026-02-28T16:32:27.780518658Z
,simulated,14,2026-02-28T16:33:27.782987996Z
,simulated,16,2026-02-28T16:34:27.79003456Z
,simulated,15,2026-02-28T16:35:27.793325999Z
,simulated,29,2026-02-28T16:36:27.798285453Z
,simulated,17,2026-02-28T16:37:27.799869383Z
,simulated,13,2026-02-28T16:38:27.805706707Z
,simulated,20,2026-02-28T16:39:27.809637981Z
,simulated,22,2026-02-28T16:40:27.813992066Z
,simulated,25,2026-02-28T16:41:27.81905616Z
,simulated,27,2026-02-28T16:42:27.821147603Z
,simulated,25,2026-02-28T16:43:27.827222509Z
,simulated,30,2026-02-28T16:44:27.831557499Z
,simulated,19,2026-02-28T16:45:27.834812447Z
,simulated,18,2026-02-28T16:46:27.841709859Z
,simulated,18,2026-02-28T16:47:27.847688988Z
,simulated,24,2026-02-28T16:48:27.851874339Z
,simulated,22,2026-02-28T16:49:27.859377434Z
,simulated,29,2026-02-28T16:50:27.857449295Z
,simulated,27,2026-02-28T16:51:27.872267828Z
,simulated,14,2026-02-28T16:52:27.869360415Z
,simulated,26,2026-02-28T16:53:27.873863644Z
,simulated,28,2026-02-28T16:54:27.87538512Z
,simulated,21,2026-02-28T16:55:27.876440321Z
,simulated,21,2026-02-28T16:56:27.880444696Z
,simulated,19,2026-02-28T16:57:27.887206948Z
,simulated,26,2026-02-28T16:58:27.880728067Z
,simulated,27,2026-02-28T16:59:27.884983204Z
,simulated,12,2026-02-28T17:00:27.88638885Z
,simulated,17,2026-02-28T17:01:27.890509782Z
,simulated,21,2026-02-28T17:02:27.890478274Z
,simulated,10,2026-02-28T17:03:27.897023657Z
,simulated,11,2026-02-28T17:04:27.8989806Z
,simulated,19,2026-02-28T17:05:27.902589805Z
,simulated,19,2026-02-28T17:06:27.902873004Z
,simulated,14,2026-02-28T17:07:27.906802315Z
,simulated,20,2026-02-28T17:08:27.911303495Z
,simulated,19,2026-02-28T17:09:27.914693701Z
,simulated,11,2026-02-28T17:10:27.921942048Z
,simulated,8,2026-02-28T17:11:27.917808626Z
,simulated,12,2026-02-28T17:12:27.924871316Z
,simulated,9,2026-02-28T17:13:27.920822045Z
,simulated,18,2026-02-28T17:14:27.923940808Z
,simulated,20,2026-02-28T17:15:27.922874757Z
,simulated,9,2026-02-28T17:16:27.927259818Z
,simulated,10,2026-02-28T17:17:27.926304227Z
,simulated,19,2026-02-28T17:18:27.926884183Z
,simulated,9,2026-02-28T17:19:27.92960502Z
,simulated,13,2026-02-28T17:20:27.931119702Z
,simulated,17,2026-02-28T17:21:27.935885149Z
,simulated,12,2026-02-28T17:22:27.933518602Z
,simulated,11,2026-02-28T17:23:27.93382732Z
,simulated,17,2026-02-28T17:24:27.936573346Z
,simulated,21,2026-02-28T17:25:27.939550745Z
,simulated,9,2026-02-28T17:26:27.947061713Z
,simulated,17,2026-02-28T17:27:27.939481324Z
,simulated,19,2026-02-28T17:28:27.939338178Z
,simulated,20,2026-02-28T17:29:27.941154698Z
,simulated,9,2026-02-28T17:30:27.941504732Z
,simulated,12,2026-02-28T17:31:27.940094513Z
,simulated,20,2026-02-28T17:32:27.943286087Z
,simulated,8,2026-02-28T17:33:27.972399378Z
,simulated,10,2026-02-28T17:34:27.968701015Z
,simulated,12,2026-02-28T17:35:27.992412554Z
,simulated,12,2026-02-28T17:36:28.019093573Z
,simulated,13,2026-02-28T17:37:28.046242677Z
,simulated,8,2026-02-28T17:38:28.073375648Z
,simulated,12,2026-02-28T17:39:28.103082157Z
,simulated,11,2026-02-28T17:40:28.132626589Z
,simulated,21,2026-02-28T17:41:28.155268259Z
,simulated,21,2026-02-28T17:42:28.188138603Z
,simulated,10,2026-02-28T17:43:28.210922396Z
,simulated,15,2026-02-28T17:44:28.232609753Z
,simulated,10,2026-02-28T17:45:28.259738586Z
,simulated,18,2026-02-28T17:46:28.288644997Z
,simulated,14,2026-02-28T17:47:28.289258972Z
,simulated,10,2026-02-28T17:48:28.305606434Z
,simulated,17,2026-02-28T17:49:28.335880017Z
,simulated,11,2026-02-28T17:50:28.357864962Z
,simulated,21,2026-02-28T17:51:28.375150283Z
,simulated,15,2026-02-28T17:52:28.389241063Z
,simulated,15,2026-02-28T17:53:28.417711372Z
,simulated,15,2026-02-28T17:54:28.449035053Z
,simulated,19,2026-02-28T17:55:28.475442258Z
,simulated,20,2026-02-28T17:56:28.497137446Z
,simulated,10,2026-02-28T17:57:28.516899863Z
,simulated,9,2026-02-28T17:58:28.543930872Z
,simulated,13,2026-02-28T17:59:28.559070264Z
,simulated,11,2026-02-28T18:00:28.58335685Z
,simulated,10,2026-02-28T18:01:28.615444429Z
,simulated,9,2026-02-28T18:02:28.616369414Z
,simulated,9,2026-02-28T18:03:28.633911588Z
,simulated,9,2026-02-28T18:04:28.663414765Z
,simulated,8,2026-02-28T18:05:28.667538312Z
,simulated,14,2026-02-28T18:06:28.695425166Z
,simulated,14,2026-02-28T18:07:28.717887957Z
,simulated,10,2026-02-28T18:08:28.749335849Z
,simulated,15,2026-02-28T18:09:28.779215371Z
,simulated,13,2026-02-28T18:10:28.797219464Z
,simulated,14,2026-02-28T18:11:28.822876685Z
,simulated,9,2026-02-28T18:12:28.85140199Z
,simulated,12,2026-02-28T18:13:28.877122225Z
,simulated,8,2026-02-28T18:14:28.903453103Z
,simulated,13,2026-02-28T18:15:28.918109465Z
,simulated,11,2026-02-28T18:16:28.94263575Z
,simulated,11,2026-02-28T18:17:28.955105563Z
,simulated,13,2026-02-28T18:18:28.978258723Z
,simulated,10,2026-02-28T18:19:29.002888432Z
,simulated,13,2026-02-28T18:20:29.031155058Z
,simulated,12,2026-02-28T18:21:29.043972921Z
,simulated,13,2026-02-28T18:22:29.071924575Z
,simulated,12,2026-02-28T18:23:29.096991559Z
,simulated,14,2026-02-28T18:24:29.110677504Z
,simulated,15,2026-02-28T18:25:29.126738918Z
,simulated,15,2026-02-28T18:26:29.147412786Z
,simulated,13,2026-02-28T18:27:29.179225982Z
,simulated,12,2026-02-28T18:28:29.203588597Z
,simulated,11,2026-02-28T18:29:29.216159281Z
,simulated,9,2026-02-28T18:30:29.229923792Z
,simulated,11,2026-02-28T18:31:29.257077914Z
,simulated,9,2026-02-28T18:32:29.287231436Z
,simulated,10,2026-02-28T18:33:29.295656022Z
,simulated,8,2026-02-28T18:34:29.304973881Z
,simulated,11,2026-02-28T18:35:29.317786393Z
,simulated,10,2026-02-28T18:36:29.332873295Z
,simulated,12,2026-02-28T18:37:29.353584393Z
,simulated,15,2026-02-28T18:38:29.380078462Z
,simulated,13,2026-02-28T18:39:29.401924861Z
,simulated,14,2026-02-28T18:40:29.424673931Z
,simulated,8,2026-02-28T18:41:29.452197438Z
,simulated,9,2026-02-28T18:42:29.456060048Z
,simulated,14,2026-02-28T18:43:29.473192816Z
,simulated,14,2026-02-28T18:44:29.496525942Z
,simulated,13,2026-02-28T18:45:29.519319449Z
,simulated,14,2026-02-28T18:46:29.54211938Z
,simulated,12,2026-02-28T18:47:29.553279895Z
,simulated,10,2026-02-28T18:48:29.577712102Z
,simulated,13,2026-02-28T18:49:29.600333791Z
,simulated,15,2026-02-28T18:50:29.624228198Z
,simulated,11,2026-02-28T18:51:29.645374086Z
,simulated,12,2026-02-28T18:52:29.66750183Z
,simulated,15,2026-02-28T18:53:29.685971855Z
,simulated,9,2026-02-28T18:54:29.691893116Z
,simulated,9,2026-02-28T18:55:29.715185142Z
,simulated,8,2026-02-28T18:56:29.719632932Z
,simulated,14,2026-02-28T18:57:29.739115023Z
,simulated,11,2026-02-28T18:58:29.757171851Z
,simulated,12,2026-02-28T18:59:29.788699923Z
,simulated,10,2026-02-28T19:00:29.797703779Z
,simulated,8,2026-02-28T19:01:29.824100334Z
,simulated,4,2026-02-28T19:02:29.833707377Z
,simulated,9,2026-02-28T19:03:29.859282855Z
,simulated,8,2026-02-28T19:04:29.876927226Z
,simulated,5,2026-02-28T19:05:29.894587608Z
,simulated,6,2026-02-28T19:06:29.922282906Z
,simulated,11,2026-02-28T19:07:29.939266136Z
,simulated,9,2026-02-28T19:08:29.961157485Z
,simulated,9,2026-02-28T19:09:29.972983068Z
,simulated,5,2026-02-28T19:10:29.994215853Z
,simulated,11,2026-02-28T19:11:30.032070444Z
,simulated,7,2026-02-28T19:12:30.01527751Z
,simulated,5,2026-02-28T19:13:30.043383039Z
,simulated,4,2026-02-28T19:14:30.062298446Z
,simulated,8,2026-02-28T19:15:30.072781228Z
,simulated,10,2026-02-28T19:16:30.082353658Z
,simulated,9,2026-02-28T19:17:30.09175123Z
,simulated,6,2026-02-28T19:18:30.119564901Z
,simulated,7,2026-02-28T19:19:30.135661425Z
,simulated,6,2026-02-28T19:20:30.135722959Z
,simulated,8,2026-02-28T19:21:30.156997118Z
,simulated,9,2026-02-28T19:22:30.179453197Z
,simulated,11,2026-02-28T19:23:30.202768976Z
,simulated,7,2026-02-28T19:24:30.228370891Z
,simulated,6,2026-02-28T19:25:30.242976141Z
,simulated,6,2026-02-28T19:26:30.259180237Z
,simulated,4,2026-02-28T19:27:30.292660061Z
,simulated,8,2026-02-28T19:28:30.286718304Z
,simulated,11,2026-02-28T19:29:30.299779766Z
,simulated,7,2026-02-28T19:30:30.312048142Z
,simulated,10,2026-02-28T19:31:30.331702563Z
,simulated,10,2026-02-28T19:32:30.355923139Z
,simulated,11,2026-02-28T19:33:30.369980469Z
,simulated,7,2026-02-28T19:34:30.380017101Z
,simulated,4,2026-02-28T19:35:30.401350663Z
,simulated,6,2026-02-28T19:36:30.402903256Z
,simulated,8,2026-02-28T19:37:30.422424704Z
,simulated,6,2026-02-28T19:38:30.42317439Z
,simulated,8,2026-02-28T19:39:30.432140984Z
,simulated,9,2026-02-28T19:40:30.447675468Z
,simulated,10,2026-02-28T19:41:30.470734206Z
,simulated,5,2026-02-28T19:42:30.485886223Z
,simulated,4,2026-02-28T19:43:30.506429286Z
,simulated,4,2026-02-28T19:44:30.515095766Z
,simulated,5,2026-02-28T19:45:30.529427445Z
,simulated,7,2026-02-28T19:46:30.539436333Z
,simulated,5,2026-02-28T19:47:30.555839506Z
,simulated,4,2026-02-28T19:48:30.575307523Z
,simulated,11,2026-02-28T19:49:30.593331724Z
,simulated,8,2026-02-28T19:50:30.608034686Z
,simulated,7,2026-02-28T19:51:30.616571447Z
,simulated,11,2026-02-28T19:52:30.634769734Z
,simulated,7,2026-02-28T19:53:30.660858801Z
,simulated,4,2026-02-28T19:54:30.672935905Z
,simulated,5,2026-02-28T19:55:30.672081662Z
,simulated,7,2026-02-28T19:56:30.683301319Z
,simulated,11,2026-02-28T19:57:30.687193807Z
,simulated,4,2026-02-28T19:58:30.705099903Z
,simulated,11,2026-02-28T19:59:30.725048375Z
,simulated,5,2026-02-28T20:00:30.749180784Z
,simulated,10,2026-02-28T20:01:30.75744582Z
,simulated,6,2026-02-28T20:02:30.777352353Z
,simulated,8,2026-02-28T20:03:30.78817384Z
,simulated,9,2026-02-28T20:04:30.80191262Z
,simulated,10,2026-02-28T20:05:30.82052058Z
,simulated,5,2026-02-28T20:06:30.840665036Z
,simulated,9,2026-02-28T20:07:30.848605472Z
,simulated,9,2026-02-28T20:08:30.864519258Z
,simulated,5,2026-02-28T20:09:30.866603657Z
,simulated,9,2026-02-28T20:10:30.881433631Z
,simulated,10,2026-02-28T20:11:30.954765958Z
,simulated,8,2026-02-28T20:12:30.914322424Z
,simulated,7,2026-02-28T20:13:30.931892379Z
,simulated,5,2026-02-28T20:14:30.951235839Z
,simulated,9,2026-02-28T20:15:30.969865554Z
,simulated,10,2026-02-28T20:16:30.977516388Z
,simulated,8,2026-02-28T20:17:30.99070061Z
,simulated,6,2026-02-28T20:18:31.002860603Z
,simulated,7,2026-02-28T20:19:31.014813722Z
,simulated,10,2026-02-28T20:20:31.030845971Z
,simulated,10,2026-02-28T20:21:31.048537514Z
,simulated,5,2026-02-28T20:22:31.055613032Z
,simulated,10,2026-02-28T20:23:31.06254132Z
,simulated,7,2026-02-28T20:24:31.079130296Z
,simulated,10,2026-02-28T20:25:31.089241235Z
,simulated,5,2026-02-28T20:26:31.10177416Z
,simulated,9,2026-02-28T20:27:31.122753732Z
,simulated,9,2026-02-28T20:28:31.126362713Z
,simulated,10,2026-02-28T20:29:31.1297065Z
,simulated,5,2026-02-28T20:30:31.139335246Z
,simulated,10,2026-02-28T20:31:31.164091532Z
,simulated,7,2026-02-28T20:32:31.151787548Z
,simulated,6,2026-02-28T20:33:31.166958021Z
,simulated,7,2026-02-28T20:34:31.185181538Z
,simulated,10,2026-02-28T20:35:31.198116809Z
,simulated,6,2026-02-28T20:36:31.20623921Z
,simulated,6,2026-02-28T20:37:31.217556106Z
,simulated,5,2026-02-28T20:38:31.228139283Z
,simulated,8,2026-02-28T20:39:31.243620866Z
,simulated,8,2026-02-28T20:40:31.245737725Z
,simulated,10,2026-02-28T20:41:31.261345859Z
,simulated,7,2026-02-28T20:42:31.275088562Z
,simulated,8,2026-02-28T20:43:31.287414824Z
,simulated,5,2026-02-28T20:44:31.301085967Z
,simulated,8,2026-02-28T20:45:31.315082188Z
,simulated,8,2026-02-28T20:46:31.327372954Z
,simulated,7,2026-02-28T20:47:31.338055294Z
,simulated,5,2026-02-28T20:48:31.347887944Z
,simulated,10,2026-02-28T20:49:31.367493899Z
,simulated,6,2026-02-28T20:50:31.375924795Z
,simulated,9,2026-02-28T20:51:31.379391754Z
,simulated,5,2026-02-28T20:52:31.379642246Z
,simulated,5,2026-02-28T20:53:31.395071159Z
,simulated,6,2026-02-28T20:54:31.411110798Z
,simulated,7,2026-02-28T20:55:31.415170272Z
,simulated,8,2026-02-28T20:56:31.423295764Z
,simulated,7,2026-02-28T20:57:31.445083142Z
,simulated,10,2026-02-28T20:58:31.439858679Z
,simulated,6,2026-02-28T20:59:31.444026607Z
,simulated,7,2026-02-28T21:00:31.45418296Z
,simulated,6,2026-02-28T21:01:31.47052135Z
,simulated,4,2026-02-28T21:02:31.480160911Z
,simulated,4,2026-02-28T21:03:31.490005464Z
,simulated,6,2026-02-28T21:04:31.496045244Z
,simulated,7,2026-02-28T21:05:31.507415737Z
,simulated,6,2026-02-28T21:06:31.517366724Z
,simulated,6,2026-02-28T21:07:31.525650252Z
,simulated,5,2026-02-28T21:08:31.538363866Z
,simulated,5,2026-02-28T21:09:31.55305158Z
,simulated,5,2026-02-28T21:10:31.564538734Z
,simulated,7,2026-02-28T21:11:31.579673702Z
,simulated,7,2026-02-28T21:12:31.590611513Z
,simulated,7,2026-02-28T21:13:31.601857827Z
,simulated,6,2026-02-28T21:14:31.623048969Z
,simulated,3,2026-02-28T21:15:31.627583057Z
,simulated,3,2026-02-28T21:16:31.6404391Z
,simulated,7,2026-02-28T21:17:31.649055377Z
,simulated,6,2026-02-28T21:18:31.656927879Z
,simulated,4,2026-02-28T21:19:31.667253399Z
,simulated,5,2026-02-28T21:20:31.680212654Z
,simulated,4,2026-02-28T21:21:31.691826179Z
,simulated,4,2026-02-28T21:22:31.703092669Z
,simulated,6,2026-02-28T21:23:31.714236906Z
,simulated,7,2026-02-28T21:24:31.724887968Z
,simulated,7,2026-02-28T21:25:31.743476237Z
,simulated,3,2026-02-28T21:26:31.742526466Z
,simulated,4,2026-02-28T21:27:31.761480444Z
,simulated,4,2026-02-28T21:28:31.76508915Z
,simulated,6,2026-02-28T21:29:31.775183123Z
,simulated,5,2026-02-28T21:30:31.778959508Z
,simulated,6,2026-02-28T21:31:31.791570498Z
,simulated,6,2026-02-28T21:32:31.799160646Z
,simulated,6,2026-02-28T21:33:31.810449137Z
,simulated,5,2026-02-28T21:34:31.824749801Z
,simulated,6,2026-02-28T21:35:31.830322365Z
,simulated,4,2026-02-28T21:36:31.835545088Z
,simulated,4,2026-02-28T21:37:31.842674245Z
,simulated,3,2026-02-28T21:38:31.845430313Z
,simulated,5,2026-02-28T21:39:31.863142048Z
,simulated,3,2026-02-28T21:40:31.867541258Z
,simulated,7,2026-02-28T21:41:31.870555592Z
,simulated,3,2026-02-28T21:42:31.883295008Z
,simulated,3,2026-02-28T21:43:31.886231051Z
,simulated,5,2026-02-28T21:44:31.896732496Z
,simulated,6,2026-02-28T21:45:31.898391716Z
,simulated,5,2026-02-28T21:46:31.906896171Z
,simulated,7,2026-02-28T21:47:31.915170504Z
,simulated,4,2026-02-28T21:48:31.922393425Z
,simulated,7,2026-02-28T21:49:31.929610119Z
,simulated,4,2026-02-28T21:50:31.935031052Z
,simulated,4,2026-02-28T21:51:31.935284427Z
,simulated,3,2026-02-28T21:52:31.94430661Z
,simulated,6,2026-02-28T21:53:31.966341949Z
,simulated,4,2026-02-28T21:54:31.960412121Z
,simulated,3,2026-02-28T21:55:31.96305471Z
,simulated,3,2026-02-28T21:56:31.965714236Z
,simulated,7,2026-02-28T21:57:31.979089561Z
,simulated,7,2026-02-28T21:58:31.986962646Z
,simulated,6,2026-02-28T21:59:31.990447705Z
,simulated,7,2026-02-28T22:00:31.994444044Z
,simulated,4,2026-02-28T22:01:32.004891104Z
,simulated,7,2026-02-28T22:02:32.012316011Z
,simulated,7,2026-02-28T22:03:32.021426791Z
,simulated,7,2026-02-28T22:04:32.026700268Z
,simulated,5,2026-02-28T22:05:32.033620744Z
,simulated,6,2026-02-28T22:06:32.047295661Z
,simulated,5,2026-02-28T22:07:32.049933914Z
,simulated,4,2026-02-28T22:08:32.840318175Z
,simulated,5,2026-02-28T22:09:32.0619574Z
,simulated,6,2026-02-28T22:10:32.074085845Z
,simulated,6,2026-02-28T22:11:32.078101796Z
,simulated,7,2026-02-28T22:12:32.075377106Z
,simulated,6,2026-02-28T22:13:32.083102901Z
,simulated,4,2026-02-28T22:14:32.092787492Z
,simulated,3,2026-02-28T22:15:32.08886884Z
,simulated,6,2026-02-28T22:16:32.089722361Z
,simulated,5,2026-02-28T22:17:32.097739407Z
,simulated,4,2026-02-28T22:18:32.104661084Z
,simulated,3,2026-02-28T22:19:32.106191446Z
,simulated,5,2026-02-28T22:20:32.110786864Z
,simulated,4,2026-02-28T22:21:32.116583953Z
,simulated,4,2026-02-28T22:22:32.118205932Z
,simulated,4,2026-02-28T22:23:32.122447803Z
,simulated,3,2026-02-28T22:24:32.129454034Z
,simulated,4,2026-02-28T22:25:32.134674732Z
,simulated,6,2026-02-28T22:26:32.136111624Z
,simulated,6,2026-02-28T22:27:32.14099413Z
,simulated,3,2026-02-28T22:28:32.142296306Z
,simulated,6,2026-02-28T22:29:32.14825017Z
,simulated,7,2026-02-28T22:30:32.152347213Z
,simulated,3,2026-02-28T22:31:32.160642977Z
,simulated,3,2026-02-28T22:32:32.161033911Z
,simulated,6,2026-02-28T22:33:32.163280576Z
,simulated,5,2026-02-28T22:34:32.159160377Z
,simulated,4,2026-02-28T22:35:32.163086574Z
,simulated,6,2026-02-28T22:36:32.167130753Z
,simulated,5,2026-02-28T22:37:32.171392153Z
,simulated,6,2026-02-28T22:38:32.170565394Z
,simulated,3,2026-02-28T22:39:32.173501582Z
,simulated,5,2026-02-28T22:40:32.174512793Z
,simulated,3,2026-02-28T22:41:32.180844492Z
,simulated,5,2026-02-28T22:42:32.184330995Z
,simulated,3,2026-02-28T22:43:32.189642019Z
,simulated,7,2026-02-28T22:44:32.192827659Z
,simulated,7,2026-02-28T22:45:32.189983678Z
,simulated,5,2026-02-28T22:46:32.19148903Z
,simulated,6,2026-02-28T22:47:32.194751961Z
,simulated,3,2026-02-28T22:48:32.198801316Z
,simulated,7,2026-02-28T22:49:32.201041406Z
,simulated,6,2026-02-28T22:50:32.205108953Z
,simulated,5,2026-02-28T22:51:32.211240689Z
,simulated,5,2026-02-28T22:52:32.210589021Z
,simulated,7,2026-02-28T22:53:32.215373815Z
,simulated,4,2026-02-28T22:54:32.215564538Z
,simulated,7,2026-02-28T22:55:32.2174824Z
,simulated,4,2026-02-28T22:56:32.21547595Z
,simulated,7,2026-02-28T22:57:32.220064259Z
,simulated,7,2026-02-28T22:58:32.216282069Z
,simulated,7,2026-02-28T22:59:32.219815831Z
,simulated,3,2026-02-28T23:00:32.222292244Z
,simulated,3,2026-02-28T23:01:32.223199086Z
,simulated,4,2026-02-28T23:02:32.227046788Z
,simulated,6,2026-02-28T23:03:32.226225247Z
,simulated,6,2026-02-28T23:04:32.226758388Z
,simulated,3,2026-02-28T23:05:32.235642281Z
,simulated,4,2026-02-28T23:06:32.22913767Z
,simulated,7,2026-02-28T23:07:32.23074407Z
,simulated,3,2026-02-28T23:08:32.230351333Z
,simulated,7,2026-02-28T23:09:32.232062492Z
,simulated,3,2026-02-28T23:10:32.232606914Z
,simulated,3,2026-02-28T23:11:32.233933867Z
,simulated,4,2026-02-28T23:12:32.234908907Z
,simulated,7,2026-02-28T23:13:32.234790932Z
,simulated,7,2026-02-28T23:14:32.241827286Z
,simulated,4,2026-02-28T23:15:32.234770167Z
,simulated,6,2026-02-28T23:16:32.23551902Z
,simulated,4,2026-02-28T23:17:32.235699156Z
,simulated,7,2026-02-28T23:18:32.242480379Z
,simulated,6,2026-02-28T23:19:32.236347772Z
,simulated,5,2026-02-28T23:20:32.261471834Z
,simulated,6,2026-02-28T23:21:32.282115465Z
,simulated,3,2026-02-28T23:22:32.296513779Z
,simulated,5,2026-02-28T23:23:32.319736139Z
,simulated,4,2026-02-28T23:24:32.343384008Z
,simulated,7,2026-02-28T23:25:32.369443892Z
,simulated,6,2026-02-28T23:26:32.402818338Z
,simulated,3,2026-02-28T23:27:32.425465395Z
,simulated,4,2026-02-28T23:28:32.454442637Z
,simulated,4,2026-02-28T23:29:32.481826697Z
,simulated,7,2026-02-28T23:30:32.506712052Z
,simulated,4,2026-02-28T23:31:32.530244127Z
,simulated,3,2026-02-28T23:32:32.560875279Z
,simulated,3,2026-02-28T23:33:32.584501071Z
,simulated,7,2026-02-28T23:34:32.611940185Z
,simulated,5,2026-02-28T23:35:32.640553309Z
,simulated,5,2026-02-28T23:36:32.663309835Z
,simulated,4,2026-02-28T23:37:32.687845126Z
,simulated,6,2026-02-28T23:38:32.715331246Z
,simulated,7,2026-02-28T23:39:32.727770999Z
,simulated,3,2026-02-28T23:40:32.756004359Z
,simulated,3,2026-02-28T23:41:32.783785695Z
,simulated,7,2026-02-28T23:42:32.807233604Z
,simulated,4,2026-02-28T23:43:32.825498797Z
,simulated,3,2026-02-28T23:44:32.849996292Z
,simulated,5,2026-02-28T23:45:32.883123406Z
,simulated,5,2026-02-28T23:46:32.902616028Z
,simulated,6,2026-02-28T23:47:32.929290022Z
,simulated,4,2026-02-28T23:48:32.958280071Z
,simulated,5,2026-02-28T23:49:32.974402905Z
,simulated,7,2026-02-28T23:50:32.986298468Z
,simulated,4,2026-02-28T23:51:33.011386746Z
,simulated,6,2026-02-28T23:52:33.017031029Z
,simulated,7,2026-02-28T23:53:33.045215529Z
,simulated,5,2026-02-28T23:54:33.071647747Z
,simulated,5,2026-02-28T23:55:33.086136159Z
,simulated,3,2026-02-28T23:56:33.103582514Z
,simulated,4,2026-02-28T23:57:33.130222114Z
,simulated,7,2026-02-28T23:58:33.143146835Z
,simulated,6,2026-02-28T23:59:33.164717919Z
,simulated,0,2026-03-01T00:00:33.186844819Z
,simulated,0,2026-03-01T00:01:33.211626691Z
,simulated,0,2026-03-01T00:02:33.229836952Z
,simulated,0,2026-03-01T00:03:33.238893529Z
,simulated,0,2026-03-01T00:04:33.263047612Z
,simulated,0,2026-03-01T00:05:33.286609367Z
,simulated,0,2026-03-01T00:06:33.31288946Z
,simulated,0,2026-03-01T00:07:33.327405916Z
,simulated,0,2026-03-01T00:08:33.350374009Z
,simulated,0,2026-03-01T00:09:33.358850174Z
,simulated,0,2026-03-01T00:10:33.386723616Z
,simulated,0,2026-03-01T00:11:33.394790606Z
,simulated,0,2026-03-01T00:12:33.414090262Z
,simulated,0,2026-03-01T00:13:33.438498407Z
,simulated,0,2026-03-01T00:14:33.461528626Z
,simulated,0,2026-03-01T00:15:33.488670253Z
,simulated,0,2026-03-01T00:16:33.512811773Z
,simulated,0,2026-03-01T00:17:33.51618898Z
,simulated,0,2026-03-01T00:18:33.537240567Z
,simulated,0,2026-03-01T00:19:33.561184493Z
,simulated,0,2026-03-01T00:20:33.583471924Z
,simulated,0,2026-03-01T00:21:33.617719233Z
,simulated,0,2026-03-01T00:22:33.613163591Z
,simulated,0,2026-03-01T00:23:33.613621285Z
,simulated,0,2026-03-01T00:24:33.637507711Z
,simulated,0,2026-03-01T00:25:33.663462654Z
,simulated,0,2026-03-01T00:26:33.687255248Z
,simulated,0,2026-03-01T00:27:33.709863286Z
,simulated,0,2026-03-01T00:28:33.732589008Z
,simulated,0,2026-03-01T00:29:33.745765617Z
,simulated,0,2026-03-01T00:30:33.766272251Z
,simulated,0,2026-03-01T00:31:33.771434567Z
,simulated,0,2026-03-01T00:32:33.790406945Z
,simulated,0,2026-03-01T00:33:33.792814777Z
,simulated,0,2026-03-01T00:34:33.812014832Z
,simulated,0,2026-03-01T00:35:33.83620071Z
,simulated,0,2026-03-01T00:36:33.855682264Z
,simulated,0,2026-03-01T00:37:33.874826507Z
,simulated,0,2026-03-01T00:38:33.882274739Z
,simulated,0,2026-03-01T00:39:33.901646746Z
,simulated,0,2026-03-01T00:40:33.923568977Z
,simulated,0,2026-03-01T00:41:33.942922708Z
,simulated,0,2026-03-01T00:42:33.952477687Z
,simulated,0,2026-03-01T00:43:33.956429348Z
,simulated,0,2026-03-01T00:44:33.961179254Z
,simulated,0,2026-03-01T00:45:33.973479244Z
,simulated,0,2026-03-01T00:46:33.993310596Z
,simulated,0,2026-03-01T00:47:34.001412789Z
,simulated,0,2026-03-01T00:48:34.0241154Z
,simulated,0,2026-03-01T00:49:34.041321237Z
,simulated,0,2026-03-01T00:50:34.052503982Z
,simulated,0,2026-03-01T00:51:34.071375105Z
,simulated,0,2026-03-01T00:52:34.079184495Z
,simulated,0,2026-03-01T00:53:34.092458595Z
,simulated,0,2026-03-01T00:54:34.094460869Z
,simulated,0,2026-03-01T00:55:34.116172334Z
,simulated,0,2026-03-01T00:56:34.133824103Z
,simulated,0,2026-03-01T00:57:34.155613853Z
,simulated,0,2026-03-01T00:58:34.167634531Z
,simulated,0,2026-03-01T00:59:34.192068224Z
,simulated,0,2026-03-01T01:00:34.202336948Z
,simulated,0,2026-03-01T01:01:34.226116454Z
,simulated,0,2026-03-01T01:02:34.241465351Z
,simulated,0,2026-03-01T01:03:34.253775588Z
,simulated,0,2026-03-01T01:04:34.274366505Z
,simulated,0,2026-03-01T01:05:34.289693935Z
,simulated,0,2026-03-01T01:06:34.309793944Z
,simulated,0,2026-03-01T01:07:34.322231856Z
,simulated,0,2026-03-01T01:08:34.336385991Z
,simulated,0,2026-03-01T01:09:34.341453569Z
,simulated,0,2026-03-01T01:10:34.35699184Z
,simulated,0,2026-03-01T01:11:34.362939833Z
,simulated,0,2026-03-01T01:12:34.381758118Z
,simulated,0,2026-03-01T01:13:34.39521201Z
,simulated,0,2026-03-01T01:14:34.408469977Z
,simulated,0,2026-03-01T01:15:34.426550502Z
,simulated,0,2026-03-01T01:16:34.444549318Z
,simulated,0,2026-03-01T01:17:34.441367042Z
,simulated,0,2026-03-01T01:18:34.462616198Z
,simulated,0,2026-03-01T01:19:34.479979684Z
,simulated,0,2026-03-01T01:20:34.496176712Z
,simulated,0,2026-03-01T01:21:34.511106585Z
,simulated,0,2026-03-01T01:22:34.527603565Z
,simulated,0,2026-03-01T01:23:34.543177905Z
,simulated,0,2026-03-01T01:24:34.557488441Z
,simulated,0,2026-03-01T01:25:34.575465782Z
,simulated,0,2026-03-01T01:26:34.59040593Z
,simulated,0,2026-03-01T01:27:34.61116704Z
,simulated,0,2026-03-01T01:28:34.623519647Z
,simulated,0,2026-03-01T01:29:34.638523169Z
,simulated,0,2026-03-01T01:30:34.660040617Z
,simulated,0,2026-03-01T01:31:34.670314391Z
,simulated,0,2026-03-01T01:32:34.690626034Z
,simulated,0,2026-03-01T01:33:34.701224867Z
,simulated,0,2026-03-01T01:34:34.719358072Z
,simulated,0,2026-03-01T01:35:34.735217919Z
,simulated,0,2026-03-01T01:36:34.751644135Z
,simulated,0,2026-03-01T01:37:34.769310712Z
,simulated,0,2026-03-01T01:38:34.782522029Z
,simulated,0,2026-03-01T01:39:34.796625111Z
,simulated,0,2026-03-01T01:40:34.812216545Z
,simulated,0,2026-03-01T01:41:34.829916626Z
,simulated,0,2026-03-01T01:42:34.840267857Z
,simulated,0,2026-03-01T01:43:34.863324573Z
,simulated,0,2026-03-01T01:44:34.871349374Z
,simulated,0,2026-03-01T01:45:34.885833234Z
,simulated,0,2026-03-01T01:46:34.897741015Z
,simulated,0,2026-03-01T01:47:34.912083654Z
,simulated,0,2026-03-01T01:48:34.922636191Z
,simulated,0,2026-03-01T01:49:34.933337961Z
,simulated,0,2026-03-01T01:50:34.940003069Z
,simulated,0,2026-03-01T01:51:34.959028258Z
,simulated,0,2026-03-01T01:52:34.969450227Z
,simulated,0,2026-03-01T01:53:34.981841322Z
,simulated,0,2026-03-01T01:54:34.998578056Z
,simulated,0,2026-03-01T01:55:35.002023256Z
,simulated,0,2026-03-01T01:56:35.012491021Z
,simulated,0,2026-03-01T01:57:35.028693883Z
,simulated,0,2026-03-01T01:58:35.044186716Z
,simulated,0,2026-03-01T01:59:35.051855392Z
,simulated,0,2026-03-01T02:00:35.061132916Z
,simulated,0,2026-03-01T02:01:35.070543313Z
,simulated,0,2026-03-01T02:02:35.084172084Z
,simulated,0,2026-03-01T02:03:35.099993351Z
,simulated,0,2026-03-01T02:04:35.107046562Z
,simulated,0,2026-03-01T02:05:35.114583756Z
,simulated,0,2026-03-01T02:06:35.128850197Z
,simulated,0,2026-03-01T02:07:35.139694513Z
,simulated,0,2026-03-01T02:08:35.152374374Z
,simulated,0,2026-03-01T02:09:35.165249853Z
,simulated,0,2026-03-01T02:10:35.182208811Z
,simulated,0,2026-03-01T02:11:35.187972383Z
,simulated,0,2026-03-01T02:12:35.199603893Z
,simulated,0,2026-03-01T02:13:35.211903229Z
,simulated,0,2026-03-01T02:14:35.228916751Z
,simulated,0,2026-03-01T02:15:35.228933761Z
,simulated,0,2026-03-01T02:16:35.243366343Z
,simulated,0,2026-03-01T02:17:35.250641155Z
,simulated,0,2026-03-01T02:18:35.263043269Z
,simulated,0,2026-03-01T02:19:35.2672302Z
,simulated,0,2026-03-01T02:20:35.279422935Z
,simulated,0,2026-03-01T02:21:35.288571107Z
,simulated,0,2026-03-01T02:22:35.298289633Z
,simulated,0,2026-03-01T02:23:35.302576689Z
,simulated,0,2026-03-01T02:24:35.312892373Z
,simulated,0,2026-03-01T02:25:35.320263126Z
,simulated,0,2026-03-01T02:26:35.319805842Z
,simulated,0,2026-03-01T02:27:35.331996075Z
,simulated,0,2026-03-01T02:28:35.342036854Z
,simulated,0,2026-03-01T02:29:35.341701111Z
,simulated,0,2026-03-01T02:30:35.351410329Z
,simulated,0,2026-03-01T02:31:35.349953468Z
,simulated,0,2026-03-01T02:32:35.36247424Z
,simulated,0,2026-03-01T02:33:35.371375035Z
,simulated,0,2026-03-01T02:34:35.381693275Z
,simulated,0,2026-03-01T02:35:35.380611664Z
,simulated,0,2026-03-01T02:36:35.38986533Z
,simulated,0,2026-03-01T02:37:35.396948046Z
,simulated,0,2026-03-01T02:38:35.401591691Z
,simulated,0,2026-03-01T02:39:35.411085308Z
,simulated,0,2026-03-01T02:40:35.421899264Z
,simulated,0,2026-03-01T02:41:35.436453341Z
,simulated,0,2026-03-01T02:42:35.436582905Z
,simulated,0,2026-03-01T02:43:35.441028778Z
,simulated,0,2026-03-01T02:44:35.456826187Z
,simulated,0,2026-03-01T02:45:35.45090493Z
,simulated,0,2026-03-01T02:46:35.459761041Z
,simulated,0,2026-03-01T02:47:35.465702424Z
,simulated,0,2026-03-01T02:48:35.468680564Z
,simulated,0,2026-03-01T02:49:35.47107641Z
,simulated,0,2026-03-01T02:50:35.478442451Z
,simulated,0,2026-03-01T02:51:35.487221984Z
,simulated,0,2026-03-01T02:52:35.486546678Z
,simulated,0,2026-03-01T02:53:35.491735067Z
,simulated,0,2026-03-01T02:54:35.493674073Z
,simulated,0,2026-03-01T02:55:35.495609894Z
,simulated,0,2026-03-01T02:56:35.504980682Z
,simulated,0,2026-03-01T02:57:35.506164981Z
,simulated,0,2026-03-01T02:58:35.508249249Z
,simulated,0,2026-03-01T02:59:35.514219456Z
,simulated,0,2026-03-01T03:00:35.518449341Z
,simulated,0,2026-03-01T03:01:35.526857076Z
,simulated,0,2026-03-01T03:02:35.539327046Z
,simulated,0,2026-03-01T03:03:35.536635702Z
,simulated,0,2026-03-01T03:04:35.541741419Z
,simulated,0,2026-03-01T03:05:35.548469971Z
,simulated,0,2026-03-01T03:06:35.552440562Z
,simulated,0,2026-03-01T03:07:35.563166754Z
,simulated,0,2026-03-01T03:08:35.56065638Z
,simulated,0,2026-03-01T03:09:35.564945443Z
,simulated,0,2026-03-01T03:10:35.569084675Z
,simulated,0,2026-03-01T03:11:35.567555873Z
,simulated,0,2026-03-01T03:12:35.579420428Z
,simulated,0,2026-03-01T03:13:35.572017943Z
,simulated,0,2026-03-01T03:14:35.577071346Z
,simulated,0,2026-03-01T03:15:35.57891283Z
,simulated,0,2026-03-01T03:16:35.586071572Z
,simulated,0,2026-03-01T03:17:35.586603796Z
,simulated,0,2026-03-01T03:18:35.59222495Z
,simulated,0,2026-03-01T03:19:35.595839618Z
,simulated,0,2026-03-01T03:20:35.599159033Z
,simulated,0,2026-03-01T03:21:35.602744619Z
,simulated,0,2026-03-01T03:22:35.602204181Z
,simulated,0,2026-03-01T03:23:35.602530472Z
,simulated,0,2026-03-01T03:24:35.609612116Z
,simulated,0,2026-03-01T03:25:35.605055891Z
,simulated,0,2026-03-01T03:26:35.6066386Z
,simulated,0,2026-03-01T03:27:35.610001669Z
,simulated,0,2026-03-01T03:28:35.612017976Z
,simulated,0,2026-03-01T03:29:35.615244904Z
,simulated,0,2026-03-01T03:30:35.616388015Z
,simulated,0,2026-03-01T03:31:35.632024011Z
,simulated,0,2026-03-01T03:32:35.620805055Z
,simulated,0,2026-03-01T03:33:35.622196965Z
,simulated,0,2026-03-01T03:34:35.625011796Z
,simulated,0,2026-03-01T03:35:35.626240244Z
,simulated,0,2026-03-01T03:36:35.628742847Z
,simulated,0,2026-03-01T03:37:35.62815624Z
,simulated,0,2026-03-01T03:38:35.629859114Z
,simulated,0,2026-03-01T03:39:35.630957855Z
,simulated,0,2026-03-01T03:40:35.629169867Z
,simulated,0,2026-03-01T03:41:35.632918384Z
,simulated,0,2026-03-01T03:42:35.633088995Z
,simulated,0,2026-03-01T03:43:35.631118931Z
,simulated,0,2026-03-01T03:44:35.631733696Z
,simulated,0,2026-03-01T03:45:35.633734641Z
,simulated,0,2026-03-01T03:46:35.634659652Z
,simulated,0,2026-03-01T03:47:35.699288742Z
,simulated,0,2026-03-01T03:48:35.667514321Z
,simulated,0,2026-03-01T03:49:35.68569161Z
,simulated,0,2026-03-01T03:50:35.711491048Z
,simulated,0,2026-03-01T03:51:35.74016219Z
,simulated,0,2026-03-01T03:52:35.767463574Z
,simulated,0,2026-03-01T03:53:35.79611057Z
,simulated,0,2026-03-01T03:54:35.822592325Z
,simulated,0,2026-03-01T03:55:35.857384696Z
,simulated,0,2026-03-01T03:56:35.883927299Z
,simulated,0,2026-03-01T03:57:35.904172997Z
,simulated,0,2026-03-01T03:58:35.922599144Z
,simulated,0,2026-03-01T03:59:35.950471367Z
,simulated,0,2026-03-01T04:00:35.980199822Z
,simulated,0,2026-03-01T04:01:36.006130937Z
,simulated,0,2026-03-01T04:02:36.035901831Z
,simulated,0,2026-03-01T04:03:36.066209778Z
,simulated,0,2026-03-01T04:04:36.091287456Z
,simulated,0,2026-03-01T04:05:36.117497749Z
,simulated,0,2026-03-01T04:06:36.145051364Z
,simulated,0,2026-03-01T04:07:36.168396471Z
,simulated,0,2026-03-01T04:08:36.194814666Z
,simulated,0,2026-03-01T04:09:36.229243204Z
,simulated,0,2026-03-01T04:10:36.251572251Z
,simulated,0,2026-03-01T04:11:36.274530202Z
,simulated,0,2026-03-01T04:12:36.304211617Z
,simulated,0,2026-03-01T04:13:36.337590147Z
,simulated,0,2026-03-01T04:14:36.358652608Z
,simulated,0,2026-03-01T04:15:36.374081324Z
,simulated,0,2026-03-01T04:16:36.401030528Z
,simulated,0,2026-03-01T04:17:36.430154678Z
,simulated,0,2026-03-01T04:18:36.452184031Z
,simulated,0,2026-03-01T04:19:36.471379125Z
,simulated,0,2026-03-01T04:20:36.492613813Z
,simulated,0,2026-03-01T04:21:36.520761619Z
,simulated,0,2026-03-01T04:22:36.546232472Z
,simulated,0,2026-03-01T04:23:36.571225694Z
,simulated,0,2026-03-01T04:24:36.596269382Z
,simulated,0,2026-03-01T04:25:36.628141749Z
,simulated,0,2026-03-01T04:26:36.647268241Z
,simulated,0,2026-03-01T04:27:36.676798951Z
,simulated,0,2026-03-01T04:28:36.694394058Z
,simulated,0,2026-03-01T04:29:36.71963645Z
,simulated,0,2026-03-01T04:30:36.769827422Z
,simulated,0,2026-03-01T04:31:36.766375736Z
,simulated,0,2026-03-01T04:32:36.792541578Z
,simulated,0,2026-03-01T04:33:36.814596067Z
,simulated,0,2026-03-01T04:34:36.839668439Z
,simulated,0,2026-03-01T04:35:36.866658283Z
,simulated,0,2026-03-01T04:36:36.892905919Z
,simulated,0,2026-03-01T04:37:36.914934117Z
,simulated,0,2026-03-01T04:38:36.937337698Z
,simulated,0,2026-03-01T04:39:36.953051337Z
,simulated,0,2026-03-01T04:40:36.978307229Z
,simulated,0,2026-03-01T04:41:36.986340009Z
,simulated,0,2026-03-01T04:42:36.98730053Z
,simulated,0,2026-03-01T04:43:37.011118677Z
,simulated,0,2026-03-01T04:44:37.033330289Z
,simulated,0,2026-03-01T04:45:37.060600744Z
,simulated,0,2026-03-01T04:46:37.087242057Z
,simulated,0,2026-03-01T04:47:37.108591894Z
,simulated,0,2026-03-01T04:48:37.13686668Z
,simulated,0,2026-03-01T04:49:37.148728843Z
,simulated,0,2026-03-01T04:50:37.171816779Z
,simulated,0,2026-03-01T04:51:37.195907375Z
,simulated,0,2026-03-01T04:52:37.223791698Z
,simulated,0,2026-03-01T04:53:37.225712076Z
,simulated,0,2026-03-01T04:54:37.25577002Z
,simulated,0,2026-03-01T04:55:37.264975189Z
,simulated,0,2026-03-01T04:56:37.280795267Z
,simulated,0,2026-03-01T04:57:37.302913545Z
,simulated,0,2026-03-01T04:58:37.317360495Z
,simulated,0,2026-03-01T04:59:37.312654886Z
,simulated,0,2026-03-01T05:00:37.314023502Z
,simulated,0,2026-03-01T05:01:37.33528141Z
,simulated,0,2026-03-01T05:02:37.355727731Z
,simulated,0,2026-03-01T05:03:37.372154372Z
,simulated,0,2026-03-01T05:04:37.382279982Z
,simulated,0,2026-03-01T05:05:37.39818069Z
,simulated,0,2026-03-01T05:06:37.417621444Z
,simulated,0,2026-03-01T05:07:37.426837418Z
,simulated,0,2026-03-01T05:08:37.456273557Z
,simulated,0,2026-03-01T05:09:37.48282213Z
,simulated,0,2026-03-01T05:10:37.487318518Z
,simulated,0,2026-03-01T05:11:37.48731449Z
,simulated,0,2026-03-01T05:12:37.514086004Z
,simulated,0,2026-03-01T05:13:37.534397727Z
,simulated,0,2026-03-01T05:14:37.546980445Z
,simulated,0,2026-03-01T05:15:37.575063888Z
,simulated,0,2026-03-01T05:16:37.583842037Z
,simulated,0,2026-03-01T05:17:37.588326704Z
,simulated,0,2026-03-01T05:18:37.607322126Z
,simulated,0,2026-03-01T05:19:37.617195249Z
,simulated,0,2026-03-01T05:20:37.648120468Z
,simulated,0,2026-03-01T05:21:37.658721088Z
,simulated,0,2026-03-01T05:22:37.677659945Z
,simulated,0,2026-03-01T05:23:37.701665264Z
,simulated,0,2026-03-01T05:24:37.72250192Z
,simulated,0,2026-03-01T05:25:37.745628208Z
,simulated,0,2026-03-01T05:26:37.748389066Z
,simulated,0,2026-03-01T05:27:37.763374399Z
,simulated,0,2026-03-01T05:28:37.76460184Z
,simulated,0,2026-03-01T05:29:37.777114698Z
,simulated,0,2026-03-01T05:30:37.792047342Z
,simulated,0,2026-03-01T05:31:37.805873441Z
,simulated,0,2026-03-01T05:32:37.825845349Z
,simulated,0,2026-03-01T05:33:37.831345389Z
,simulated,0,2026-03-01T05:34:37.880205679Z
,simulated,0,2026-03-01T05:35:37.876481573Z
,simulated,0,2026-03-01T05:36:37.893285994Z
,simulated,0,2026-03-01T05:37:37.91557661Z
,simulated,0,2026-03-01T05:38:37.938534378Z
,simulated,0,2026-03-01T05:39:37.951398353Z
,simulated,0,2026-03-01T05:40:37.973274293Z
,simulated,0,2026-03-01T05:41:37.988976089Z
,simulated,0,2026-03-01T05:42:38.011064448Z
,simulated,0,2026-03-01T05:43:38.039992688Z
,simulated,0,2026-03-01T05:44:38.056384304Z
,simulated,0,2026-03-01T05:45:38.067380335Z
,simulated,0,2026-03-01T05:46:38.086013356Z
,simulated,0,2026-03-01T05:47:38.090881965Z
,simulated,0,2026-03-01T05:48:38.106578361Z
,simulated,0,2026-03-01T05:49:38.138322259Z
,simulated,0,2026-03-01T05:50:38.147393856Z
,simulated,0,2026-03-01T05:51:38.165294619Z
,simulated,0,2026-03-01T05:52:38.186209759Z
,simulated,0,2026-03-01T05:53:38.207481265Z
,simulated,0,2026-03-01T05:54:38.227215025Z
,simulated,0,2026-03-01T05:55:38.237990872Z
,simulated,0,2026-03-01T05:56:38.25755981Z
,simulated,0,2026-03-01T05:57:38.277503433Z
,simulated,0,2026-03-01T05:58:38.285683882Z
,simulated,0,2026-03-01T05:59:38.290952245Z
,simulated,0,2026-03-01T06:00:38.305626328Z
,simulated,0,2026-03-01T06:01:38.325681668Z
,simulated,0,2026-03-01T06:02:38.331079303Z
,simulated,0,2026-03-01T06:03:38.347256576Z
,simulated,0,2026-03-01T06:04:38.365024501Z
,simulated,0,2026-03-01T06:05:38.391266645Z
,simulated,0,2026-03-01T06:06:38.380558411Z
,simulated,0,2026-03-01T06:07:38.40091236Z
,simulated,0,2026-03-01T06:08:38.420933986Z
,simulated,0,2026-03-01T06:09:38.43109851Z
,simulated,0,2026-03-01T06:10:38.442899103Z
,simulated,0,2026-03-01T06:11:38.462713553Z
,simulated,0,2026-03-01T06:12:38.479220099Z
,simulated,0,2026-03-01T06:13:38.491701318Z
,simulated,0,2026-03-01T06:14:38.511570846Z
,simulated,0,2026-03-01T06:15:38.528928598Z
,simulated,0,2026-03-01T06:16:38.546248534Z
,simulated,0,2026-03-01T06:17:38.544694735Z
,simulated,0,2026-03-01T06:18:38.562894089Z
,simulated,0,2026-03-01T06:19:38.579719259Z
,simulated,0,2026-03-01T06:20:38.598029552Z
,simulated,0,2026-03-01T06:21:38.614605083Z
,simulated,0,2026-03-01T06:22:38.633249519Z
,simulated,0,2026-03-01T06:23:38.650111929Z
,simulated,0,2026-03-01T06:24:38.671391088Z
,simulated,0,2026-03-01T06:25:38.676614914Z
,simulated,0,2026-03-01T06:26:38.69385303Z
,simulated,0,2026-03-01T06:27:38.710943628Z
,simulated,0,2026-03-01T06:28:38.726947742Z
,simulated,0,2026-03-01T06:29:38.733466645Z
,simulated,0,2026-03-01T06:30:38.749944552Z
,simulated,0,2026-03-01T06:31:38.770018094Z
,simulated,0,2026-03-01T06:32:38.785993788Z
,simulated,0,2026-03-01T06:33:38.803180066Z
,simulated,0,2026-03-01T06:34:38.821028146Z
,simulated,0,2026-03-01T06:35:38.837421879Z
,simulated,0,2026-03-01T06:36:38.853642391Z
,simulated,0,2026-03-01T06:37:38.87331292Z
,simulated,0,2026-03-01T06:38:38.886817496Z
,simulated,0,2026-03-01T06:39:38.901979581Z
,simulated,0,2026-03-01T06:40:38.905491781Z
,simulated,0,2026-03-01T06:41:38.924566108Z
,simulated,0,2026-03-01T06:42:38.938536702Z
,simulated,0,2026-03-01T06:43:38.951774669Z
,simulated,0,2026-03-01T06:44:38.970210153Z
,simulated,0,2026-03-01T06:45:38.987387965Z
,simulated,0,2026-03-01T06:46:38.991736882Z
,simulated,0,2026-03-01T06:47:39.007395294Z
,simulated,0,2026-03-01T06:48:39.023051504Z
,simulated,0,2026-03-01T06:49:39.046759858Z
,simulated,0,2026-03-01T06:50:39.057850281Z
,simulated,0,2026-03-01T06:51:39.068826505Z
,simulated,0,2026-03-01T06:52:39.079043309Z
,simulated,0,2026-03-01T06:53:39.101477477Z
,simulated,0,2026-03-01T06:54:39.106174603Z
,simulated,0,2026-03-01T06:55:39.134361135Z
,simulated,0,2026-03-01T06:56:39.138744325Z
,simulated,0,2026-03-01T06:57:39.153200022Z
,simulated,0,2026-03-01T06:58:39.168559833Z
,simulated,0,2026-03-01T06:59:39.185463272Z
,simulated,0,2026-03-01T07:00:39.1872062Z
,simulated,0,2026-03-01T07:01:39.200299792Z
,simulated,0,2026-03-01T07:02:39.205138112Z
,simulated,0,2026-03-01T07:03:39.217326341Z
,simulated,0,2026-03-01T07:04:39.229798135Z
,simulated,0,2026-03-01T07:05:39.23599246Z
,simulated,0,2026-03-01T07:06:39.251380262Z
,simulated,0,2026-03-01T07:07:39.267179279Z
,simulated,0,2026-03-01T07:08:39.277720445Z
,simulated,0,2026-03-01T07:09:39.29002334Z
,simulated,0,2026-03-01T07:10:39.299551887Z
,simulated,0,2026-03-01T07:11:39.311987703Z
,simulated,0,2026-03-01T07:12:39.325884308Z
,simulated,0,2026-03-01T07:13:39.346868384Z
,simulated,0,2026-03-01T07:14:39.351874188Z
,simulated,0,2026-03-01T07:15:39.360877571Z
,simulated,0,2026-03-01T07:16:39.371713421Z
,simulated,0,2026-03-01T07:17:39.380108184Z
,simulated,0,2026-03-01T07:18:39.389326857Z
,simulated,0,2026-03-01T07:19:39.404326895Z
,simulated,0,2026-03-01T07:20:39.405973481Z
,simulated,0,2026-03-01T07:21:39.418189859Z
,simulated,0,2026-03-01T07:22:39.429485929Z
,simulated,0,2026-03-01T07:23:39.443532017Z
,simulated,0,2026-03-01T07:24:39.45619035Z
,simulated,0,2026-03-01T07:25:39.465776659Z
,simulated,0,2026-03-01T07:26:39.471233007Z
,simulated,0,2026-03-01T07:27:39.47703604Z
,simulated,0,2026-03-01T07:28:39.487570439Z
,simulated,0,2026-03-01T07:29:39.498777549Z
,simulated,0,2026-03-01T07:30:39.515832912Z
,simulated,0,2026-03-01T07:31:39.514318437Z
,simulated,0,2026-03-01T07:32:39.512106154Z
,simulated,0,2026-03-01T07:33:39.520888927Z
,simulated,0,2026-03-01T07:34:39.523202869Z
,simulated,0,2026-03-01T07:35:39.529082386Z
,simulated,0,2026-03-01T07:36:39.541429719Z
,simulated,0,2026-03-01T07:37:39.54572495Z
,simulated,0,2026-03-01T07:38:39.557442401Z
,simulated,0,2026-03-01T07:39:39.565503079Z
,simulated,0,2026-03-01T07:40:39.578778183Z
,simulated,0,2026-03-01T07:41:39.585377627Z
,simulated,0,2026-03-01T07:42:39.595643301Z
,simulated,0,2026-03-01T07:43:39.616027849Z
,simulated,0,2026-03-01T07:44:39.621985826Z
,simulated,0,2026-03-01T07:45:39.631364717Z
,simulated,0,2026-03-01T07:46:39.636992244Z
,simulated,0,2026-03-01T07:47:39.637643756Z
,simulated,0,2026-03-01T07:48:39.646637964Z
,simulated,0,2026-03-01T07:49:39.657370727Z
,simulated,0,2026-03-01T07:50:39.668246153Z
,simulated,0,2026-03-01T07:51:55.312356418Z
,simulated,0,2026-03-01T07:52:55.341597091Z
,simulated,0,2026-03-01T07:53:55.362924113Z
,simulated,0,2026-03-01T07:54:55.388543004Z
,simulated,0,2026-03-01T07:55:55.417016807Z
,simulated,0,2026-03-01T07:56:55.444321239Z
,simulated,0,2026-03-01T07:57:55.475416545Z
,simulated,0,2026-03-01T07:58:55.475138019Z
,simulated,0,2026-03-01T07:59:55.504433446Z
,simulated,1,2026-03-01T08:00:55.530305643Z
,simulated,2,2026-03-01T08:01:55.555438802Z
,simulated,2,2026-03-01T08:02:55.583145789Z
,simulated,1,2026-03-01T08:03:55.611279617Z
,simulated,2,2026-03-01T08:04:55.644980002Z
,simulated,1,2026-03-01T08:05:55.668374219Z
,simulated,1,2026-03-01T08:06:55.695707228Z
,simulated,2,2026-03-01T08:07:55.725401566Z
,simulated,1,2026-03-01T08:08:55.736108405Z
,simulated,2,2026-03-01T08:09:55.749434829Z
,simulated,1,2026-03-01T08:10:55.77131179Z
,simulated,1,2026-03-01T08:11:55.798234952Z
,simulated,2,2026-03-01T08:12:55.826975318Z
,simulated,1,2026-03-01T08:13:55.852095914Z
,simulated,1,2026-03-01T08:14:55.88024392Z
,simulated,1,2026-03-01T08:15:55.900784091Z
,simulated,1,2026-03-01T08:16:55.931687328Z
,simulated,1,2026-03-01T08:17:55.9583639Z
,simulated,2,2026-03-01T08:18:55.986873002Z
,simulated,2,2026-03-01T08:19:56.013520353Z
,simulated,2,2026-03-01T08:20:56.039325745Z
,simulated,2,2026-03-01T08:21:56.060541773Z
,simulated,1,2026-03-01T08:22:56.085433667Z
,simulated,1,2026-03-01T08:23:56.092700438Z
,simulated,2,2026-03-01T08:24:56.09600986Z
,simulated,1,2026-03-01T08:25:56.112506366Z
,simulated,2,2026-03-01T08:26:56.111563297Z
,simulated,1,2026-03-01T08:27:56.140030626Z
,simulated,2,2026-03-01T08:28:56.162686888Z
,simulated,1,2026-03-01T08:29:56.17241127Z
,simulated,1,2026-03-01T08:30:56.172422961Z
,simulated,1,2026-03-01T08:31:56.199254944Z
,simulated,1,2026-03-01T08:32:56.211729804Z
,simulated,1,2026-03-01T08:33:56.233437766Z
,simulated,2,2026-03-01T08:34:56.261124954Z
,simulated,1,2026-03-01T08:35:56.280920933Z
,simulated,2,2026-03-01T08:36:56.299094655Z
,simulated,2,2026-03-01T08:37:56.322708233Z
,simulated,1,2026-03-01T08:38:56.344786142Z
,simulated,2,2026-03-01T08:39:56.365773389Z
,simulated,1,2026-03-01T08:40:56.39847382Z
,simulated,2,2026-03-01T08:41:56.415525563Z
,simulated,1,2026-03-01T08:42:56.444945354Z
,simulated,2,2026-03-01T08:43:56.464432876Z
,simulated,1,2026-03-01T08:44:56.489589085Z
,simulated,2,2026-03-01T08:45:56.50800617Z
,simulated,1,2026-03-01T08:46:56.533354795Z
,simulated,2,2026-03-01T08:47:56.562162339Z
,simulated,2,2026-03-01T08:48:56.581850921Z
,simulated,2,2026-03-01T08:49:56.602821045Z
,simulated,2,2026-03-01T08:50:56.62876736Z
,simulated,1,2026-03-01T08:51:56.653917902Z
,simulated,1,2026-03-01T08:52:56.675418387Z
,simulated,1,2026-03-01T08:53:56.69761181Z
,simulated,1,2026-03-01T08:54:56.716361881Z
,simulated,2,2026-03-01T08:55:56.73755048Z
,simulated,2,2026-03-01T08:56:56.763279227Z
,simulated,1,2026-03-01T08:57:56.780320334Z
,simulated,2,2026-03-01T08:58:56.805839259Z
,simulated,2,2026-03-01T08:59:56.827399503Z
,simulated,3,2026-03-01T09:00:56.857469435Z
,simulated,3,2026-03-01T09:01:56.872272806Z
,simulated,3,2026-03-01T09:02:56.883069537Z
,simulated,2,2026-03-01T09:03:56.891614568Z
,simulated,2,2026-03-01T09:04:56.909146113Z
,simulated,4,2026-03-01T09:05:56.930127064Z
,simulated,3,2026-03-01T09:06:56.951823754Z
,simulated,4,2026-03-01T09:07:56.97472529Z
,simulated,3,2026-03-01T09:08:56.98346712Z
,simulated,4,2026-03-01T09:09:56.998800989Z
,simulated,3,2026-03-01T09:10:57.010881959Z
,simulated,2,2026-03-01T09:11:57.033397596Z
,simulated,2,2026-03-01T09:12:57.052285074Z
,simulated,4,2026-03-01T09:13:57.075896334Z
,simulated,3,2026-03-01T09:14:57.095191408Z
,simulated,4,2026-03-01T09:15:57.096942528Z
,simulated,4,2026-03-01T09:16:57.121444515Z
,simulated,3,2026-03-01T09:17:57.143718395Z
,simulated,3,2026-03-01T09:18:57.17122365Z
,simulated,2,2026-03-01T09:19:57.182555519Z
,simulated,2,2026-03-01T09:20:57.189809319Z
,simulated,2,2026-03-01T09:21:57.201597264Z
,simulated,2,2026-03-01T09:22:57.220473985Z
,simulated,2,2026-03-01T09:23:57.232757733Z
,simulated,2,2026-03-01T09:24:57.247359406Z
,simulated,4,2026-03-01T09:25:57.267045403Z
,simulated,2,2026-03-01T09:26:57.293822427Z
,simulated,3,2026-03-01T09:27:57.300838799Z
,simulated,3,2026-03-01T09:28:57.329646349Z
,simulated,4,2026-03-01T09:29:57.33115478Z
,simulated,4,2026-03-01T09:30:57.339443588Z
,simulated,2,2026-03-01T09:31:57.360200843Z
,simulated,3,2026-03-01T09:32:57.382254786Z
,simulated,3,2026-03-01T09:33:57.385023057Z
,simulated,4,2026-03-01T09:34:57.399771199Z
,simulated,3,2026-03-01T09:35:57.42033912Z
,simulated,4,2026-03-01T09:36:57.436725855Z
,simulated,2,2026-03-01T09:37:57.44547206Z
,simulated,3,2026-03-01T09:38:57.468600687Z
,simulated,4,2026-03-01T09:39:57.488301154Z
,simulated,3,2026-03-01T09:40:57.491583152Z
,simulated,2,2026-03-01T09:41:57.513079578Z
,simulated,3,2026-03-01T09:42:57.528613868Z
,simulated,4,2026-03-01T09:43:57.54736771Z
,simulated,3,2026-03-01T09:44:57.557057215Z
,simulated,2,2026-03-01T09:45:57.556658489Z
,simulated,4,2026-03-01T09:46:57.577087813Z
,simulated,4,2026-03-01T09:47:57.603092857Z
,simulated,4,2026-03-01T09:48:57.609306316Z
,simulated,3,2026-03-01T09:49:57.621678226Z
,simulated,3,2026-03-01T09:50:57.638927577Z
,simulated,4,2026-03-01T09:51:57.65914405Z
,simulated,3,2026-03-01T09:52:57.675548814Z
,simulated,3,2026-03-01T09:53:57.695419522Z
,simulated,3,2026-03-01T09:54:57.717008534Z
,simulated,4,2026-03-01T09:55:57.736586866Z
,simulated,4,2026-03-01T09:56:57.767199153Z
,simulated,4,2026-03-01T09:57:57.775339173Z
,simulated,2,2026-03-01T09:58:57.785304604Z
,simulated,2,2026-03-01T09:59:57.801414853Z
,simulated,4,2026-03-01T10:00:57.817217419Z
,simulated,6,2026-03-01T10:01:57.835193568Z
,simulated,8,2026-03-01T10:02:57.859173908Z
,simulated,4,2026-03-01T10:03:57.878957678Z
,simulated,7,2026-03-01T10:04:57.897380942Z
,simulated,6,2026-03-01T10:05:57.899414523Z
,simulated,9,2026-03-01T10:06:57.915360059Z
,simulated,9,2026-03-01T10:07:57.933572427Z
,simulated,7,2026-03-01T10:08:57.947921765Z
,simulated,8,2026-03-01T10:09:57.972061647Z
,simulated,5,2026-03-01T10:10:57.97490114Z
,simulated,5,2026-03-01T10:11:57.99242398Z
,simulated,5,2026-03-01T10:12:58.010680413Z
,simulated,5,2026-03-01T10:13:58.022102223Z
,simulated,8,2026-03-01T10:14:58.036364187Z
,simulated,6,2026-03-01T10:15:58.055721287Z
,simulated,8,2026-03-01T10:16:58.075927564Z
,simulated,3,2026-03-01T10:17:58.091234407Z
,simulated,6,2026-03-01T10:18:58.100067416Z
,simulated,5,2026-03-01T10:19:58.119203047Z
,simulated,6,2026-03-01T10:20:58.12862864Z
,simulated,8,2026-03-01T10:21:58.147643401Z
,simulated,5,2026-03-01T10:22:58.158663242Z
,simulated,3,2026-03-01T10:23:58.175578174Z
,simulated,8,2026-03-01T10:24:58.179464898Z
,simulated,9,2026-03-01T10:25:58.21194489Z
,simulated,6,2026-03-01T10:26:58.2180461Z
,simulated,3,2026-03-01T10:27:58.229271468Z
,simulated,7,2026-03-01T10:28:58.244064033Z
,simulated,6,2026-03-01T10:29:58.258593748Z
,simulated,3,2026-03-01T10:30:58.274080959Z
,simulated,9,2026-03-01T10:31:58.291191637Z
,simulated,4,2026-03-01T10:32:58.305102011Z
,simulated,7,2026-03-01T10:33:58.323376877Z
,simulated,7,2026-03-01T10:34:58.336484276Z
,simulated,3,2026-03-01T10:35:58.355099622Z
,simulated,5,2026-03-01T10:36:58.364761731Z
,simulated,8,2026-03-01T10:37:58.381726356Z
,simulated,9,2026-03-01T10:38:58.395024312Z
,simulated,7,2026-03-01T10:39:58.411185765Z
,simulated,9,2026-03-01T10:40:58.43109045Z
,simulated,6,2026-03-01T10:41:58.444000825Z
,simulated,6,2026-03-01T10:42:58.463950138Z
,simulated,4,2026-03-01T10:43:58.472555003Z
,simulated,3,2026-03-01T10:44:58.47809335Z
,simulated,7,2026-03-01T10:45:58.491733326Z
,simulated,5,2026-03-01T10:46:58.50648013Z
,simulated,4,2026-03-01T10:47:58.519219294Z
,simulated,9,2026-03-01T10:48:58.533660029Z
,simulated,9,2026-03-01T10:49:58.554622073Z
,simulated,6,2026-03-01T10:50:58.566521956Z
,simulated,8,2026-03-01T10:51:58.575183343Z
,simulated,8,2026-03-01T10:52:58.58059917Z
,simulated,7,2026-03-01T10:53:58.596001581Z
,simulated,6,2026-03-01T10:54:58.612151606Z
,simulated,5,2026-03-01T10:55:58.627123431Z
,simulated,7,2026-03-01T10:56:58.646820412Z
,simulated,9,2026-03-01T10:57:58.656653961Z
,simulated,3,2026-03-01T10:58:58.671612504Z
,simulated,7,2026-03-01T10:59:58.673947996Z
,simulated,12,2026-03-01T11:00:58.68968501Z
,simulated,14,2026-03-01T11:01:58.692777731Z
,simulated,20,2026-03-01T11:02:58.708000389Z
,simulated,10,2026-03-01T11:03:58.722892026Z
,simulated,20,2026-03-01T11:04:58.728581609Z
,simulated,18,2026-03-01T11:05:58.729717411Z
,simulated,10,2026-03-01T11:06:58.731155292Z
,simulated,11,2026-03-01T11:07:58.739914656Z
,simulated,20,2026-03-01T11:08:58.748285424Z
,simulated,11,2026-03-01T11:09:58.76103301Z
,simulated,13,2026-03-01T11:10:58.776736421Z
,simulated,9,2026-03-01T11:11:58.781330793Z
,simulated,14,2026-03-01T11:12:58.780021247Z
,simulated,19,2026-03-01T11:13:58.779885137Z
,simulated,9,2026-03-01T11:14:58.795162833Z
,simulated,13,2026-03-01T11:15:58.800010929Z
,simulated,9,2026-03-01T11:16:58.813653569Z
,simulated,16,2026-03-01T11:17:58.825045461Z
,simulated,10,2026-03-01T11:18:58.836855886Z
,simulated,10,2026-03-01T11:19:58.846610214Z
,simulated,11,2026-03-01T11:20:58.859396393Z
,simulated,8,2026-03-01T11:21:58.877671955Z
,simulated,10,2026-03-01T11:22:58.888075162Z
,simulated,18,2026-03-01T11:23:58.890278626Z
,simulated,16,2026-03-01T11:24:58.904642666Z
,simulated,11,2026-03-01T11:25:58.914966583Z
,simulated,13,2026-03-01T11:26:58.927925926Z
,simulated,15,2026-03-01T11:27:58.942008232Z
,simulated,19,2026-03-01T11:28:58.94352979Z
,simulated,11,2026-03-01T11:29:58.958316747Z
,simulated,18,2026-03-01T11:30:58.958995517Z
,simulated,7,2026-03-01T11:31:58.970350898Z
,simulated,12,2026-03-01T11:32:58.970557063Z
,simulated,20,2026-03-01T11:33:58.969594246Z
,simulated,18,2026-03-01T11:34:58.982084652Z
,simulated,15,2026-03-01T11:35:58.983375913Z
,simulated,10,2026-03-01T11:36:58.989892004Z
,simulated,11,2026-03-01T11:37:58.992737915Z
,simulated,16,2026-03-01T11:38:59.002618493Z
,simulated,11,2026-03-01T11:39:59.015753572Z
,simulated,14,2026-03-01T11:40:59.019390673Z
,simulated,11,2026-03-01T11:41:59.031531319Z
,simulated,17,2026-03-01T11:42:59.039288357Z
,simulated,12,2026-03-01T11:43:59.045172844Z
,simulated,18,2026-03-01T11:44:59.055333354Z
,simulated,17,2026-03-01T11:45:59.065067022Z
,simulated,18,2026-03-01T11:46:59.075380401Z
,simulated,9,2026-03-01T11:47:59.082905368Z
,simulated,16,2026-03-01T11:48:59.094647754Z
,simulated,20,2026-03-01T11:49:59.103859966Z
,simulated,12,2026-03-01T11:50:59.113245716Z
,simulated,13,2026-03-01T11:51:59.120293294Z
,simulated,15,2026-03-01T11:52:59.127381305Z
,simulated,12,2026-03-01T11:53:59.136078181Z
,simulated,12,2026-03-01T11:54:59.141544111Z
,simulated,20,2026-03-01T11:55:59.149369052Z
,simulated,14,2026-03-01T11:56:59.160222369Z
,simulated,11,2026-03-01T11:57:59.175041837Z
,simulated,18,2026-03-01T11:58:59.176441501Z
,simulated,19,2026-03-01T11:59:59.182776227Z
,simulated,31,2026-03-01T12:00:59.194644387Z
,simulated,19,2026-03-01T12:01:59.197758294Z
,simulated,26,2026-03-01T12:02:59.201687738Z
,simulated,31,2026-03-01T12:03:59.212338438Z
,simulated,24,2026-03-01T12:04:59.212925808Z
,simulated,24,2026-03-01T12:05:59.220891759Z
,simulated,15,2026-03-01T12:06:59.223137473Z
,simulated,24,2026-03-01T12:07:59.228992479Z
,simulated,21,2026-03-01T12:08:59.236533326Z
,simulated,25,2026-03-01T12:09:59.248702616Z
,simulated,24,2026-03-01T12:10:59.257551161Z
,simulated,31,2026-03-01T12:11:59.269429989Z
,simulated,23,2026-03-01T12:12:59.273273229Z
,simulated,30,2026-03-01T12:13:59.272945856Z
,simulated,29,2026-03-01T12:14:59.281718964Z
,simulated,30,2026-03-01T12:15:59.291741158Z
,simulated,17,2026-03-01T12:16:59.302542985Z
,simulated,24,2026-03-01T12:17:59.305209845Z
,simulated,25,2026-03-01T12:18:59.307776454Z
,simulated,27,2026-03-01T12:19:59.31539417Z
,simulated,17,2026-03-01T12:20:59.329528076Z
,simulated,31,2026-03-01T12:21:59.336028895Z
,simulated,19,2026-03-01T12:22:59.335992907Z
,simulated,32,2026-03-01T12:23:59.340934953Z
,simulated,30,2026-03-01T12:24:59.341784478Z
,simulated,26,2026-03-01T12:25:59.347207302Z
,simulated,28,2026-03-01T12:26:59.35503728Z
,simulated,29,2026-03-01T12:27:59.36042863Z
,simulated,26,2026-03-01T12:28:59.368429132Z
,simulated,21,2026-03-01T12:29:59.367438337Z
,simulated,22,2026-03-01T12:30:59.382476591Z
,simulated,23,2026-03-01T12:31:59.387721509Z
,simulated,30,2026-03-01T12:32:59.400392028Z
,simulated,32,2026-03-01T12:33:59.390340222Z
,simulated,21,2026-03-01T12:34:59.398596625Z
,simulated,19,2026-03-01T12:35:59.394513983Z
,simulated,21,2026-03-01T12:36:59.400115297Z
,simulated,17,2026-03-01T12:37:59.40297909Z
,simulated,22,2026-03-01T12:38:59.407040839Z
,simulated,26,2026-03-01T12:39:59.411168136Z
,simulated,32,2026-03-01T12:40:59.413554908Z
,simulated,25,2026-03-01T12:41:59.423513993Z
,simulated,15,2026-03-01T12:42:59.432237226Z
,simulated,20,2026-03-01T12:43:59.431371993Z
,simulated,18,2026-03-01T12:44:59.430230233Z
,simulated,15,2026-03-01T12:45:59.435625165Z
,simulated,28,2026-03-01T12:46:59.440201008Z
,simulated,20,2026-03-01T12:47:59.444106347Z
,simulated,25,2026-03-01T12:48:59.448101067Z
,simulated,24,2026-03-01T12:49:59.451482703Z
,simulated,18,2026-03-01T12:50:59.463144362Z
,simulated,30,2026-03-01T12:51:59.462514458Z
,simulated,19,2026-03-01T12:52:59.470557081Z
,simulated,24,2026-03-01T12:53:59.471848397Z
,simulated,23,2026-03-01T12:54:59.471685556Z
,simulated,16,2026-03-01T12:55:59.479478836Z
,simulated,31,2026-03-01T12:56:59.481061428Z
,simulated,18,2026-03-01T12:57:59.485371522Z
,simulated,20,2026-03-01T12:58:59.488121318Z
,simulated,18,2026-03-01T12:59:59.497878184Z
,simulated,27,2026-03-01T13:00:59.495765687Z
,simulated,16,2026-03-01T13:01:59.503149625Z
,simulated,13,2026-03-01T13:02:59.506385239Z
,simulated,19,2026-03-01T13:03:59.505795332Z
,simulated,24,2026-03-01T13:04:59.507908931Z
,simulated,12,2026-03-01T13:05:59.511532802Z
,simulated,26,2026-03-01T13:06:59.51227048Z
,simulated,16,2026-03-01T13:07:59.522343487Z
,simulated,20,2026-03-01T13:08:59.518099856Z
,simulated,19,2026-03-01T13:09:59.521634575Z
,simulated,18,2026-03-01T13:10:59.526722957Z
,simulated,11,2026-03-01T13:11:59.529443151Z
,simulated,14,2026-03-01T13:12:59.533567858Z
,simulated,16,2026-03-01T13:13:59.537057311Z
,simulated,25,2026-03-01T13:14:59.534448574Z
,simulated,14,2026-03-01T13:15:59.535426463Z
,simulated,12,2026-03-01T13:16:59.539449721Z
,simulated,23,2026-03-01T13:17:59.542397568Z
,simulated,15,2026-03-01T13:18:59.543246639Z
,simulated,27,2026-03-01T13:19:59.549619554Z
,simulated,11,2026-03-01T13:20:59.545419027Z
,simulated,26,2026-03-01T13:21:59.547576465Z
,simulated,17,2026-03-01T13:22:59.549352336Z
,simulated,19,2026-03-01T13:23:59.553085813Z
,simulated,25,2026-03-01T13:24:59.552773503Z
,simulated,22,2026-03-01T13:25:59.558354489Z
,simulated,24,2026-03-01T13:26:59.555933841Z
,simulated,17,2026-03-01T13:27:59.558888786Z
,simulated,15,2026-03-01T13:28:59.560901754Z
,simulated,13,2026-03-01T13:29:59.560437888Z
,simulated,16,2026-03-01T13:30:59.55931621Z
,simulated,12,2026-03-01T13:31:59.560263193Z
,simulated,24,2026-03-01T13:32:59.561429687Z
,simulated,20,2026-03-01T13:33:59.563292442Z
,simulated,27,2026-03-01T13:34:59.561474Z
,simulated,19,2026-03-01T13:35:59.561803945Z
,simulated,25,2026-03-01T13:36:59.564911823Z
,simulated,13,2026-03-01T13:37:59.562528363Z
,simulated,20,2026-03-01T13:38:59.562686447Z
,simulated,25,2026-03-01T13:39:59.590529193Z
,simulated,27,2026-03-01T13:40:59.612967972Z
,simulated,26,2026-03-01T13:41:59.641469192Z
,simulated,22,2026-03-01T13:42:59.675643705Z
,simulated,11,2026-03-01T13:43:59.696608673Z
,simulated,21,2026-03-01T13:44:59.728309306Z
,simulated,12,2026-03-01T13:45:59.732606985Z
,simulated,20,2026-03-01T13:46:59.753207652Z
,simulated,12,2026-03-01T13:47:59.770118816Z
,simulated,20,2026-03-01T13:48:59.78833555Z
,simulated,15,2026-03-01T13:49:59.803054833Z
,simulated,17,2026-03-01T13:50:59.824299271Z
,simulated,22,2026-03-01T13:51:59.852708135Z
,simulated,25,2026-03-01T13:52:59.873198113Z
,simulated,19,2026-03-01T13:53:59.900767453Z
,simulated,11,2026-03-01T13:54:59.942035294Z
,simulated,19,2026-03-01T13:55:59.954300098Z
,simulated,27,2026-03-01T13:56:59.982659975Z
,simulated,24,2026-03-01T13:58:00.006103253Z
,simulated,13,2026-03-01T13:59:00.031449161Z
,simulated,25,2026-03-01T14:00:00.049333675Z
,simulated,31,2026-03-01T14:01:00.075381636Z
,simulated,22,2026-03-01T14:02:00.094223586Z
,simulated,35,2026-03-01T14:03:00.115326143Z
,simulated,26,2026-03-01T14:04:00.142442678Z
,simulated,35,2026-03-01T14:05:00.165603537Z
,simulated,26,2026-03-01T14:06:00.193858652Z
,simulated,20,2026-03-01T14:07:00.21755373Z
,simulated,36,2026-03-01T14:08:00.238056619Z
,simulated,37,2026-03-01T14:09:00.266002651Z
,simulated,32,2026-03-01T14:10:00.282784977Z
,simulated,37,2026-03-01T14:11:00.307941571Z
,simulated,37,2026-03-01T14:12:00.336735604Z
,simulated,36,2026-03-01T14:13:00.359380879Z
,simulated,19,2026-03-01T14:14:00.386986488Z
,simulated,36,2026-03-01T14:15:00.407495802Z
,simulated,29,2026-03-01T14:16:00.424744823Z
,simulated,24,2026-03-01T14:17:00.446093634Z
,simulated,35,2026-03-01T14:18:00.451855456Z
,simulated,28,2026-03-01T14:19:00.481148467Z
,simulated,20,2026-03-01T14:20:00.500434298Z
,simulated,30,2026-03-01T14:21:00.524989985Z
,simulated,20,2026-03-01T14:22:00.537792386Z
,simulated,22,2026-03-01T14:23:00.556540261Z
,simulated,18,2026-03-01T14:24:00.576713396Z
,simulated,21,2026-03-01T14:25:00.599141567Z
,simulated,26,2026-03-01T14:26:00.635226945Z
,simulated,35,2026-03-01T14:27:00.653559611Z
,simulated,35,2026-03-01T14:28:00.67162135Z
,simulated,29,2026-03-01T14:29:00.696159714Z
,simulated,20,2026-03-01T14:30:00.719532268Z
,simulated,23,2026-03-01T14:31:00.744808081Z
,simulated,26,2026-03-01T14:32:00.7721548Z
,simulated,19,2026-03-01T14:33:00.781063026Z
,simulated,26,2026-03-01T14:34:00.794741844Z
,simulated,24,2026-03-01T14:35:00.818491359Z
,simulated,18,2026-03-01T14:36:00.842325209Z
,simulated,30,2026-03-01T14:37:00.843819912Z
,simulated,20,2026-03-01T14:38:00.864788297Z
,simulated,36,2026-03-01T14:39:00.891241008Z
,simulated,37,2026-03-01T14:40:00.908875872Z
,simulated,33,2026-03-01T14:41:00.937852613Z
,simulated,28,2026-03-01T14:42:00.959025707Z
,simulated,25,2026-03-01T14:43:00.983548553Z
,simulated,22,2026-03-01T14:44:01.000231245Z
,simulated,34,2026-03-01T14:45:01.026400722Z
,simulated,34,2026-03-01T14:46:01.047285135Z
,simulated,36,2026-03-01T14:47:01.085061993Z
,simulated,32,2026-03-01T14:48:01.078881313Z
,simulated,32,2026-03-01T14:49:01.100614334Z
,simulated,30,2026-03-01T14:50:01.123697584Z
,simulated,25,2026-03-01T14:51:01.143883932Z
,simulated,34,2026-03-01T14:52:01.165481999Z
,simulated,32,2026-03-01T14:53:01.178913968Z
,simulated,32,2026-03-01T14:54:01.202586256Z
,simulated,30,2026-03-01T14:55:01.222051006Z
,simulated,34,2026-03-01T14:56:01.240506689Z
,simulated,33,2026-03-01T14:57:01.255567608Z
,simulated,20,2026-03-01T14:58:01.259436298Z
,simulated,31,2026-03-01T14:59:01.279989797Z
,simulated,24,2026-03-01T15:00:01.300583746Z
,simulated,27,2026-03-01T15:01:01.321515997Z
,simulated,22,2026-03-01T15:02:01.329390546Z
,simulated,41,2026-03-01T15:03:01.357796498Z
,simulated,22,2026-03-01T15:04:01.357145036Z
,simulated,39,2026-03-01T15:05:01.395610194Z
,simulated,29,2026-03-01T15:06:01.400589813Z
,simulated,21,2026-03-01T15:07:01.420048852Z
,simulated,33,2026-03-01T15:08:01.441310873Z
,simulated,26,2026-03-01T15:09:01.442137556Z
,simulated,37,2026-03-01T15:10:01.466447724Z
,simulated,22,2026-03-01T15:11:01.474701798Z
,simulated,41,2026-03-01T15:12:01.4857899Z
,simulated,32,2026-03-01T15:13:01.494078945Z
,simulated,25,2026-03-01T15:14:01.504556067Z
,simulated,40,2026-03-01T15:15:01.52779045Z
,simulated,39,2026-03-01T15:16:01.545189797Z
,simulated,35,2026-03-01T15:17:01.569367975Z
,simulated,30,2026-03-01T15:18:01.587686463Z
,simulated,35,2026-03-01T15:19:01.60609857Z
,simulated,37,2026-03-01T15:20:01.628616764Z
,simulated,32,2026-03-01T15:21:01.634431507Z
,simulated,33,2026-03-01T15:22:01.646953595Z
,simulated,23,2026-03-01T15:23:01.666295246Z
,simulated,22,2026-03-01T15:24:01.674753836Z
,simulated,28,2026-03-01T15:25:01.697225689Z
,simulated,28,2026-03-01T15:26:01.716037214Z
,simulated,38,2026-03-01T15:27:01.732497626Z
,simulated,34,2026-03-01T15:28:01.752059499Z
,simulated,29,2026-03-01T15:29:01.766860725Z
,simulated,23,2026-03-01T15:30:01.783108664Z
,simulated,37,2026-03-01T15:31:01.797815737Z
,simulated,33,2026-03-01T15:32:01.805345341Z
,simulated,30,2026-03-01T15:33:01.811619186Z
,simulated,27,2026-03-01T15:34:01.828507871Z
,simulated,28,2026-03-01T15:35:01.85004327Z
,simulated,22,2026-03-01T15:36:01.860377433Z
,simulated,26,2026-03-01T15:37:01.868697736Z
,simulated,25,2026-03-01T15:38:01.8845313Z
,simulated,22,2026-03-01T15:39:01.903248576Z
,simulated,30,2026-03-01T15:40:01.923046956Z
,simulated,32,2026-03-01T15:41:01.931276723Z
,simulated,22,2026-03-01T15:42:01.939195593Z
,simulated,21,2026-03-01T15:43:01.941133924Z
,simulated,30,2026-03-01T15:44:01.953748913Z
,simulated,38,2026-03-01T15:45:01.971652554Z
,simulated,23,2026-03-01T15:46:01.984517441Z
,simulated,26,2026-03-01T15:47:02.004050051Z
,simulated,37,2026-03-01T15:48:02.009322971Z
,simulated,28,2026-03-01T15:49:02.015070595Z
,simulated,24,2026-03-01T15:50:02.030637839Z
,simulated,37,2026-03-01T15:51:02.042625003Z
,simulated,25,2026-03-01T15:52:02.048453198Z
,simulated,40,2026-03-01T15:53:02.060233874Z
,simulated,26,2026-03-01T15:54:02.072335608Z
,simulated,41,2026-03-01T15:55:02.088198182Z
,simulated,22,2026-03-01T15:56:02.105615475Z
,simulated,33,2026-03-01T15:57:02.116248466Z
,simulated,36,2026-03-01T15:58:02.131185328Z
,simulated,36,2026-03-01T15:59:02.149973832Z
,simulated,15,2026-03-01T16:00:02.174111484Z
,simulated,21,2026-03-01T16:01:02.180988517Z
,simulated,13,2026-03-01T16:02:02.208508499Z
,simulated,30,2026-03-01T16:03:02.214737512Z
,simulated,27,2026-03-01T16:04:02.221199854Z
,simulated,26,2026-03-01T16:05:02.230475823Z
,simulated,24,2026-03-01T16:06:02.244876467Z
,simulated,19,2026-03-01T16:07:02.264798717Z
,simulated,23,2026-03-01T16:08:02.279162116Z
,simulated,22,2026-03-01T16:09:02.28716975Z
,simulated,18,2026-03-01T16:10:02.296697535Z
,simulated,13,2026-03-01T16:11:02.313759816Z
,simulated,26,2026-03-01T16:12:02.3119071Z
,simulated,13,2026-03-01T16:13:02.327568634Z
,simulated,18,2026-03-01T16:14:02.330857471Z
,simulated,25,2026-03-01T16:15:02.34495987Z
,simulated,27,2026-03-01T16:16:02.361045455Z
,simulated,13,2026-03-01T16:17:02.376626107Z
,simulated,26,2026-03-01T16:18:02.38337962Z
,simulated,14,2026-03-01T16:19:02.397484864Z
,simulated,23,2026-03-01T16:20:02.408388406Z
,simulated,17,2026-03-01T16:21:02.411931566Z
,simulated,15,2026-03-01T16:22:02.425382699Z
,simulated,28,2026-03-01T16:23:02.438441428Z
,simulated,20,2026-03-01T16:24:02.455276173Z
,simulated,20,2026-03-01T16:25:02.46619785Z
,simulated,22,2026-03-01T16:26:02.473912525Z
,simulated,20,2026-03-01T16:27:02.485688812Z
,simulated,16,2026-03-01T16:28:02.496337286Z
,simulated,25,2026-03-01T16:29:02.512311843Z
,simulated,16,2026-03-01T16:30:02.526029425Z
,simulated,16,2026-03-01T16:31:02.535182847Z
,simulated,23,2026-03-01T16:32:02.546574031Z
,simulated,26,2026-03-01T16:33:02.566619317Z
,simulated,17,2026-03-01T16:34:02.571045316Z
,simulated,30,2026-03-01T16:35:02.57295852Z
,simulated,15,2026-03-01T16:36:02.587544626Z
,simulated,20,2026-03-01T16:37:02.593979557Z
,simulated,30,2026-03-01T16:38:02.605797451Z
,simulated,26,2026-03-01T16:39:02.611326732Z
,simulated,26,2026-03-01T16:40:02.620068462Z
,simulated,15,2026-03-01T16:41:02.639048588Z
,simulated,28,2026-03-01T16:42:02.636618656Z
,simulated,28,2026-03-01T16:43:02.651066241Z
,simulated,22,2026-03-01T16:44:02.657654087Z
,simulated,16,2026-03-01T16:45:02.674099086Z
,simulated,28,2026-03-01T16:46:02.672152748Z
,simulated,16,2026-03-01T16:47:02.680134683Z
,simulated,19,2026-03-01T16:48:02.687756648Z
,simulated,15,2026-03-01T16:49:02.695208307Z
,simulated,28,2026-03-01T16:50:02.714779347Z
,simulated,24,2026-03-01T16:51:02.711421096Z
,simulated,25,2026-03-01T16:52:02.725863356Z
,simulated,19,2026-03-01T16:53:02.730075965Z
,simulated,20,2026-03-01T16:54:02.743363934Z
,simulated,16,2026-03-01T16:55:02.744884077Z
,simulated,22,2026-03-01T16:56:02.758037337Z
,simulated,15,2026-03-01T16:57:02.759355787Z
,simulated,20,2026-03-01T16:58:02.769853478Z
,simulated,15,2026-03-01T16:59:02.775773017Z
,simulated,18,2026-03-01T17:00:02.787265974Z
,simulated,16,2026-03-01T17:01:02.788814007Z
,simulated,20,2026-03-01T17:02:02.797814982Z
,simulated,11,2026-03-01T17:03:02.798713752Z
,simulated,21,2026-03-01T17:04:02.806743069Z
,simulated,19,2026-03-01T17:05:02.81334835Z
,simulated,16,2026-03-01T17:06:02.82063052Z
,simulated,8,2026-03-01T17:07:02.839619194Z
,simulated,17,2026-03-01T17:08:02.847411348Z
,simulated,21,2026-03-01T17:09:02.849053213Z
,simulated,16,2026-03-01T17:10:02.853353724Z
,simulated,9,2026-03-01T17:11:02.861620137Z
,simulated,21,2026-03-01T17:12:02.86760976Z
,simulated,8,2026-03-01T17:13:02.873317134Z
,simulated,19,2026-03-01T17:14:02.878260255Z
,simulated,18,2026-03-01T17:15:02.887744958Z
,simulated,19,2026-03-01T17:16:02.897085312Z
,simulated,13,2026-03-01T17:17:02.89392801Z
,simulated,13,2026-03-01T17:18:02.899188833Z
,simulated,19,2026-03-01T17:19:02.905920883Z
,simulated,10,2026-03-01T17:20:02.911954491Z
,simulated,18,2026-03-01T17:21:02.918352013Z
,simulated,9,2026-03-01T17:22:02.923231631Z
,simulated,10,2026-03-01T17:23:02.93305897Z
,simulated,11,2026-03-01T17:24:02.934960362Z
,simulated,12,2026-03-01T17:25:02.936776536Z
,simulated,12,2026-03-01T17:26:02.941456639Z
,simulated,15,2026-03-01T17:27:02.943125583Z
,simulated,8,2026-03-01T17:28:02.948093677Z
,simulated,14,2026-03-01T17:29:02.956495185Z
,simulated,9,2026-03-01T17:30:02.961063558Z
,simulated,18,2026-03-01T17:31:02.963134653Z
,simulated,13,2026-03-01T17:32:02.96542105Z
,simulated,8,2026-03-01T17:33:02.96718568Z
,simulated,20,2026-03-01T17:34:02.971406237Z
,simulated,9,2026-03-01T17:35:02.975333903Z
,simulated,15,2026-03-01T17:36:02.981586694Z
,simulated,13,2026-03-01T17:37:02.983604953Z
,simulated,19,2026-03-01T17:38:02.988647466Z
,simulated,11,2026-03-01T17:39:02.992951181Z
,simulated,21,2026-03-01T17:40:02.997326607Z
,simulated,19,2026-03-01T17:41:03.000939038Z
,simulated,20,2026-03-01T17:42:03.002357703Z
,simulated,11,2026-03-01T17:43:03.004799666Z
,simulated,9,2026-03-01T17:44:03.009661159Z
,simulated,10,2026-03-01T17:45:03.01212119Z
,simulated,12,2026-03-01T17:46:03.014470046Z
,simulated,16,2026-03-01T17:47:03.019214778Z
,simulated,16,2026-03-01T17:48:03.020450697Z
,simulated,12,2026-03-01T17:49:03.021201159Z
,simulated,17,2026-03-01T17:50:03.027735914Z
,simulated,16,2026-03-01T17:51:03.025578067Z
,simulated,21,2026-03-01T17:52:03.02941842Z
,simulated,15,2026-03-01T17:53:03.029727995Z
,simulated,8,2026-03-01T17:54:03.041598801Z
,simulated,10,2026-03-01T17:55:03.037791435Z
,simulated,12,2026-03-01T17:56:03.04330698Z
,simulated,17,2026-03-01T17:57:03.043501002Z
,simulated,13,2026-03-01T17:58:03.043778816Z
,simulated,11,2026-03-01T17:59:03.045005397Z
,simulated,9,2026-03-01T18:00:03.052711806Z
,simulated,13,2026-03-01T18:01:03.057509982Z
,simulated,13,2026-03-01T18:02:03.053071844Z
,simulated,10,2026-03-01T18:03:03.054109659Z
,simulated,11,2026-03-01T18:04:03.062194275Z
,simulated,11,2026-03-01T18:05:03.0617086Z
,simulated,9,2026-03-01T18:06:03.055285714Z
,simulated,12,2026-03-01T18:07:03.059409582Z
,simulated,12,2026-03-01T18:08:03.063216229Z
,simulated,12,2026-03-01T18:09:03.066448667Z
,simulated,12,2026-03-01T18:10:03.060845099Z
,simulated,14,2026-03-01T18:11:03.059172666Z
,simulated,9,2026-03-01T18:12:03.058288932Z
,simulated,11,2026-03-01T18:13:03.059235793Z
,simulated,11,2026-03-01T18:14:03.059417416Z
,simulated,11,2026-03-01T18:15:03.061530794Z
,simulated,13,2026-03-01T18:16:03.089871483Z
,simulated,11,2026-03-01T18:17:03.102519202Z
,simulated,15,2026-03-01T18:18:03.132895992Z
,simulated,11,2026-03-01T18:19:03.162535152Z
,simulated,12,2026-03-01T18:20:03.189380534Z
,simulated,9,2026-03-01T18:21:03.223947944Z
,simulated,14,2026-03-01T18:22:03.239361068Z
,simulated,13,2026-03-01T18:23:03.267468249Z
,simulated,10,2026-03-01T18:24:03.297254846Z
,simulated,11,2026-03-01T18:25:03.326985287Z
,simulated,13,2026-03-01T18:26:03.35552473Z
,simulated,10,2026-03-01T18:27:03.382885803Z
,simulated,10,2026-03-01T18:28:03.403903224Z
,simulated,9,2026-03-01T18:29:03.433191457Z
,simulated,13,2026-03-01T18:30:03.464583057Z
,simulated,12,2026-03-01T18:31:03.486024085Z
,simulated,15,2026-03-01T18:32:03.517344879Z
,simulated,13,2026-03-01T18:33:03.537001622Z
,simulated,10,2026-03-01T18:34:03.559796282Z
,simulated,13,2026-03-01T18:35:03.566634518Z
,simulated,14,2026-03-01T18:36:03.589891175Z
,simulated,9,2026-03-01T18:37:03.609527986Z
,simulated,13,2026-03-01T18:38:03.618655142Z
,simulated,8,2026-03-01T18:39:03.635124739Z
,simulated,11,2026-03-01T18:40:03.662410452Z
,simulated,15,2026-03-01T18:41:03.690699172Z
,simulated,11,2026-03-01T18:42:03.716465174Z
,simulated,12,2026-03-01T18:43:03.73929851Z
,simulated,13,2026-03-01T18:44:03.768206249Z
,simulated,9,2026-03-01T18:45:03.792522675Z
,simulated,10,2026-03-01T18:46:03.806353665Z
,simulated,14,2026-03-01T18:47:03.821473947Z
,simulated,13,2026-03-01T18:48:03.846527555Z
,simulated,9,2026-03-01T18:49:03.871725387Z
,simulated,14,2026-03-01T18:50:03.899377463Z
,simulated,14,2026-03-01T18:51:03.925218667Z
,simulated,11,2026-03-01T18:52:03.955219036Z
,simulated,9,2026-03-01T18:53:03.970652917Z
,simulated,9,2026-03-01T18:54:03.996907003Z
,simulated,14,2026-03-01T18:55:04.020452457Z
,simulated,10,2026-03-01T18:56:04.042983444Z
,simulated,8,2026-03-01T18:57:04.068277163Z
,simulated,12,2026-03-01T18:58:04.088998243Z
,simulated,15,2026-03-01T18:59:04.112266094Z
,simulated,6,2026-03-01T19:00:04.137804472Z
,simulated,8,2026-03-01T19:01:04.161933311Z
,simulated,6,2026-03-01T19:02:04.187005912Z
,simulated,10,2026-03-01T19:03:04.223106749Z
,simulated,6,2026-03-01T19:04:04.232245541Z
,simulated,10,2026-03-01T19:05:04.259369368Z
,simulated,10,2026-03-01T19:06:04.281213274Z
,simulated,8,2026-03-01T19:07:04.300229472Z
,simulated,4,2026-03-01T19:08:04.311408923Z
,simulated,10,2026-03-01T19:09:04.310254036Z
,simulated,8,2026-03-01T19:10:04.338579468Z
,simulated,4,2026-03-01T19:11:04.366423579Z
,simulated,11,2026-03-01T19:12:04.386286358Z
,simulated,9,2026-03-01T19:13:04.401508754Z
,simulated,6,2026-03-01T19:14:04.404396185Z
,simulated,11,2026-03-01T19:15:04.431750468Z
,simulated,9,2026-03-01T19:16:04.451455239Z
,simulated,9,2026-03-01T19:17:04.477309766Z
,simulated,10,2026-03-01T19:18:04.497733768Z
,simulated,10,2026-03-01T19:19:04.519240055Z
,simulated,8,2026-03-01T19:20:04.55026824Z
,simulated,6,2026-03-01T19:21:04.565026051Z
,simulated,6,2026-03-01T19:22:04.59743215Z
,simulated,5,2026-03-01T19:23:04.591121432Z
,simulated,5,2026-03-01T19:24:04.603918243Z
,simulated,8,2026-03-01T19:25:04.628936543Z
,simulated,5,2026-03-01T19:26:04.65521916Z
,simulated,8,2026-03-01T19:27:04.675485424Z
,simulated,5,2026-03-01T19:28:04.687669449Z
,simulated,11,2026-03-01T19:29:04.698547097Z
,simulated,6,2026-03-01T19:30:04.730590879Z
,simulated,8,2026-03-01T19:31:04.734096879Z
,simulated,5,2026-03-01T19:32:04.743291509Z
,simulated,8,2026-03-01T19:33:04.773617916Z
,simulated,9,2026-03-01T19:34:04.779950103Z
,simulated,4,2026-03-01T19:35:04.805721021Z
,simulated,5,2026-03-01T19:36:04.815789493Z
,simulated,5,2026-03-01T19:37:04.816356115Z
,simulated,7,2026-03-01T19:38:04.843090257Z
,simulated,6,2026-03-01T19:39:04.862731848Z
,simulated,8,2026-03-01T19:40:04.883103571Z
,simulated,8,2026-03-01T19:41:04.899268076Z
,simulated,4,2026-03-01T19:42:04.923077965Z
,simulated,4,2026-03-01T19:43:04.943259153Z
,simulated,8,2026-03-01T19:44:04.967854124Z
,simulated,4,2026-03-01T19:45:04.988198958Z
,simulated,4,2026-03-01T19:46:05.008545964Z
,simulated,10,2026-03-01T19:47:05.036379679Z
,simulated,8,2026-03-01T19:48:05.061868775Z
,simulated,9,2026-03-01T19:49:05.092690871Z
,simulated,9,2026-03-01T19:50:05.09422199Z
,simulated,11,2026-03-01T19:51:05.108241811Z
,simulated,9,2026-03-01T19:52:05.136323697Z
,simulated,6,2026-03-01T19:53:05.144973857Z
,simulated,6,2026-03-01T19:54:05.173785464Z
,simulated,11,2026-03-01T19:55:05.189082746Z
,simulated,5,2026-03-01T19:56:05.210125521Z
,simulated,5,2026-03-01T19:57:05.234992559Z
,simulated,9,2026-03-01T19:58:05.256330184Z
,simulated,6,2026-03-01T19:59:05.272884947Z
,simulated,5,2026-03-01T20:00:05.295818941Z
,simulated,10,2026-03-01T20:01:05.303974566Z
,simulated,9,2026-03-01T20:02:05.326822313Z
,simulated,5,2026-03-01T20:03:05.33112227Z
,simulated,8,2026-03-01T20:04:05.326440703Z
,simulated,9,2026-03-01T20:05:05.349128734Z
,simulated,6,2026-03-01T20:06:05.357048338Z
,simulated,8,2026-03-01T20:07:05.377796839Z
,simulated,10,2026-03-01T20:08:05.395340785Z
,simulated,9,2026-03-01T20:09:05.418580943Z
,simulated,7,2026-03-01T20:10:05.438705348Z
,simulated,5,2026-03-01T20:11:05.451850358Z
,simulated,10,2026-03-01T20:12:05.473804106Z
,simulated,10,2026-03-01T20:13:05.488018503Z
,simulated,8,2026-03-01T20:14:05.497556399Z
,simulated,6,2026-03-01T20:15:05.519587838Z
,simulated,10,2026-03-01T20:16:05.540416111Z
,simulated,9,2026-03-01T20:17:05.567489913Z
,simulated,5,2026-03-01T20:18:05.583105249Z
,simulated,7,2026-03-01T20:19:05.604462517Z
,simulated,10,2026-03-01T20:20:05.624559306Z
,simulated,10,2026-03-01T20:21:05.648914664Z
,simulated,10,2026-03-01T20:22:05.663300135Z
,simulated,9,2026-03-01T20:23:05.682252764Z
,simulated,5,2026-03-01T20:24:05.694593171Z
,simulated,7,2026-03-01T20:25:05.712573718Z
,simulated,10,2026-03-01T20:26:05.731206825Z
,simulated,9,2026-03-01T20:27:05.751182384Z
,simulated,5,2026-03-01T20:28:05.763476406Z
,simulated,5,2026-03-01T20:29:05.785376655Z
,simulated,8,2026-03-01T20:30:05.797192127Z
,simulated,10,2026-03-01T20:31:05.810223548Z
,simulated,10,2026-03-01T20:32:05.819503569Z
,simulated,8,2026-03-01T20:33:05.841810447Z
,simulated,5,2026-03-01T20:34:05.856651325Z
,simulated,8,2026-03-01T20:35:05.872188462Z
,simulated,9,2026-03-01T20:36:05.894023582Z
,simulated,7,2026-03-01T20:37:05.892542509Z
,simulated,9,2026-03-01T20:38:05.907833302Z
,simulated,7,2026-03-01T20:39:05.918069078Z
,simulated,5,2026-03-01T20:40:05.937987902Z
,simulated,9,2026-03-01T20:41:05.956151641Z
,simulated,8,2026-03-01T20:42:05.971505245Z
,simulated,5,2026-03-01T20:43:05.974911441Z
,simulated,8,2026-03-01T20:44:05.984377432Z
,simulated,9,2026-03-01T20:45:06.002045777Z
,simulated,6,2026-03-01T20:46:06.024802697Z
,simulated,5,2026-03-01T20:47:06.039165786Z
,simulated,5,2026-03-01T20:48:06.047632603Z
,simulated,5,2026-03-01T20:49:06.052446772Z
,simulated,7,2026-03-01T20:50:06.06842166Z
,simulated,7,2026-03-01T20:51:06.087166005Z
,simulated,5,2026-03-01T20:52:06.10491669Z
,simulated,5,2026-03-01T20:53:06.123758024Z
,simulated,5,2026-03-01T20:54:06.139699367Z
,simulated,5,2026-03-01T20:55:06.155049921Z
,simulated,6,2026-03-01T20:56:06.171125548Z
,simulated,8,2026-03-01T20:57:06.188912207Z
,simulated,10,2026-03-01T20:58:06.209662809Z
,simulated,5,2026-03-01T20:59:06.22776298Z
,simulated,4,2026-03-01T21:00:06.25177301Z
,simulated,6,2026-03-01T21:01:06.265441716Z
,simulated,4,2026-03-01T21:02:06.273426689Z
,simulated,6,2026-03-01T21:03:06.287151723Z
,simulated,5,2026-03-01T21:04:06.299405586Z
,simulated,7,2026-03-01T21:05:06.302785171Z
,simulated,5,2026-03-01T21:06:06.322667275Z
,simulated,6,2026-03-01T21:07:06.341313601Z
,simulated,5,2026-03-01T21:08:06.357486074Z
,simulated,5,2026-03-01T21:09:06.362284987Z
,simulated,4,2026-03-01T21:10:06.371316419Z
,simulated,6,2026-03-01T21:11:06.382897653Z
,simulated,7,2026-03-01T21:12:06.398728278Z
,simulated,5,2026-03-01T21:13:06.403132655Z
,simulated,7,2026-03-01T21:14:06.421093284Z
,simulated,4,2026-03-01T21:15:06.438653408Z
,simulated,6,2026-03-01T21:16:06.454232651Z
,simulated,5,2026-03-01T21:17:06.468288244Z
,simulated,4,2026-03-01T21:18:06.474176271Z
,simulated,5,2026-03-01T21:19:06.483134081Z
,simulated,5,2026-03-01T21:20:06.485557586Z
,simulated,7,2026-03-01T21:21:06.502704199Z
,simulated,3,2026-03-01T21:22:06.5191647Z
,simulated,5,2026-03-01T21:23:06.533887367Z
,simulated,3,2026-03-01T21:24:06.551054401Z
,simulated,3,2026-03-01T21:25:06.556514949Z
,simulated,3,2026-03-01T21:26:06.567672289Z
,simulated,7,2026-03-01T21:27:06.571706569Z
,simulated,3,2026-03-01T21:28:06.586962845Z
,simulated,4,2026-03-01T21:29:06.600042309Z
,simulated,3,2026-03-01T21:30:06.624912023Z
,simulated,3,2026-03-01T21:31:06.625893037Z
,simulated,6,2026-03-01T21:32:06.64337924Z
,simulated,6,2026-03-01T21:33:06.651605949Z
,simulated,6,2026-03-01T21:34:06.659705656Z
,simulated,7,2026-03-01T21:35:06.657677742Z
,simulated,3,2026-03-01T21:36:06.672566905Z
,simulated,3,2026-03-01T21:37:06.684806572Z
,simulated,5,2026-03-01T21:38:06.686533377Z
,simulated,3,2026-03-01T21:39:06.687948323Z
,simulated,3,2026-03-01T21:40:06.699093733Z
,simulated,7,2026-03-01T21:41:06.712740986Z
,simulated,7,2026-03-01T21:42:06.723797202Z
,simulated,6,2026-03-01T21:43:06.739188103Z
,simulated,6,2026-03-01T21:44:06.751815707Z
,simulated,7,2026-03-01T21:45:06.766846019Z
,simulated,3,2026-03-01T21:46:06.782257437Z
,simulated,4,2026-03-01T21:47:06.791866605Z
,simulated,6,2026-03-01T21:48:06.807555974Z
,simulated,3,2026-03-01T21:49:06.827354767Z
,simulated,7,2026-03-01T21:50:06.836083848Z
,simulated,4,2026-03-01T21:51:06.846629868Z
,simulated,6,2026-03-01T21:52:06.858371757Z
,simulated,5,2026-03-01T21:53:06.877314507Z
,simulated,4,2026-03-01T21:54:06.884049372Z
,simulated,5,2026-03-01T21:55:06.894030028Z
,simulated,7,2026-03-01T21:56:06.906793609Z
,simulated,6,2026-03-01T21:57:06.923354447Z
,simulated,7,2026-03-01T21:58:06.929925982Z
,simulated,6,2026-03-01T21:59:06.938845073Z
,simulated,3,2026-03-01T22:00:06.951070327Z
,simulated,7,2026-03-01T22:01:06.956424568Z
,simulated,3,2026-03-01T22:02:06.973706291Z
,simulated,6,2026-03-01T22:03:06.973578126Z
,simulated,4,2026-03-01T22:04:06.984979597Z
,simulated,6,2026-03-01T22:05:06.993385577Z
,simulated,6,2026-03-01T22:06:06.997406726Z
,simulated,5,2026-03-01T22:07:06.999866679Z
,simulated,5,2026-03-01T22:08:07.010242584Z
,simulated,5,2026-03-01T22:09:07.021770781Z
,simulated,5,2026-03-01T22:10:07.023375626Z
,simulated,4,2026-03-01T22:11:07.033178315Z
,simulated,7,2026-03-01T22:12:07.043731353Z
,simulated,7,2026-03-01T22:13:07.055153868Z
,simulated,5,2026-03-01T22:14:07.065606802Z
,simulated,4,2026-03-01T22:15:07.076430486Z
,simulated,6,2026-03-01T22:16:07.089098981Z
,simulated,3,2026-03-01T22:17:07.098413832Z
,simulated,3,2026-03-01T22:18:07.105811376Z
,simulated,4,2026-03-01T22:19:07.115181449Z
,simulated,5,2026-03-01T22:20:07.119095829Z
,simulated,6,2026-03-01T22:21:07.118878478Z
,simulated,7,2026-03-01T22:22:07.128447684Z
,simulated,5,2026-03-01T22:23:07.133545079Z
,simulated,3,2026-03-01T22:24:07.139132838Z
,simulated,3,2026-03-01T22:25:07.149485901Z
,simulated,6,2026-03-01T22:26:07.159478172Z
,simulated,6,2026-03-01T22:27:07.167180463Z
,simulated,4,2026-03-01T22:28:07.167415229Z
,simulated,5,2026-03-01T22:29:07.167501483Z
,simulated,3,2026-03-01T22:30:07.174044015Z
,simulated,7,2026-03-01T22:31:07.18318432Z
,simulated,6,2026-03-01T22:32:07.188344703Z
,simulated,7,2026-03-01T22:33:07.196600673Z
,simulated,6,2026-03-01T22:34:07.201196109Z
,simulated,6,2026-03-01T22:35:07.209028857Z
,simulated,3,2026-03-01T22:36:07.221762067Z
,simulated,7,2026-03-01T22:37:07.223957536Z
,simulated,3,2026-03-01T22:38:07.235489705Z
,simulated,6,2026-03-01T22:39:07.233199533Z
,simulated,7,2026-03-01T22:40:07.244343968Z
,simulated,6,2026-03-01T22:41:07.253286481Z
,simulated,6,2026-03-01T22:42:07.263077326Z
,simulated,7,2026-03-01T22:43:07.260657609Z
,simulated,5,2026-03-01T22:44:07.265590487Z
,simulated,5,2026-03-01T22:45:07.274210985Z
,simulated,4,2026-03-01T22:46:07.281247126Z
,simulated,7,2026-03-01T22:47:07.289545138Z
,simulated,4,2026-03-01T22:48:07.293444957Z
,simulated,7,2026-03-01T22:49:07.303477682Z
,simulated,5,2026-03-01T22:50:07.310337724Z
,simulated,7,2026-03-01T22:51:07.322905923Z
,simulated,4,2026-03-01T22:52:07.326805943Z
,simulated,6,2026-03-01T22:53:07.321028319Z
,simulated,4,2026-03-01T22:54:07.324189241Z
,simulated,7,2026-03-01T22:55:07.328150808Z
,simulated,5,2026-03-01T22:56:07.334756721Z
,simulated,5,2026-03-01T22:57:07.351189142Z
,simulated,5,2026-03-01T22:58:07.347118577Z
,simulated,3,2026-03-01T22:59:07.349553895Z
,simulated,5,2026-03-01T23:00:07.353162309Z
,simulated,7,2026-03-01T23:01:07.3601799Z
,simulated,4,2026-03-01T23:02:07.366062635Z
,simulated,3,2026-03-01T23:03:07.36205483Z
,simulated,4,2026-03-01T23:04:07.363856379Z
,simulated,7,2026-03-01T23:05:07.371171492Z
,simulated,3,2026-03-01T23:06:07.378421629Z
,simulated,5,2026-03-01T23:07:07.384432465Z
,simulated,5,2026-03-01T23:08:07.386123126Z
,simulated,7,2026-03-01T23:09:07.392741265Z
,simulated,3,2026-03-01T23:10:07.398679019Z
,simulated,6,2026-03-01T23:11:07.404218404Z
,simulated,7,2026-03-01T23:12:07.409650895Z
,simulated,5,2026-03-01T23:13:07.419333904Z
,simulated,6,2026-03-01T23:14:07.416695964Z
,simulated,3,2026-03-01T23:15:07.420439712Z
,simulated,6,2026-03-01T23:16:07.425463079Z
,simulated,5,2026-03-01T23:17:07.425311116Z
,simulated,5,2026-03-01T23:18:07.425837175Z
,simulated,3,2026-03-01T23:19:07.429753006Z
,simulated,3,2026-03-01T23:20:07.437080321Z
,simulated,3,2026-03-01T23:21:07.437376857Z
,simulated,7,2026-03-01T23:22:07.440012509Z
,simulated,4,2026-03-01T23:23:07.448959437Z
,simulated,4,2026-03-01T23:24:07.448300381Z
,simulated,6,2026-03-01T23:25:07.461099148Z
,simulated,6,2026-03-01T23:26:07.455232762Z
,simulated,4,2026-03-01T23:27:07.453948613Z
,simulated,7,2026-03-01T23:28:07.459487629Z
,simulated,5,2026-03-01T23:29:07.464532868Z
,simulated,6,2026-03-01T23:30:07.464347673Z
,simulated,6,2026-03-01T23:31:07.48305172Z
,simulated,6,2026-03-01T23:32:07.467994937Z
,simulated,4,2026-03-01T23:33:07.479694388Z
,simulated,6,2026-03-01T23:34:07.475365253Z
,simulated,5,2026-03-01T23:35:07.480043659Z
,simulated,7,2026-03-01T23:36:07.480004562Z
,simulated,4,2026-03-01T23:37:07.48680495Z
,simulated,3,2026-03-01T23:38:07.480826316Z
,simulated,6,2026-03-01T23:39:07.488880903Z
,simulated,3,2026-03-01T23:40:07.487046448Z
,simulated,4,2026-03-01T23:41:07.495892092Z
,simulated,5,2026-03-01T23:42:07.49351414Z
,simulated,6,2026-03-01T23:43:07.496694699Z
,simulated,5,2026-03-01T23:44:07.498487179Z
,simulated,3,2026-03-01T23:45:07.503035138Z
,simulated,3,2026-03-01T23:46:07.502313271Z
,simulated,5,2026-03-01T23:47:07.508907456Z
,simulated,3,2026-03-01T23:48:07.507652713Z
,simulated,4,2026-03-01T23:49:07.510633995Z
,simulated,4,2026-03-01T23:50:07.51257822Z
,simulated,6,2026-03-01T23:51:07.515658545Z
,simulated,7,2026-03-01T23:52:07.515588323Z
,simulated,5,2026-03-01T23:53:07.515213306Z
,simulated,4,2026-03-01T23:54:07.519044611Z
,simulated,4,2026-03-01T23:55:07.515097846Z
,simulated,7,2026-03-01T23:56:07.519944739Z
,simulated,5,2026-03-01T23:57:07.517337038Z
,simulated,5,2026-03-01T23:58:07.521954961Z
,simulated,5,2026-03-01T23:59:07.518144676Z
,simulated,0,2026-03-02T00:00:07.526322631Z
,simulated,0,2026-03-02T00:01:07.521089502Z
,simulated,0,2026-03-02T00:02:07.518052342Z
,simulated,0,2026-03-02T00:03:07.520305406Z
,simulated,0,2026-03-02T00:04:07.517844438Z
,simulated,0,2026-03-02T00:05:07.518512091Z
,simulated,0,2026-03-02T00:06:07.519982715Z
,simulated,0,2026-03-02T00:07:07.551395414Z
,simulated,0,2026-03-02T00:08:07.552829393Z
,simulated,0,2026-03-02T00:09:07.576846441Z
,simulated,0,2026-03-02T00:10:07.603828263Z
,simulated,0,2026-03-02T00:11:07.635974487Z
,simulated,0,2026-03-02T00:12:07.663346093Z
,simulated,0,2026-03-02T00:13:07.685122016Z
,simulated,0,2026-03-02T00:14:07.699947892Z
,simulated,0,2026-03-02T00:15:07.72238692Z
,simulated,0,2026-03-02T00:16:07.747293104Z
,simulated,0,2026-03-02T00:17:07.777075961Z
,simulated,0,2026-03-02T00:18:07.806160429Z
,simulated,0,2026-03-02T00:19:07.829700145Z
,simulated,0,2026-03-02T00:20:07.843294104Z
,simulated,0,2026-03-02T00:21:07.871423107Z
,simulated,0,2026-03-02T00:22:07.898237522Z
,simulated,0,2026-03-02T00:23:07.899502129Z
,simulated,0,2026-03-02T00:24:07.941856866Z
,simulated,0,2026-03-02T00:25:07.952728753Z
,simulated,0,2026-03-02T00:26:07.980336312Z
,simulated,0,2026-03-02T00:27:07.991679771Z
,simulated,0,2026-03-02T00:28:08.006385101Z
,simulated,0,2026-03-02T00:29:08.032903486Z
,simulated,0,2026-03-02T00:30:08.056666504Z
,simulated,0,2026-03-02T00:31:08.087515097Z
,simulated,0,2026-03-02T00:32:08.116689832Z
,simulated,0,2026-03-02T00:33:08.137781219Z
,simulated,0,2026-03-02T00:34:08.170292067Z
,simulated,0,2026-03-02T00:35:08.188412072Z
,simulated,0,2026-03-02T00:36:08.218925618Z
,simulated,0,2026-03-02T00:37:08.241932078Z
,simulated,0,2026-03-02T00:38:08.270061614Z
,simulated,0,2026-03-02T00:39:08.29080468Z
,simulated,0,2026-03-02T00:40:08.319999231Z
,simulated,0,2026-03-02T00:41:08.347268546Z
,simulated,0,2026-03-02T00:42:08.369057763Z
,simulated,0,2026-03-02T00:43:08.399350557Z
,simulated,0,2026-03-02T00:44:08.419518208Z
,simulated,0,2026-03-02T00:45:08.461207758Z
,simulated,0,2026-03-02T00:46:08.475395844Z
,simulated,0,2026-03-02T00:47:08.49245308Z
,simulated,0,2026-03-02T00:48:08.504170582Z
,simulated,0,2026-03-02T00:49:08.529901561Z
,simulated,0,2026-03-02T00:50:08.535861309Z
,simulated,0,2026-03-02T00:51:08.562148936Z
,simulated,0,2026-03-02T00:52:08.586053629Z
,simulated,0,2026-03-02T00:53:08.630487442Z
,simulated,0,2026-03-02T00:54:08.622968416Z
,simulated,0,2026-03-02T00:55:08.6528045Z
,simulated,0,2026-03-02T00:56:08.673449178Z
,simulated,0,2026-03-02T00:57:08.694322902Z
,simulated,0,2026-03-02T00:58:08.706980719Z
,simulated,0,2026-03-02T00:59:08.707498783Z
,simulated,0,2026-03-02T01:00:08.731159078Z
,simulated,0,2026-03-02T01:01:08.745157414Z
,simulated,0,2026-03-02T01:02:08.754442107Z
,simulated,0,2026-03-02T01:03:08.771406564Z
,simulated,0,2026-03-02T01:04:08.79444108Z
,simulated,0,2026-03-02T01:05:08.814931954Z
,simulated,0,2026-03-02T01:06:08.814793073Z
,simulated,0,2026-03-02T01:07:08.843908481Z
,simulated,0,2026-03-02T01:08:08.866587053Z
,simulated,0,2026-03-02T01:09:08.877088354Z
,simulated,0,2026-03-02T01:10:08.900195806Z
,simulated,0,2026-03-02T01:11:08.923167912Z
,simulated,0,2026-03-02T01:12:08.948870508Z
,simulated,0,2026-03-02T01:13:08.967200703Z
,simulated,0,2026-03-02T01:14:08.993129677Z
,simulated,0,2026-03-02T01:15:09.016073668Z
,simulated,0,2026-03-02T01:16:09.019926273Z
,simulated,0,2026-03-02T01:17:09.032147704Z
,simulated,0,2026-03-02T01:18:09.042174624Z
,simulated,0,2026-03-02T01:19:09.065895163Z
,simulated,0,2026-03-02T01:20:09.078831763Z
,simulated,0,2026-03-02T01:21:09.097534657Z
,simulated,0,2026-03-02T01:22:09.124510228Z
,simulated,0,2026-03-02T01:23:09.148393529Z
,simulated,0,2026-03-02T01:24:09.164790528Z
,simulated,0,2026-03-02T01:25:09.171040649Z
,simulated,0,2026-03-02T01:26:09.190039681Z
,simulated,0,2026-03-02T01:27:09.211638259Z
,simulated,0,2026-03-02T01:28:09.234316978Z
,simulated,0,2026-03-02T01:29:09.26279433Z
,simulated,0,2026-03-02T01:30:09.275826775Z
,simulated,0,2026-03-02T01:31:09.294299232Z
,simulated,0,2026-03-02T01:32:09.297142594Z
,simulated,0,2026-03-02T01:33:09.311658502Z
,simulated,0,2026-03-02T01:34:09.322471191Z
,simulated,0,2026-03-02T01:35:09.340807198Z
,simulated,0,2026-03-02T01:36:09.346105926Z
,simulated,0,2026-03-02T01:37:09.367499951Z
,simulated,0,2026-03-02T01:38:09.380833543Z
,simulated,0,2026-03-02T01:39:09.39810549Z
,simulated,0,2026-03-02T01:40:09.423391171Z
,simulated,0,2026-03-02T01:41:09.432371738Z
,simulated,0,2026-03-02T01:42:09.45246729Z
,simulated,0,2026-03-02T01:43:09.465490704Z
,simulated,0,2026-03-02T01:44:09.476004243Z
,simulated,0,2026-03-02T01:45:09.490281447Z
,simulated,0,2026-03-02T01:46:09.507113014Z
,simulated,0,2026-03-02T01:47:09.525488526Z
,simulated,0,2026-03-02T01:48:09.546117471Z
,simulated,0,2026-03-02T01:49:09.558920026Z
,simulated,0,2026-03-02T01:50:09.572089003Z
,simulated,0,2026-03-02T01:51:09.5940927Z
,simulated,0,2026-03-02T01:52:09.602405937Z
,simulated,0,2026-03-02T01:53:09.622327443Z
,simulated,0,2026-03-02T01:54:09.633908848Z
,simulated,0,2026-03-02T01:55:09.645071496Z
,simulated,0,2026-03-02T01:56:09.668688766Z
,simulated,0,2026-03-02T01:57:09.666927407Z
,simulated,0,2026-03-02T01:58:09.683047311Z
,simulated,0,2026-03-02T01:59:09.697747385Z
,simulated,0,2026-03-02T02:00:09.709548486Z
,simulated,0,2026-03-02T02:01:09.717892382Z
,simulated,0,2026-03-02T02:02:09.72361321Z
,simulated,0,2026-03-02T02:03:09.749272843Z
,simulated,0,2026-03-02T02:04:09.752262874Z
,simulated,0,2026-03-02T02:05:09.770045166Z
,simulated,0,2026-03-02T02:06:09.786698859Z
,simulated,0,2026-03-02T02:07:09.806665312Z
,simulated,0,2026-03-02T02:08:09.810224698Z
,simulated,0,2026-03-02T02:09:09.828987518Z
,simulated,0,2026-03-02T02:10:09.842664044Z
,simulated,0,2026-03-02T02:11:09.864152748Z
,simulated,0,2026-03-02T02:12:09.871561738Z
,simulated,0,2026-03-02T02:13:09.889140789Z
,simulated,0,2026-03-02T02:14:09.904573729Z
,simulated,0,2026-03-02T02:15:09.920405927Z
,simulated,0,2026-03-02T02:16:09.931622464Z
,simulated,0,2026-03-02T02:17:09.945217171Z
,simulated,0,2026-03-02T02:18:09.960303664Z
,simulated,0,2026-03-02T02:19:09.963237559Z
,simulated,0,2026-03-02T02:20:09.977551481Z
,simulated,0,2026-03-02T02:21:09.992671918Z
,simulated,0,2026-03-02T02:22:10.003746301Z
,simulated,0,2026-03-02T02:23:10.019994996Z
,simulated,0,2026-03-02T02:24:10.03516785Z
,simulated,0,2026-03-02T02:25:10.054324045Z
,simulated,0,2026-03-02T02:26:10.067993041Z
,simulated,0,2026-03-02T02:27:10.07806063Z
,simulated,0,2026-03-02T02:28:10.091378816Z
,simulated,0,2026-03-02T02:29:10.095520386Z
,simulated,0,2026-03-02T02:30:10.108450732Z
,simulated,0,2026-03-02T02:31:10.127313602Z
,simulated,0,2026-03-02T02:32:10.136475741Z
,simulated,0,2026-03-02T02:33:10.140810913Z
,simulated,0,2026-03-02T02:34:10.149712945Z
,simulated,0,2026-03-02T02:35:10.164678502Z
,simulated,0,2026-03-02T02:36:10.17109102Z
,simulated,0,2026-03-02T02:37:10.17682768Z
,simulated,0,2026-03-02T02:38:10.191484361Z
,simulated,0,2026-03-02T02:39:10.204740969Z
,simulated,0,2026-03-02T02:40:10.221546507Z
,simulated,0,2026-03-02T02:41:10.224981738Z
,simulated,0,2026-03-02T02:42:10.238639497Z
,simulated,0,2026-03-02T02:43:10.250533513Z
,simulated,0,2026-03-02T02:44:10.255151812Z
,simulated,0,2026-03-02T02:45:10.264128161Z
,simulated,0,2026-03-02T02:46:10.278126683Z
,simulated,0,2026-03-02T02:47:10.292685214Z
,simulated,0,2026-03-02T02:48:10.295437051Z
,simulated,0,2026-03-02T02:49:10.306280784Z
,simulated,0,2026-03-02T02:50:10.314355725Z
,simulated,0,2026-03-02T02:51:10.320342531Z
,simulated,0,2026-03-02T02:52:10.331537291Z
,simulated,0,2026-03-02T02:53:10.344666995Z
,simulated,0,2026-03-02T02:54:10.359304949Z
,simulated,0,2026-03-02T02:55:10.369655575Z
,simulated,0,2026-03-02T02:56:10.371118115Z
,simulated,0,2026-03-02T02:57:10.38274796Z
,simulated,0,2026-03-02T02:58:10.396366541Z
,simulated,0,2026-03-02T02:59:10.399501269Z
,simulated,0,2026-03-02T03:00:10.409656747Z
,simulated,0,2026-03-02T03:01:10.419611889Z
,simulated,0,2026-03-02T03:02:10.431268297Z
,simulated,0,2026-03-02T03:03:10.441754729Z
,simulated,0,2026-03-02T03:04:10.462003922Z
,simulated,0,2026-03-02T03:05:10.463699359Z
,simulated,0,2026-03-02T03:06:10.472190873Z
,simulated,0,2026-03-02T03:07:10.481762993Z
,simulated,0,2026-03-02T03:08:10.489626307Z
,simulated,0,2026-03-02T03:09:10.500634137Z
,simulated,0,2026-03-02T03:10:10.509360053Z
,simulated,0,2026-03-02T03:11:10.519316229Z
,simulated,0,2026-03-02T03:12:10.521338378Z
,simulated,0,2026-03-02T03:13:10.527752996Z
,simulated,0,2026-03-02T03:14:10.536779052Z
,simulated,0,2026-03-02T03:15:10.556433834Z
,simulated,0,2026-03-02T03:16:10.565420355Z
,simulated,0,2026-03-02T03:17:10.559554022Z
,simulated,0,2026-03-02T03:18:10.569441061Z
,simulated,0,2026-03-02T03:19:10.577308132Z
,simulated,0,2026-03-02T03:20:10.583435418Z
,simulated,0,2026-03-02T03:21:10.59434025Z
,simulated,0,2026-03-02T03:22:10.601158245Z
,simulated,0,2026-03-02T03:23:10.606579209Z
,simulated,0,2026-03-02T03:24:10.615240176Z
,simulated,0,2026-03-02T03:25:10.627132175Z
,simulated,0,2026-03-02T03:26:10.621868499Z
,simulated,0,2026-03-02T03:27:10.629156248Z
,simulated,0,2026-03-02T03:28:10.63822979Z
,simulated,0,2026-03-02T03:29:10.654622884Z
,simulated,0,2026-03-02T03:30:10.662871483Z
,simulated,0,2026-03-02T03:31:10.661330892Z
,simulated,0,2026-03-02T03:32:10.665608869Z
,simulated,0,2026-03-02T03:33:10.672512297Z
,simulated,0,2026-03-02T03:34:10.679477218Z
,simulated,0,2026-03-02T03:35:10.690135952Z
,simulated,0,2026-03-02T03:36:10.694221488Z
,simulated,0,2026-03-02T03:37:10.697416691Z
,simulated,0,2026-03-02T03:38:10.70628846Z
,simulated,0,2026-03-02T03:39:10.713156894Z
,simulated,0,2026-03-02T03:40:10.723088944Z
,simulated,0,2026-03-02T03:41:10.731183255Z
,simulated,0,2026-03-02T03:42:10.734488491Z
,simulated,0,2026-03-02T03:43:10.746245927Z
,simulated,0,2026-03-02T03:44:10.743144627Z
,simulated,0,2026-03-02T03:45:10.744314517Z
,simulated,0,2026-03-02T03:46:10.745965732Z
,simulated,0,2026-03-02T03:47:10.749344695Z
,simulated,0,2026-03-02T03:48:10.757206673Z
,simulated,0,2026-03-02T03:49:10.760199943Z
,simulated,0,2026-03-02T03:50:10.765619468Z
,simulated,0,2026-03-02T03:51:10.769612905Z
,simulated,0,2026-03-02T03:52:10.782034352Z
,simulated,0,2026-03-02T03:53:10.779490924Z
,simulated,0,2026-03-02T03:54:10.78248888Z
,simulated,0,2026-03-02T03:55:10.7887064Z
,simulated,0,2026-03-02T03:56:10.78484179Z
,simulated,0,2026-03-02T03:57:10.790023315Z
,simulated,0,2026-03-02T03:58:10.800345318Z
,simulated,0,2026-03-02T03:59:10.797253271Z
,simulated,0,2026-03-02T04:00:10.800364105Z
,simulated,0,2026-03-02T04:01:10.804721591Z
,simulated,0,2026-03-02T04:02:10.814791217Z
,simulated,0,2026-03-02T04:03:10.811233025Z
,simulated,0,2026-03-02T04:04:10.815038763Z
,simulated,0,2026-03-02T04:05:10.81714087Z
,simulated,0,2026-03-02T04:06:10.823299816Z
,simulated,0,2026-03-02T04:07:10.823668764Z
,simulated,0,2026-03-02T04:08:10.826560615Z
,simulated,0,2026-03-02T04:09:10.831111826Z
,simulated,0,2026-03-02T04:10:10.832897841Z
,simulated,0,2026-03-02T04:11:10.839337145Z
,simulated,0,2026-03-02T04:12:10.845574634Z
,simulated,0,2026-03-02T04:13:10.845541091Z
,simulated,0,2026-03-02T04:14:10.854478216Z
,simulated,0,2026-03-02T04:15:10.859085254Z
,simulated,0,2026-03-02T04:16:10.857836997Z
,simulated,0,2026-03-02T04:17:10.865693816Z
,simulated,0,2026-03-02T04:18:10.867313503Z
,simulated,0,2026-03-02T04:19:10.872410313Z
,simulated,0,2026-03-02T04:20:10.862890512Z
,simulated,0,2026-03-02T04:21:10.867494212Z
,simulated,0,2026-03-02T04:22:10.86630171Z
,simulated,0,2026-03-02T04:23:10.867540465Z
,simulated,0,2026-03-02T04:24:10.871326202Z
,simulated,0,2026-03-02T04:25:10.873321335Z
,simulated,0,2026-03-02T04:26:10.87139849Z
,simulated,0,2026-03-02T04:27:10.874284455Z
,simulated,0,2026-03-02T04:28:10.875470242Z
,simulated,0,2026-03-02T04:29:10.877332354Z
,simulated,0,2026-03-02T04:30:10.879487032Z
,simulated,0,2026-03-02T04:31:10.880428189Z
,simulated,0,2026-03-02T04:32:10.880652379Z
,simulated,0,2026-03-02T04:33:10.882691026Z
,simulated,0,2026-03-02T04:34:10.883864226Z
,simulated,0,2026-03-02T04:35:10.883881094Z
,simulated,0,2026-03-02T04:36:10.886238131Z
,simulated,0,2026-03-02T04:37:10.884357728Z
,simulated,0,2026-03-02T04:38:10.888799835Z
,simulated,0,2026-03-02T04:39:10.904809617Z
,simulated,0,2026-03-02T04:40:10.927820649Z
,simulated,0,2026-03-02T04:41:10.951094644Z
,simulated,0,2026-03-02T04:42:10.976907003Z
,simulated,0,2026-03-02T04:43:10.999175882Z
,simulated,0,2026-03-02T04:44:11.046522337Z
,simulated,0,2026-03-02T04:45:11.037783997Z
,simulated,0,2026-03-02T04:46:11.059168954Z
,simulated,0,2026-03-02T04:47:11.08881675Z
,simulated,0,2026-03-02T04:48:11.117072968Z
,simulated,0,2026-03-02T04:49:11.147556163Z
,simulated,0,2026-03-02T04:50:11.153722667Z
,simulated,0,2026-03-02T04:51:11.180273516Z
,simulated,0,2026-03-02T04:52:11.208130322Z
,simulated,0,2026-03-02T04:53:11.227663296Z
,simulated,0,2026-03-02T04:54:11.252666718Z
,simulated,0,2026-03-02T04:55:11.280248144Z
,simulated,0,2026-03-02T04:56:11.312796057Z
,simulated,0,2026-03-02T04:57:11.338719313Z
,simulated,0,2026-03-02T04:58:11.360191048Z
,simulated,0,2026-03-02T04:59:11.369380939Z
,simulated,0,2026-03-02T05:00:11.371466019Z
,simulated,0,2026-03-02T05:01:11.39681382Z
,simulated,0,2026-03-02T05:02:11.425302754Z
,simulated,0,2026-03-02T05:03:11.486118201Z
,simulated,0,2026-03-02T05:04:11.481850618Z
,simulated,0,2026-03-02T05:05:11.52354524Z
,simulated,0,2026-03-02T05:06:11.541042096Z
,simulated,0,2026-03-02T05:07:11.551185401Z
,simulated,0,2026-03-02T05:08:11.574369987Z
,simulated,0,2026-03-02T05:09:11.599693138Z
,simulated,0,2026-03-02T05:10:11.618209681Z
,simulated,0,2026-03-02T05:11:11.644433888Z
,simulated,0,2026-03-02T05:12:11.670371171Z
,simulated,0,2026-03-02T05:13:11.692772196Z
,simulated,0,2026-03-02T05:14:11.720150177Z
,simulated,0,2026-03-02T05:15:11.739798009Z
,simulated,0,2026-03-02T05:16:11.760989636Z
,simulated,0,2026-03-02T05:17:11.781801086Z
,simulated,0,2026-03-02T05:18:11.805591975Z
,simulated,0,2026-03-02T05:19:11.814778562Z
,simulated,0,2026-03-02T05:20:11.845569552Z
,simulated,0,2026-03-02T05:21:11.869590741Z
,simulated,0,2026-03-02T05:22:11.877306192Z
,simulated,0,2026-03-02T05:23:11.890617885Z
,simulated,0,2026-03-02T05:24:11.912537021Z
,simulated,0,2026-03-02T05:25:11.939856706Z
,simulated,0,2026-03-02T05:26:11.958879256Z
,simulated,0,2026-03-02T05:27:11.984746627Z
,simulated,0,2026-03-02T05:28:12.008812444Z
,simulated,0,2026-03-02T05:29:12.039269785Z
,simulated,0,2026-03-02T05:30:12.052195958Z
,simulated,0,2026-03-02T05:31:12.055705144Z
,simulated,0,2026-03-02T05:32:12.080458173Z
,simulated,0,2026-03-02T05:33:12.104687056Z
,simulated,0,2026-03-02T05:34:12.127100164Z
,simulated,0,2026-03-02T05:35:12.146422751Z
,simulated,0,2026-03-02T05:36:12.168950875Z
,simulated,0,2026-03-02T05:37:12.176919896Z
,simulated,0,2026-03-02T05:38:12.204294765Z
,simulated,0,2026-03-02T05:39:12.225756896Z
,simulated,0,2026-03-02T05:40:12.252332905Z
,simulated,0,2026-03-02T05:41:12.276941923Z
,simulated,0,2026-03-02T05:42:12.301499057Z
,simulated,0,2026-03-02T05:43:12.313361979Z
,simulated,0,2026-03-02T05:44:12.340471503Z
,simulated,0,2026-03-02T05:45:12.361188102Z
,simulated,0,2026-03-02T05:46:12.383818524Z
,simulated,0,2026-03-02T05:47:12.406751651Z
,simulated,0,2026-03-02T05:48:12.432304963Z
,simulated,0,2026-03-02T05:49:12.461527729Z
,simulated,0,2026-03-02T05:50:12.483704832Z
,simulated,0,2026-03-02T05:51:12.503116714Z
,simulated,0,2026-03-02T05:52:12.526592446Z
,simulated,0,2026-03-02T05:53:12.556120916Z
,simulated,0,2026-03-02T05:54:12.570478402Z
,simulated,0,2026-03-02T05:55:12.594538555Z
,simulated,0,2026-03-02T05:56:12.61582387Z
,simulated,0,2026-03-02T05:57:12.637662835Z
,simulated,0,2026-03-02T05:58:12.642026397Z
,simulated,0,2026-03-02T05:59:12.665741567Z
,simulated,0,2026-03-02T06:00:12.685955802Z
,simulated,0,2026-03-02T06:01:12.716630336Z
,simulated,0,2026-03-02T06:02:12.734116653Z
,simulated,0,2026-03-02T06:03:12.760975184Z
,simulated,0,2026-03-02T06:04:12.779164438Z
,simulated,0,2026-03-02T06:05:12.795455624Z
,simulated,0,2026-03-02T06:06:12.820900415Z
,simulated,0,2026-03-02T06:07:12.846050597Z
,simulated,0,2026-03-02T06:08:12.868051848Z
,simulated,0,2026-03-02T06:09:12.888892855Z
,simulated,0,2026-03-02T06:10:12.911220077Z
,simulated,0,2026-03-02T06:11:12.937409068Z
,simulated,0,2026-03-02T06:12:12.974923727Z
,simulated,0,2026-03-02T06:13:12.972354315Z
,simulated,0,2026-03-02T06:14:12.998052649Z
,simulated,0,2026-03-02T06:15:13.015678792Z
,simulated,0,2026-03-02T06:16:13.03789975Z
,simulated,0,2026-03-02T06:17:13.059437071Z
,simulated,0,2026-03-02T06:18:13.084682802Z
,simulated,0,2026-03-02T06:19:13.104099483Z
,simulated,0,2026-03-02T06:20:13.125515023Z
,simulated,0,2026-03-02T06:21:13.144558836Z
,simulated,0,2026-03-02T06:22:13.167927202Z
,simulated,0,2026-03-02T06:23:13.18992295Z
,simulated,0,2026-03-02T06:24:13.192833835Z
,simulated,0,2026-03-02T06:25:13.215795998Z
,simulated,0,2026-03-02T06:26:13.240245553Z
,simulated,0,2026-03-02T06:27:13.260609621Z
,simulated,0,2026-03-02T06:28:13.273779078Z
,simulated,0,2026-03-02T06:29:13.291378384Z
,simulated,0,2026-03-02T06:30:13.31578312Z
,simulated,0,2026-03-02T06:31:13.332217475Z
,simulated,0,2026-03-02T06:32:13.353492735Z
,simulated,0,2026-03-02T06:33:13.367914851Z
,simulated,0,2026-03-02T06:34:13.387709223Z
,simulated,0,2026-03-02T06:35:13.408657207Z
,simulated,0,2026-03-02T06:36:13.435351295Z
,simulated,0,2026-03-02T06:37:13.451494004Z
,simulated,0,2026-03-02T06:38:13.477994691Z
,simulated,0,2026-03-02T06:39:13.489008539Z
,simulated,0,2026-03-02T06:40:13.511210744Z
,simulated,0,2026-03-02T06:41:13.519655632Z
,simulated,0,2026-03-02T06:42:13.540901565Z
,simulated,0,2026-03-02T06:43:13.558729998Z
,simulated,0,2026-03-02T06:44:13.583305884Z
,simulated,0,2026-03-02T06:45:13.603570921Z
,simulated,0,2026-03-02T06:46:13.624414373Z
,simulated,0,2026-03-02T06:47:13.633818848Z
,simulated,0,2026-03-02T06:48:13.650145715Z
,simulated,0,2026-03-02T06:49:13.667610871Z
,simulated,0,2026-03-02T06:50:13.688733283Z
,simulated,0,2026-03-02T06:51:13.708317149Z
,simulated,0,2026-03-02T06:52:13.722264842Z
,simulated,0,2026-03-02T06:53:13.740066647Z
,simulated,0,2026-03-02T06:54:13.762970288Z
,simulated,0,2026-03-02T06:55:13.778267806Z
,simulated,0,2026-03-02T06:56:13.793091938Z
,simulated,0,2026-03-02T06:57:13.811270654Z
,simulated,0,2026-03-02T06:58:13.835243325Z
,simulated,0,2026-03-02T06:59:13.854019899Z
,simulated,0,2026-03-02T07:00:13.871452167Z
,simulated,0,2026-03-02T07:01:13.889833425Z
,simulated,0,2026-03-02T07:02:13.909191318Z
,simulated,0,2026-03-02T07:03:13.929825297Z
,simulated,0,2026-03-02T07:04:13.945409474Z
,simulated,0,2026-03-02T07:05:13.958812103Z
,simulated,0,2026-03-02T07:06:13.974917554Z
,simulated,0,2026-03-02T07:07:13.988095147Z
,simulated,0,2026-03-02T07:08:13.997104086Z
,simulated,0,2026-03-02T07:09:14.023492787Z
,simulated,0,2026-03-02T07:10:14.036309116Z
,simulated,0,2026-03-02T07:11:14.056397144Z
,simulated,0,2026-03-02T07:12:14.055597933Z
,simulated,0,2026-03-02T07:13:14.074044363Z
,simulated,0,2026-03-02T07:14:14.091377877Z
,simulated,0,2026-03-02T07:15:14.093140538Z
,simulated,0,2026-03-02T07:16:14.112230479Z
,simulated,0,2026-03-02T07:17:14.126267675Z
,simulated,0,2026-03-02T07:18:14.144057817Z
,simulated,0,2026-03-02T07:19:14.178777334Z
,simulated,0,2026-03-02T07:20:14.180434176Z
,simulated,0,2026-03-02T07:21:14.190754421Z
,simulated,0,2026-03-02T07:22:14.222949466Z
,simulated,0,2026-03-02T07:23:14.231146824Z
,simulated,0,2026-03-02T07:24:14.2349293Z
,simulated,0,2026-03-02T07:25:14.239430773Z
,simulated,0,2026-03-02T07:26:14.251042606Z
,simulated,0,2026-03-02T07:27:14.255860259Z
,simulated,0,2026-03-02T07:28:14.274091991Z
,simulated,0,2026-03-02T07:29:14.296594055Z
,simulated,0,2026-03-02T07:30:14.308509905Z
,simulated,0,2026-03-02T07:31:14.372291547Z
,simulated,0,2026-03-02T07:32:14.33124085Z
,simulated,0,2026-03-02T07:33:14.361423925Z
,simulated,0,2026-03-02T07:34:14.35643582Z
,simulated,0,2026-03-02T07:35:14.377245059Z
,simulated,0,2026-03-02T07:36:14.390318224Z
,simulated,0,2026-03-02T07:37:14.40899295Z
,simulated,0,2026-03-02T07:38:14.430039845Z
,simulated,0,2026-03-02T07:39:14.434943471Z
,simulated,0,2026-03-02T07:40:14.445991396Z
,simulated,0,2026-03-02T07:41:14.463374647Z
,simulated,0,2026-03-02T07:42:14.487505598Z
,simulated,0,2026-03-02T07:43:14.495334872Z
,simulated,0,2026-03-02T07:44:14.513424319Z
,simulated,0,2026-03-02T07:45:14.52639521Z
,simulated,0,2026-03-02T07:46:14.541153533Z
,simulated,0,2026-03-02T07:47:14.571216393Z
,simulated,0,2026-03-02T07:48:14.573426626Z
,simulated,0,2026-03-02T07:49:14.589431962Z
,simulated,0,2026-03-02T07:50:14.588401601Z
,simulated,0,2026-03-02T07:51:14.599305465Z
,simulated,0,2026-03-02T07:52:14.610896267Z
,simulated,0,2026-03-02T07:53:14.622275992Z
,simulated,0,2026-03-02T07:54:14.631124841Z
,simulated,0,2026-03-02T07:55:14.641297543Z
,simulated,0,2026-03-02T07:56:14.651544278Z
,simulated,0,2026-03-02T07:57:14.661847375Z
,simulated,0,2026-03-02T07:58:14.676080334Z
,simulated,0,2026-03-02T07:59:14.681920917Z
,simulated,2,2026-03-02T08:00:14.694801687Z
,simulated,2,2026-03-02T08:01:14.705435421Z
,simulated,2,2026-03-02T08:02:14.726656472Z
,simulated,1,2026-03-02T08:03:14.739108122Z
,simulated,2,2026-03-02T08:04:14.748151081Z
,simulated,2,2026-03-02T08:05:14.759733231Z
,simulated,1,2026-03-02T08:06:14.763800072Z
,simulated,2,2026-03-02T08:07:14.774530667Z
,simulated,1,2026-03-02T08:08:14.78716544Z
,simulated,2,2026-03-02T08:09:14.790629972Z
,simulated,1,2026-03-02T08:10:56.390240718Z
,simulated,2,2026-03-02T08:11:56.397599903Z
,simulated,2,2026-03-02T08:12:56.420603965Z
,simulated,1,2026-03-02T08:13:56.448996085Z
,simulated,2,2026-03-02T08:14:56.476182522Z
,simulated,1,2026-03-02T08:15:56.50740472Z
,simulated,2,2026-03-02T08:16:56.532524271Z
,simulated,1,2026-03-02T08:17:56.559387118Z
,simulated,2,2026-03-02T08:18:56.583244219Z
,simulated,1,2026-03-02T08:19:56.612100012Z
,simulated,1,2026-03-02T08:20:56.643486271Z
,simulated,2,2026-03-02T08:21:56.668218057Z
,simulated,1,2026-03-02T08:22:56.695760898Z
,simulated,2,2026-03-02T08:23:56.729109952Z
,simulated,2,2026-03-02T08:24:56.743137313Z
,simulated,1,2026-03-02T08:25:56.766925497Z
,simulated,2,2026-03-02T08:26:56.77943582Z
,simulated,2,2026-03-02T08:27:56.815443152Z
,simulated,2,2026-03-02T08:28:56.838323929Z
,simulated,2,2026-03-02T08:29:56.865879326Z
,simulated,2,2026-03-02T08:30:56.900102156Z
,simulated,2,2026-03-02T08:31:56.920222498Z
,simulated,1,2026-03-02T08:32:56.938113004Z
,simulated,1,2026-03-02T08:33:56.96601194Z
,simulated,1,2026-03-02T08:34:56.99236575Z
,simulated,1,2026-03-02T08:35:57.021950154Z
,simulated,1,2026-03-02T08:36:57.053942389Z
,simulated,2,2026-03-02T08:37:57.079926706Z
,simulated,1,2026-03-02T08:38:57.09848805Z
,simulated,2,2026-03-02T08:39:57.122925751Z
,simulated,2,2026-03-02T08:40:57.14717999Z
,simulated,2,2026-03-02T08:41:57.17588528Z
,simulated,1,2026-03-02T08:42:57.194279331Z
,simulated,2,2026-03-02T08:43:57.219751801Z
,simulated,1,2026-03-02T08:44:57.241249194Z
,simulated,2,2026-03-02T08:45:57.267371363Z
,simulated,2,2026-03-02T08:46:57.295215955Z
,simulated,2,2026-03-02T08:47:57.323091944Z
,simulated,2,2026-03-02T08:48:57.34590086Z
,simulated,2,2026-03-02T08:49:57.374379226Z
,simulated,1,2026-03-02T08:50:57.408749289Z
,simulated,2,2026-03-02T08:51:57.413587711Z
,simulated,1,2026-03-02T08:52:57.439452626Z
,simulated,1,2026-03-02T08:53:57.46709437Z
,simulated,1,2026-03-02T08:54:57.477000042Z
,simulated,2,2026-03-02T08:55:57.490397367Z
,simulated,1,2026-03-02T08:56:57.51483521Z
,simulated,1,2026-03-02T08:57:57.540791726Z
,simulated,1,2026-03-02T08:58:57.570835384Z
,simulated,1,2026-03-02T08:59:57.58765685Z
,simulated,2,2026-03-02T09:00:57.614922753Z
,simulated,4,2026-03-02T09:01:57.634087382Z
,simulated,3,2026-03-02T09:02:57.640099288Z
,simulated,4,2026-03-02T09:03:57.663959635Z
,simulated,4,2026-03-02T09:04:57.687401737Z
,simulated,3,2026-03-02T09:05:57.712232192Z
,simulated,3,2026-03-02T09:06:57.739604813Z
,simulated,2,2026-03-02T09:07:57.764681039Z
,simulated,4,2026-03-02T09:08:57.785234249Z
,simulated,2,2026-03-02T09:09:57.810458048Z
,simulated,4,2026-03-02T09:10:57.825820325Z
,simulated,4,2026-03-02T09:11:57.847492971Z
,simulated,3,2026-03-02T09:12:57.857314707Z
,simulated,4,2026-03-02T09:13:57.875132751Z
,simulated,3,2026-03-02T09:14:57.90019698Z
,simulated,4,2026-03-02T09:15:57.904904188Z
,simulated,2,2026-03-02T09:16:57.926253477Z
,simulated,2,2026-03-02T09:17:57.950663015Z
,simulated,4,2026-03-02T09:18:57.978767758Z
,simulated,3,2026-03-02T09:19:57.993567697Z
,simulated,2,2026-03-02T09:20:58.01881789Z
,simulated,4,2026-03-02T09:21:58.040033107Z
,simulated,2,2026-03-02T09:22:58.069343917Z
,simulated,3,2026-03-02T09:23:58.073697436Z
,simulated,3,2026-03-02T09:24:58.097408851Z
,simulated,4,2026-03-02T09:25:58.119318924Z
,simulated,3,2026-03-02T09:26:58.131354197Z
,simulated,4,2026-03-02T09:27:58.155789924Z
,simulated,4,2026-03-02T09:28:58.18516247Z
,simulated,2,2026-03-02T09:29:58.20142351Z
,simulated,4,2026-03-02T09:30:58.235497831Z
,simulated,4,2026-03-02T09:31:58.228281277Z
,simulated,2,2026-03-02T09:32:58.251903098Z
,simulated,3,2026-03-02T09:33:58.272949255Z
,simulated,3,2026-03-02T09:34:58.301685839Z
,simulated,2,2026-03-02T09:35:58.323199657Z
,simulated,4,2026-03-02T09:36:58.340092857Z
,simulated,4,2026-03-02T09:37:58.356296963Z
,simulated,4,2026-03-02T09:38:58.390621092Z
,simulated,3,2026-03-02T09:39:58.41075227Z
,simulated,3,2026-03-02T09:40:58.430498114Z
,simulated,3,2026-03-02T09:41:58.45595122Z
,simulated,3,2026-03-02T09:42:58.470109425Z
,simulated,3,2026-03-02T09:43:58.494527706Z
,simulated,4,2026-03-02T09:44:58.51438381Z
,simulated,4,2026-03-02T09:45:58.535045692Z
,simulated,2,2026-03-02T09:46:58.556267283Z
,simulated,2,2026-03-02T09:47:58.590265815Z
,simulated,4,2026-03-02T09:48:58.603421446Z
