#group,false,false,false
#datatype,string,long,dateTime:RFC3339
#default,,,
,id,p_count,time
,robo,0,2026-02-22T22:00:14.980055871Z
,robo,0,2026-02-22T22:05:15.945373781Z
,robo,0,2026-02-22T22:10:16.496279389Z
,robo,0,2026-02-22T22:15:17.173697939Z
,robo,0,2026-02-22T22:20:17.690690329Z
,robo,0,2026-02-22T22:25:18.84939459Z
,robo,0,2026-02-22T22:30:19.4966891Z
,robo,0,2026-02-22T22:35:20.051688227Z
,robo,0,2026-02-22T22:40:20.902082097Z
,robo,0,2026-02-22T22:45:21.549498319Z
,robo,0,2026-02-22T22:50:22.113765148Z
,robo,0,2026-02-22T22:55:22.748317177Z
,robo,0,2026-02-22T23:00:23.403261577Z
,robo,0,2026-02-22T23:05:23.950930408Z
,robo,0,2026-02-22T23:10:24.588117228Z
,robo,0,2026-02-22T23:15:25.250033108Z
,robo,0,2026-02-22T23:20:25.891418242Z
,robo,0,2026-02-22T23:25:26.448605716Z
,robo,0,2026-02-22T23:30:27.090720916Z
,robo,0,2026-02-22T23:35:27.750586081Z
,robo,0,2026-02-22T23:40:28.290505838Z
,robo,0,2026-02-22T23:45:28.951652141Z
,robo,0,2026-02-22T23:50:29.479382412Z
,robo,0,2026-02-22T23:55:30.05080656Z
,robo,0,2026-02-23T00:00:30.691075904Z
,robo,0,2026-02-23T00:05:31.228871513Z
,robo,0,2026-02-23T00:10:31.891120316Z
,robo,0,2026-02-23T00:15:32.439357925Z
,robo,0,2026-02-23T00:20:33.095997353Z
,robo,0,2026-02-23T00:25:33.631124152Z
,robo,0,2026-02-23T00:30:34.285979922Z
,robo,0,2026-02-23T00:35:34.830019178Z
,robo,0,2026-02-23T00:40:35.366578562Z
,robo,0,2026-02-23T00:45:36.03097625Z
,robo,0,2026-02-23T00:50:36.671959537Z
,robo,0,2026-02-23T00:55:37.731490252Z
,robo,0,2026-02-23T01:00:38.390244659Z
,robo,0,2026-02-23T01:05:38.934852827Z
,robo,0,2026-02-23T01:10:39.591081139Z
,robo,0,2026-02-23T01:15:40.130509005Z
,robo,0,2026-02-23T01:20:40.78443277Z
,robo,0,2026-02-23T01:25:41.332332608Z
,robo,0,2026-02-23T01:30:42.088943625Z
,robo,0,2026-02-23T01:35:42.631756842Z
,robo,0,2026-02-23T01:40:43.291068248Z
,robo,0,2026-02-23T01:45:43.929542543Z
,robo,0,2026-02-23T01:50:44.46893771Z
,robo,0,2026-02-23T01:55:45.135046851Z
,robo,0,2026-02-23T02:00:45.771923623Z
,robo,0,2026-02-23T02:05:46.431200141Z
,robo,0,2026-02-23T02:10:47.068805317Z
,robo,0,2026-02-23T02:15:47.729197293Z
,robo,0,2026-02-23T02:20:48.272215911Z
,robo,0,2026-02-23T02:25:48.930206499Z
,robo,0,2026-02-23T02:30:49.470901353Z
,robo,0,2026-02-23T02:35:50.130988892Z
,robo,0,2026-02-23T02:40:50.77113196Z
,robo,0,2026-02-23T02:45:51.432218943Z
,robo,0,2026-02-23T02:50:52.061579607Z
,robo,0,2026-02-23T02:55:52.728876343Z
,robo,0,2026-02-23T03:00:53.363669702Z
,robo,0,2026-02-23T03:05:54.008175537Z
,robo,0,2026-02-23T03:10:54.671134852Z
,robo,0,2026-02-23T03:15:55.157638123Z
,robo,0,2026-02-23T03:20:55.964579558Z
,robo,0,2026-02-23T03:25:57.130575938Z
,robo,0,2026-02-23T03:30:57.794590782Z
,robo,0,2026-02-23T03:35:58.439202272Z
,robo,0,2026-02-23T03:40:58.991260665Z
,robo,0,2026-02-23T03:45:59.629058281Z
,robo,0,2026-02-23T03:51:00.298250067Z
,robo,0,2026-02-23T03:56:00.931144321Z
,robo,0,2026-02-23T04:01:01.588358638Z
,robo,0,2026-02-23T04:06:02.232295037Z
,robo,0,2026-02-23T04:11:02.891442336Z
,robo,0,2026-02-23T04:16:03.428813271Z
,robo,0,2026-02-23T04:21:04.091208002Z
,robo,0,2026-02-23T04:26:04.729413188Z
,robo,0,2026-02-23T04:31:05.382487041Z
,robo,0,2026-02-23T04:36:06.02939144Z
,robo,0,2026-02-23T04:41:06.695152578Z
,robo,0,2026-02-23T04:46:07.228797575Z
,robo,0,2026-02-23T04:51:07.874917115Z
,robo,0,2026-02-23T04:56:08.531501586Z
,robo,0,2026-02-23T05:01:09.123588936Z
,robo,1,2026-02-23T05:06:09.828863192Z
,robo,0,2026-02-23T05:11:10.476900326Z
,robo,0,2026-02-23T05:16:11.030134935Z
,robo,0,2026-02-23T05:21:11.669574764Z
,robo,0,2026-02-23T05:26:12.330774303Z
,robo,0,2026-02-23T05:31:12.994612442Z
,robo,0,2026-02-23T05:36:13.523803706Z
,robo,0,2026-02-23T05:41:14.071215719Z
,robo,0,2026-02-23T05:46:14.731528029Z
,robo,0,2026-02-23T05:51:15.268842277Z
,robo,0,2026-02-23T05:56:16.432709455Z
,robo,0,2026-02-23T06:01:17.093649063Z
,robo,0,2026-02-23T06:06:17.631229576Z
,robo,0,2026-02-23T06:11:18.273950059Z
,robo,0,2026-02-23T06:16:18.93096207Z
,robo,0,2026-02-23T06:21:19.590650453Z
,robo,0,2026-02-23T06:26:20.13076491Z
,robo,0,2026-02-23T06:31:20.769670624Z
,robo,0,2026-02-23T06:36:21.328992787Z
,robo,0,2026-02-23T06:41:21.968790879Z
,robo,0,2026-02-23T06:46:22.529077225Z
,robo,0,2026-02-23T06:51:23.164925845Z
,robo,1,2026-02-23T06:56:23.828629488Z
,robo,2,2026-02-23T07:01:24.372272368Z
,robo,1,2026-02-23T07:06:25.130260169Z
,robo,1,2026-02-23T07:11:25.692303092Z
,robo,3,2026-02-23T07:16:26.330715627Z
,robo,0,2026-02-23T07:21:26.974346038Z
,robo,1,2026-02-23T07:26:27.649872338Z
,robo,2,2026-02-23T07:31:28.169420901Z
,robo,1,2026-02-23T07:36:28.815504744Z
,robo,1,2026-02-23T07:41:29.457704922Z
,robo,0,2026-02-23T07:46:30.014793725Z
,robo,0,2026-02-23T07:51:30.690546341Z
,robo,0,2026-02-23T07:56:31.334820555Z
,robo,0,2026-02-23T08:01:31.853966137Z
,robo,1,2026-02-23T08:06:32.533057171Z
,robo,4,2026-02-23T08:11:33.090915751Z
,robo,2,2026-02-23T08:16:33.612983509Z
,robo,1,2026-02-23T08:21:34.267088514Z
,robo,6,2026-02-23T08:26:35.31077599Z
,robo,0,2026-02-23T08:31:35.971944186Z
,robo,2,2026-02-23T08:36:36.650887113Z
,robo,5,2026-02-23T08:41:37.088679635Z
,robo,2,2026-02-23T08:46:37.82177669Z
,robo,1,2026-02-23T08:51:38.368891828Z
,robo,1,2026-02-23T08:56:39.049010709Z
,robo,0,2026-02-23T09:01:39.65920016Z
,robo,1,2026-02-23T09:06:40.209177946Z
,robo,0,2026-02-23T09:11:40.872054488Z
,robo,1,2026-02-23T09:16:41.528355974Z
,robo,4,2026-02-23T09:21:42.079812325Z
,robo,3,2026-02-23T09:26:42.73773605Z
,robo,0,2026-02-23T09:31:43.371234976Z
,robo,0,2026-02-23T09:36:43.931123348Z
,robo,0,2026-02-23T09:41:44.554660517Z
,robo,3,2026-02-23T09:46:45.099198379Z
,robo,5,2026-02-23T09:51:45.751078824Z
,robo,4,2026-02-23T09:56:46.404318615Z
,robo,0,2026-02-23T10:01:46.978378636Z
,robo,8,2026-02-23T10:06:47.603191003Z
,robo,0,2026-02-23T10:11:48.171488731Z
,robo,0,2026-02-23T10:16:48.641726399Z
,robo,0,2026-02-23T10:21:49.352791247Z
,robo,0,2026-02-23T10:26:50.006215601Z
,robo,6,2026-02-23T10:31:50.562006012Z
,robo,1,2026-02-23T10:36:51.213084141Z
,robo,2,2026-02-23T10:41:51.755764476Z
,robo,0,2026-02-23T10:46:52.305581386Z
,robo,3,2026-02-23T10:51:52.945035582Z
,robo,2,2026-02-23T10:56:54.103307324Z
,robo,1,2026-02-23T11:01:54.668912066Z
,robo,0,2026-02-23T11:06:55.331273926Z
,robo,0,2026-02-23T11:11:55.844169753Z
,robo,1,2026-02-23T11:16:56.525150411Z
,robo,0,2026-02-23T11:21:57.037420271Z
,robo,0,2026-02-23T11:26:57.594499531Z
,robo,0,2026-02-23T11:31:58.246326829Z
,robo,1,2026-02-23T11:36:58.885131309Z
,robo,0,2026-02-23T11:41:59.545300058Z
,robo,0,2026-02-23T11:47:00.091470496Z
,robo,2,2026-02-23T11:52:00.783091495Z
,robo,1,2026-02-23T11:57:01.423455406Z
,robo,0,2026-02-23T12:02:01.95176272Z
,robo,2,2026-02-23T12:07:02.602837456Z
,robo,6,2026-02-23T12:12:03.146407907Z
,robo,0,2026-02-23T12:17:03.789271279Z
,robo,6,2026-02-23T12:22:04.433182838Z
,robo,1,2026-02-23T12:27:05.085143582Z
,robo,0,2026-02-23T12:32:05.662442553Z
,robo,1,2026-02-23T12:37:06.294854215Z
,robo,1,2026-02-23T12:42:06.953454686Z
,robo,1,2026-02-23T12:47:07.583789568Z
,robo,1,2026-02-23T12:52:08.128692222Z
,robo,0,2026-02-23T12:57:08.777908121Z
,robo,1,2026-02-23T13:02:09.444858486Z
,robo,6,2026-02-23T13:07:09.981051031Z
,robo,7,2026-02-23T13:12:10.642755795Z
,robo,0,2026-02-23T13:17:11.282724792Z
,robo,2,2026-02-23T13:22:11.942075586Z
,robo,0,2026-02-23T13:27:13.097163698Z
,robo,1,2026-02-23T13:32:13.739322543Z
,robo,0,2026-02-23T13:37:14.399448516Z
,robo,0,2026-02-23T13:42:15.038998462Z
,robo,0,2026-02-23T13:47:15.625549725Z
,robo,1,2026-02-23T13:52:16.238928512Z
,robo,0,2026-02-23T13:57:16.901371908Z
,robo,1,2026-02-23T14:02:17.4540581Z
,robo,0,2026-02-23T14:07:18.101215161Z
,robo,0,2026-02-23T14:12:18.739472609Z
,robo,0,2026-02-23T14:17:19.404468519Z
,robo,1,2026-02-23T14:22:19.980487468Z
,robo,2,2026-02-23T14:27:20.799541365Z
,robo,2,2026-02-23T14:32:21.447625549Z
,robo,12,2026-02-23T14:37:22.103083702Z
,robo,0,2026-02-23T14:42:22.647922755Z
,robo,2,2026-02-23T14:47:23.401536097Z
,robo,1,2026-02-23T14:52:24.046327984Z
,robo,1,2026-02-23T14:57:24.705230869Z
,robo,3,2026-02-23T15:02:25.345380521Z
,robo,0,2026-02-23T15:07:25.905561181Z
,robo,0,2026-02-23T15:12:26.546146798Z
,robo,0,2026-02-23T15:17:27.199200992Z
,robo,0,2026-02-23T15:22:27.866419127Z
,robo,1,2026-02-23T15:27:28.499143763Z
,robo,5,2026-02-23T15:32:29.048574751Z
,robo,1,2026-02-23T15:37:29.778849054Z
,robo,0,2026-02-23T15:42:30.449684862Z
,robo,0,2026-02-23T15:47:31.102260884Z
,robo,1,2026-02-23T15:52:31.742233123Z
,robo,0,2026-02-23T15:57:32.904011985Z
,robo,0,2026-02-23T16:02:33.55568681Z
,robo,0,2026-02-23T16:07:34.210452799Z
,robo,1,2026-02-23T16:12:34.876447252Z
,robo,0,2026-02-23T16:17:35.432148267Z
,robo,4,2026-02-23T16:22:36.075299336Z
,robo,0,2026-02-23T16:27:36.711037743Z
,robo,0,2026-02-23T16:32:37.2759857Z
,robo,0,2026-02-23T16:37:37.910877386Z
,robo,0,2026-02-23T16:42:38.461162492Z
,robo,0,2026-02-23T16:47:39.096201122Z
,robo,2,2026-02-23T16:52:39.762365598Z
,robo,2,2026-02-23T16:57:40.413380113Z
,robo,0,2026-02-23T17:02:41.052931576Z
,robo,0,2026-02-23T17:07:41.65781868Z
,robo,0,2026-02-23T17:12:42.359539263Z
,robo,0,2026-02-23T17:17:43.034040837Z
,robo,0,2026-02-23T17:22:43.667250293Z
,robo,0,2026-02-23T17:27:44.307945927Z
,robo,0,2026-02-23T17:32:44.94855439Z
,robo,0,2026-02-23T17:37:45.645406165Z
,robo,0,2026-02-23T17:42:46.282100506Z
,robo,0,2026-02-23T17:47:46.912575807Z
,robo,0,2026-02-23T17:52:47.5473672Z
,robo,0,2026-02-23T17:57:48.087676497Z
,robo,0,2026-02-23T18:02:48.747557865Z
,robo,0,2026-02-23T18:07:49.386045846Z
,robo,0,2026-02-23T18:12:50.159052993Z
,robo,0,2026-02-23T18:17:50.793747389Z
,robo,0,2026-02-23T18:22:51.350840792Z
,robo,1,2026-02-23T18:27:52.558602738Z
,robo,1,2026-02-23T18:32:53.189928326Z
,robo,0,2026-02-23T18:37:53.79399506Z
,robo,0,2026-02-23T18:42:54.451173994Z
,robo,0,2026-02-23T18:47:55.045386333Z
,robo,5,2026-02-23T18:52:55.755719005Z
,robo,0,2026-02-23T18:57:56.510587857Z
,robo,0,2026-02-23T19:02:57.17123549Z
,robo,0,2026-02-23T19:07:57.835857316Z
,robo,0,2026-02-23T19:12:58.472055006Z
,robo,0,2026-02-23T19:17:59.11129425Z
,robo,0,2026-02-23T19:22:59.78869308Z
,robo,0,2026-02-23T19:28:00.422437379Z
,robo,0,2026-02-23T19:33:01.053899552Z
,robo,0,2026-02-23T19:38:01.711393509Z
,robo,0,2026-02-23T19:43:02.468244769Z
,robo,0,2026-02-23T19:48:03.106287615Z
,robo,0,2026-02-23T19:53:03.787559303Z
,robo,0,2026-02-23T19:58:04.428342606Z
,robo,0,2026-02-23T20:03:05.067152019Z
,robo,0,2026-02-23T20:08:05.70532684Z
,robo,0,2026-02-23T20:13:06.390855142Z
,robo,0,2026-02-23T20:18:07.034899956Z
,robo,0,2026-02-23T20:23:07.667253919Z
,robo,0,2026-02-23T20:28:08.145644934Z
,robo,0,2026-02-23T20:33:08.867451839Z
,robo,0,2026-02-23T20:38:09.513688192Z
,robo,0,2026-02-23T20:43:10.151616719Z
,robo,0,2026-02-23T20:48:10.799784455Z
,robo,0,2026-02-23T20:53:11.471327575Z
,robo,0,2026-02-23T20:58:12.631181223Z
,robo,0,2026-02-23T21:03:13.26683661Z
,robo,0,2026-02-23T21:08:13.833377296Z
,robo,0,2026-02-23T21:13:14.468871251Z
,robo,0,2026-02-23T21:18:15.123958635Z
,robo,0,2026-02-23T21:23:15.788905179Z
,robo,0,2026-02-23T21:28:16.409333174Z
,robo,0,2026-02-23T21:33:17.07261036Z
,robo,0,2026-02-23T21:38:17.733146357Z
,robo,0,2026-02-23T21:43:18.361608755Z
,robo,0,2026-02-23T21:48:19.029246228Z
,robo,0,2026-02-23T21:53:19.667762776Z
,robo,0,2026-02-23T21:58:20.34831366Z
,robo,0,2026-02-23T22:03:20.988068457Z
,robo,0,2026-02-23T22:08:21.632934628Z
,robo,0,2026-02-23T22:13:22.270356915Z
,robo,0,2026-02-23T22:18:22.929954274Z
,robo,0,2026-02-23T22:23:23.587410375Z
,robo,0,2026-02-23T22:28:24.234560278Z
,robo,0,2026-02-23T22:33:24.868900868Z
,robo,0,2026-02-23T22:38:25.554389611Z
,robo,0,2026-02-23T22:43:26.074556672Z
,robo,0,2026-02-23T22:48:26.752116659Z
,robo,0,2026-02-23T22:53:27.390066433Z
,robo,0,2026-02-23T22:58:27.930671897Z
,robo,0,2026-02-23T23:03:28.590512962Z
,robo,0,2026-02-23T23:08:29.214267991Z
,robo,0,2026-02-23T23:13:29.743236992Z
,robo,0,2026-02-23T23:18:30.429754139Z
,robo,0,2026-02-23T23:23:31.071717439Z
,robo,0,2026-02-23T23:28:32.233010692Z
,robo,0,2026-02-23T23:33:32.8915071Z
,robo,0,2026-02-23T23:38:33.430360491Z
,robo,0,2026-02-23T23:43:34.067329855Z
,robo,0,2026-02-23T23:48:34.728140316Z
,robo,0,2026-02-23T23:53:35.267469395Z
,robo,0,2026-02-23T23:58:35.9346331Z
,robo,0,2026-02-24T00:03:36.569077739Z
,robo,0,2026-02-24T00:08:37.231717161Z
,robo,0,2026-02-24T00:13:37.773551859Z
,robo,0,2026-02-24T00:18:38.411580347Z
,robo,0,2026-02-24T00:23:38.979309984Z
,robo,0,2026-02-24T00:28:39.631871671Z
,robo,0,2026-02-24T00:33:40.268964123Z
,robo,0,2026-02-24T00:38:40.928818488Z
,robo,0,2026-02-24T00:43:41.468342587Z
,robo,0,2026-02-24T00:48:42.113051885Z
,robo,0,2026-02-24T00:53:42.769199203Z
,robo,0,2026-02-24T00:58:43.307683184Z
,robo,0,2026-02-24T01:03:43.967948215Z
,robo,0,2026-02-24T01:08:44.608087266Z
,robo,0,2026-02-24T01:13:45.269581977Z
,robo,0,2026-02-24T01:18:45.915337249Z
,robo,0,2026-02-24T01:23:46.572634235Z
,robo,0,2026-02-24T01:28:47.212839214Z
,robo,0,2026-02-24T01:33:47.869656114Z
,robo,0,2026-02-24T01:38:48.410508027Z
,robo,0,2026-02-24T01:43:49.079890372Z
,robo,0,2026-02-24T01:48:49.711452503Z
,robo,0,2026-02-24T01:53:50.363254396Z
,robo,0,2026-02-24T01:58:51.530138068Z
,robo,0,2026-02-24T02:03:52.192350943Z
,robo,0,2026-02-24T02:08:52.838295441Z
,robo,0,2026-02-24T02:13:53.467534482Z
,robo,0,2026-02-24T02:18:54.138702088Z
,robo,0,2026-02-24T02:23:54.768121855Z
,robo,0,2026-02-24T02:28:55.335575169Z
,robo,0,2026-02-24T02:33:55.973255952Z
,robo,0,2026-02-24T02:38:56.629021132Z
,robo,0,2026-02-24T02:43:57.271343996Z
,robo,0,2026-02-24T02:48:57.934453847Z
,robo,0,2026-02-24T02:53:58.468227373Z
,robo,0,2026-02-24T02:58:59.132084986Z
,robo,0,2026-02-24T03:03:59.769504801Z
,robo,0,2026-02-24T03:09:00.33389687Z
,robo,0,2026-02-24T03:14:00.972160747Z
,robo,0,2026-02-24T03:19:01.627158044Z
,robo,0,2026-02-24T03:24:02.167126067Z
,robo,0,2026-02-24T03:29:02.928650401Z
,robo,0,2026-02-24T03:34:03.475166593Z
,robo,0,2026-02-24T03:39:04.119488104Z
,robo,0,2026-02-24T03:44:04.771899446Z
,robo,0,2026-02-24T03:49:05.321972126Z
,robo,0,2026-02-24T03:54:05.875177168Z
,robo,0,2026-02-24T03:59:06.507947628Z
,robo,0,2026-02-24T04:04:07.166997976Z
,robo,0,2026-02-24T04:09:07.702849669Z
,robo,0,2026-02-24T04:14:08.371199235Z
,robo,0,2026-02-24T04:19:08.911672846Z
,robo,0,2026-02-24T04:24:09.569531245Z
,robo,0,2026-02-24T04:29:10.733243415Z
,robo,0,2026-02-24T04:34:11.36814964Z
,robo,0,2026-02-24T04:39:12.030557492Z
,robo,0,2026-02-24T04:44:12.570470555Z
,robo,0,2026-02-24T04:49:13.209427549Z
,robo,0,2026-02-24T04:54:13.86792807Z
,robo,0,2026-02-24T04:59:14.534531513Z
,robo,0,2026-02-24T05:04:15.068383528Z
,robo,0,2026-02-24T05:09:15.708333551Z
,robo,0,2026-02-24T05:14:16.370014096Z
,robo,0,2026-02-24T05:19:16.911449795Z
,robo,0,2026-02-24T05:24:17.58227222Z
,robo,0,2026-02-24T05:29:18.209282104Z
,robo,0,2026-02-24T05:34:18.765455846Z
,robo,0,2026-02-24T05:39:19.409046385Z
,robo,0,2026-02-24T05:44:20.068293247Z
,robo,0,2026-02-24T05:49:20.609497232Z
,robo,0,2026-02-24T05:54:21.271805884Z
,robo,0,2026-02-24T05:59:21.91304075Z
,robo,0,2026-02-24T06:04:22.569137574Z
,robo,0,2026-02-24T06:09:23.11120587Z
,robo,0,2026-02-24T06:14:23.755108653Z
,robo,0,2026-02-24T06:19:24.280052043Z
,robo,0,2026-02-24T06:24:24.944342823Z
,robo,0,2026-02-24T06:29:25.606929344Z
,robo,2,2026-02-24T06:34:26.154711833Z
,robo,2,2026-02-24T06:39:26.807877545Z
,robo,0,2026-02-24T06:44:27.35291859Z
,robo,0,2026-02-24T06:49:28.007090543Z
,robo,1,2026-02-24T06:54:28.648750096Z
,robo,0,2026-02-24T06:59:29.719271045Z
,robo,5,2026-02-24T07:04:30.365027106Z
,robo,2,2026-02-24T07:09:30.92500771Z
,robo,1,2026-02-24T07:14:31.549597067Z
,robo,0,2026-02-24T07:19:32.107041089Z
,robo,2,2026-02-24T07:24:32.773634236Z
,robo,0,2026-02-24T07:29:33.299565378Z
,robo,0,2026-02-24T07:34:33.845297726Z
,robo,0,2026-02-24T07:39:34.507757659Z
,robo,0,2026-02-24T07:44:35.067172811Z
,robo,6,2026-02-24T07:49:35.703512932Z
,robo,4,2026-02-24T07:54:36.267476805Z
,robo,4,2026-02-24T07:59:36.889750163Z
,robo,0,2026-02-24T08:04:37.553288285Z
,robo,1,2026-02-24T08:09:38.105573796Z
,robo,1,2026-02-24T08:14:38.745835963Z
,robo,1,2026-02-24T08:19:39.391508803Z
,robo,0,2026-02-24T08:24:39.940923857Z
,robo,0,2026-02-24T08:29:40.584297308Z
,robo,0,2026-02-24T08:34:41.140679466Z
,robo,0,2026-02-24T08:39:41.797612307Z
,robo,0,2026-02-24T08:44:42.368630718Z
,robo,0,2026-02-24T08:49:42.908181754Z
,robo,0,2026-02-24T08:54:43.548398574Z
,robo,0,2026-02-24T08:59:44.17301119Z
,robo,0,2026-02-24T09:04:45.56312813Z
,robo,1,2026-02-24T09:09:45.267510375Z
,robo,1,2026-02-24T09:14:45.948154059Z
,robo,5,2026-02-24T09:20:26.403506768Z
,robo,3,2026-02-24T09:26:06.603209313Z
,robo,1,2026-02-24T09:31:06.952695731Z
,robo,0,2026-02-24T09:36:07.590915543Z
,robo,0,2026-02-24T09:41:08.871487348Z
,robo,1,2026-02-24T09:46:09.512471418Z
,robo,1,2026-02-24T09:51:10.155144844Z
,robo,2,2026-02-24T09:56:10.790837627Z
,robo,5,2026-02-24T10:01:11.348397063Z
,robo,1,2026-02-24T10:06:11.987870321Z
,robo,0,2026-02-24T10:11:12.649653192Z
,robo,5,2026-02-24T10:16:13.184765904Z
,robo,0,2026-02-24T10:21:13.839035849Z
,robo,2,2026-02-24T10:26:14.510158013Z
,robo,1,2026-02-24T10:31:15.150185019Z
,robo,1,2026-02-24T10:36:15.709493414Z
,robo,0,2026-02-24T10:41:16.361305647Z
,robo,1,2026-02-24T10:46:16.913269582Z
,robo,1,2026-02-24T10:51:17.535182172Z
,robo,0,2026-02-24T10:56:18.093591616Z
,robo,3,2026-02-24T11:01:18.652779051Z
,robo,2,2026-02-24T11:06:19.293085034Z
,robo,2,2026-02-24T11:11:19.835251541Z
,robo,1,2026-02-24T11:16:20.38294991Z
,robo,0,2026-02-24T11:21:21.027230174Z
,robo,2,2026-02-24T11:26:21.580374056Z
,robo,0,2026-02-24T11:31:22.15939032Z
,robo,11,2026-02-24T11:36:22.902530533Z
,robo,4,2026-02-24T11:41:23.431120252Z
,robo,4,2026-02-24T11:46:23.987398795Z
,robo,0,2026-02-24T11:51:24.513805117Z
,robo,2,2026-02-24T11:56:25.061348958Z
,robo,1,2026-02-24T12:01:26.22554214Z
,robo,0,2026-02-24T12:06:26.790602113Z
,robo,6,2026-02-24T12:11:27.319206013Z
,robo,1,2026-02-24T12:16:27.978217358Z
,robo,0,2026-02-24T12:21:28.525121178Z
,robo,1,2026-02-24T12:26:29.177584982Z
,robo,2,2026-02-24T12:31:29.82371963Z
,robo,1,2026-02-24T12:36:30.367180579Z
,robo,1,2026-02-24T12:41:31.026130347Z
,robo,2,2026-02-24T12:46:31.677696275Z
,robo,0,2026-02-24T12:51:32.207608025Z
,robo,6,2026-02-24T12:56:32.771822202Z
,robo,1,2026-02-24T13:01:33.423241461Z
,robo,1,2026-02-24T13:06:34.073261037Z
,robo,3,2026-02-24T13:11:34.619952328Z
,robo,0,2026-02-24T13:16:35.168603816Z
,robo,3,2026-02-24T13:21:35.810306951Z
,robo,2,2026-02-24T13:26:36.462219893Z
,robo,0,2026-02-24T13:31:36.999669431Z
,robo,1,2026-02-24T13:36:37.663156108Z
,robo,3,2026-02-24T13:41:38.201967231Z
,robo,2,2026-02-24T13:46:38.860046137Z
,robo,0,2026-02-24T13:51:39.499536873Z
,robo,2,2026-02-24T13:56:40.052854778Z
,robo,3,2026-02-24T14:01:40.722437481Z
,robo,1,2026-02-24T14:06:41.37314219Z
,robo,3,2026-02-24T14:11:41.911427945Z
,robo,2,2026-02-24T14:16:42.547126612Z
,robo,3,2026-02-24T14:21:43.202441202Z
,robo,3,2026-02-24T14:26:43.747441972Z
,robo,2,2026-02-24T14:31:44.905736867Z
,robo,3,2026-02-24T14:36:45.563673938Z
,robo,1,2026-02-24T14:41:46.097688063Z
,robo,1,2026-02-24T14:46:46.663608378Z
,robo,1,2026-02-24T14:51:47.300076443Z
,robo,1,2026-02-24T14:56:47.845553488Z
,robo,0,2026-02-24T15:01:48.502635368Z
,robo,0,2026-02-24T15:06:49.043311597Z
,robo,1,2026-02-24T15:11:49.6961543Z
,robo,0,2026-02-24T15:16:50.243714536Z
,robo,3,2026-02-24T15:21:50.910190801Z
,robo,1,2026-02-24T15:26:51.461397093Z
,robo,0,2026-02-24T15:31:51.990734142Z
,robo,1,2026-02-24T15:36:52.668527235Z
,robo,0,2026-02-24T15:41:53.180469708Z
,robo,1,2026-02-24T15:46:53.856508602Z
,robo,0,2026-02-24T15:51:54.380615Z
,robo,0,2026-02-24T15:56:55.053478106Z
,robo,0,2026-02-24T16:01:55.588097159Z
,robo,2,2026-02-24T16:06:56.273517279Z
,robo,0,2026-02-24T16:11:56.783354265Z
,robo,2,2026-02-24T16:16:57.346376349Z
,robo,0,2026-02-24T16:21:57.995722112Z
,robo,1,2026-02-24T16:26:58.547283644Z
,robo,0,2026-02-24T16:31:59.184889626Z
,robo,0,2026-02-24T16:36:59.832410242Z
,robo,0,2026-02-24T16:42:00.386313025Z
,robo,0,2026-02-24T16:47:00.949984471Z
,robo,0,2026-02-24T16:52:01.475785434Z
,robo,0,2026-02-24T16:57:01.952071965Z
,robo,0,2026-02-24T17:02:03.186816447Z
,robo,0,2026-02-24T17:07:03.829558622Z
,robo,0,2026-02-24T17:12:04.37360364Z
,robo,0,2026-02-24T17:17:04.949204468Z
,robo,0,2026-02-24T17:22:05.510813252Z
,robo,0,2026-02-24T17:27:06.031415007Z
,robo,0,2026-02-24T17:32:06.673369312Z
,robo,0,2026-02-24T17:37:07.231422923Z
,robo,0,2026-02-24T17:42:07.798583536Z
,robo,0,2026-02-24T17:47:08.415665202Z
,robo,0,2026-02-24T17:52:08.969111269Z
,robo,0,2026-02-24T17:57:09.510446615Z
,robo,0,2026-02-24T18:02:10.194050393Z
,robo,0,2026-02-24T18:07:10.711022589Z
,robo,0,2026-02-24T18:12:11.359384474Z
,robo,0,2026-02-24T18:17:11.914228336Z
,robo,0,2026-02-24T18:22:12.588331872Z
,robo,0,2026-02-24T18:27:13.109568963Z
,robo,0,2026-02-24T18:32:13.749511745Z
,robo,0,2026-02-24T18:37:14.308725444Z
,robo,0,2026-02-24T18:42:14.995522882Z
,robo,0,2026-02-24T18:47:15.388268026Z
,robo,0,2026-02-24T18:52:16.001138706Z
,robo,0,2026-02-24T18:57:16.709062475Z
,robo,0,2026-02-24T19:02:17.255628114Z
,robo,0,2026-02-24T19:07:17.812897691Z
,robo,0,2026-02-24T19:12:18.473779795Z
,robo,0,2026-02-24T19:17:18.988799133Z
,robo,0,2026-02-24T19:22:19.553177348Z
,robo,0,2026-02-24T19:27:20.187611904Z
,robo,0,2026-02-24T19:32:21.35663135Z
,robo,0,2026-02-24T19:37:21.91461102Z
,robo,0,2026-02-24T19:42:22.472546555Z
,robo,0,2026-02-24T19:47:23.106183739Z
,robo,0,2026-02-24T19:52:23.666540034Z
,robo,0,2026-02-24T19:57:24.307756094Z
,robo,0,2026-02-24T20:02:24.868339596Z
,robo,0,2026-02-24T20:07:25.511557863Z
,robo,0,2026-02-24T20:12:26.150046863Z
,robo,0,2026-02-24T20:17:26.59580084Z
,robo,0,2026-02-24T20:22:27.351394569Z
,robo,0,2026-02-24T20:27:27.909178234Z
,robo,0,2026-02-24T20:32:28.548977008Z
,robo,0,2026-02-24T20:37:29.10862597Z
,robo,0,2026-02-24T20:42:29.760775741Z
,robo,0,2026-02-24T20:47:30.305928175Z
,robo,0,2026-02-24T20:52:30.928671438Z
,robo,0,2026-02-24T20:57:31.586791176Z
,robo,0,2026-02-24T21:02:32.151222264Z
,robo,0,2026-02-24T21:07:32.787422242Z
,robo,0,2026-02-24T21:12:33.355485796Z
,robo,0,2026-02-24T21:17:33.985826211Z
,robo,0,2026-02-24T21:22:34.626571888Z
,robo,0,2026-02-24T21:27:35.186355529Z
,robo,0,2026-02-24T21:32:35.825331878Z
,robo,0,2026-02-24T21:37:36.38805621Z
,robo,0,2026-02-24T21:42:37.026910758Z
,robo,0,2026-02-24T21:47:37.566231414Z
,robo,0,2026-02-24T21:52:38.228358496Z
,robo,0,2026-02-24T21:57:38.78115654Z
,robo,0,2026-02-24T22:02:39.949526132Z
,robo,0,2026-02-24T22:07:40.506031231Z
,robo,0,2026-02-24T22:12:41.022387473Z
,robo,0,2026-02-24T22:17:41.707790495Z
,robo,0,2026-02-24T22:22:42.325616839Z
,robo,0,2026-02-24T22:27:42.911503071Z
,robo,0,2026-02-24T22:32:43.519713416Z
,robo,0,2026-02-24T22:37:44.188073585Z
,robo,0,2026-02-24T22:42:44.746407427Z
,robo,0,2026-02-24T22:47:45.315144588Z
,robo,0,2026-02-24T22:52:45.916802172Z
,robo,0,2026-02-24T22:57:46.465636035Z
,robo,0,2026-02-24T23:02:47.116827176Z
,robo,0,2026-02-24T23:07:47.668136227Z
,robo,0,2026-02-24T23:12:48.354198Z
,robo,0,2026-02-24T23:17:48.866371159Z
,robo,0,2026-02-24T23:22:49.422666767Z
,robo,0,2026-02-24T23:27:50.064361542Z
,robo,0,2026-02-24T23:32:50.718582538Z
,robo,0,2026-02-24T23:37:51.275972489Z
,robo,0,2026-02-24T23:42:51.912842797Z
,robo,0,2026-02-24T23:47:52.462594177Z
,robo,0,2026-02-24T23:52:53.114076579Z
,robo,0,2026-02-24T23:57:53.657534123Z
,robo,0,2026-02-25T00:02:54.317510248Z
,robo,0,2026-02-25T00:07:54.956950157Z
,robo,0,2026-02-25T00:12:55.517813942Z
,robo,0,2026-02-25T00:17:56.162690756Z
,robo,0,2026-02-25T00:22:56.698584572Z
,robo,0,2026-02-25T00:27:57.358572667Z
,robo,0,2026-02-25T00:32:58.418947327Z
,robo,0,2026-02-25T00:37:59.050544154Z
,robo,0,2026-02-25T00:42:59.714742964Z
,robo,0,2026-02-25T00:48:00.154118746Z
,robo,0,2026-02-25T00:53:00.917921788Z
,robo,0,2026-02-25T00:58:01.554544084Z
,robo,0,2026-02-25T01:03:02.120578604Z
,robo,0,2026-02-25T01:08:02.655200773Z
,robo,0,2026-02-25T01:13:03.195721226Z
,robo,0,2026-02-25T01:18:03.852940262Z
,robo,0,2026-02-25T01:23:04.501271737Z
,robo,0,2026-02-25T01:28:05.053932276Z
,robo,0,2026-02-25T01:33:05.593949009Z
,robo,0,2026-02-25T01:38:06.254294772Z
,robo,0,2026-02-25T01:43:06.898501713Z
,robo,0,2026-02-25T01:48:07.553577162Z
,robo,0,2026-02-25T01:53:08.197537586Z
,robo,0,2026-02-25T01:58:08.744762215Z
,robo,0,2026-02-25T02:03:09.394272895Z
,robo,0,2026-02-25T02:08:09.953722916Z
,robo,0,2026-02-25T02:13:10.584597409Z
,robo,0,2026-02-25T02:18:11.25345964Z
,robo,0,2026-02-25T02:23:11.792625671Z
,robo,0,2026-02-25T02:28:12.433465226Z
,robo,0,2026-02-25T02:33:12.99462838Z
,robo,0,2026-02-25T02:38:13.638485962Z
,robo,0,2026-02-25T02:43:14.145373358Z
,robo,0,2026-02-25T02:48:14.840712746Z
,robo,0,2026-02-25T02:53:15.498906273Z
,robo,0,2026-02-25T02:58:16.138735493Z
,robo,0,2026-02-25T03:03:17.294761814Z
,robo,0,2026-02-25T03:08:17.857686627Z
,robo,0,2026-02-25T03:13:18.484547744Z
,robo,0,2026-02-25T03:18:19.154055245Z
,robo,0,2026-02-25T03:23:19.692436779Z
,robo,0,2026-02-25T03:28:20.255671491Z
,robo,0,2026-02-25T03:33:20.895332274Z
,robo,0,2026-02-25T03:38:21.556230405Z
,robo,0,2026-02-25T03:43:22.104895765Z
,robo,0,2026-02-25T03:48:22.938820198Z
,robo,0,2026-02-25T03:53:23.586992399Z
,robo,0,2026-02-25T03:58:24.147554978Z
,robo,0,2026-02-25T04:03:24.794907429Z
,robo,0,2026-02-25T04:08:25.342388957Z
,robo,0,2026-02-25T04:13:25.987874032Z
,robo,0,2026-02-25T04:18:26.637511531Z
,robo,0,2026-02-25T04:23:27.287365744Z
,robo,0,2026-02-25T04:28:27.948322463Z
,robo,0,2026-02-25T04:33:28.488501434Z
,robo,0,2026-02-25T04:38:29.102390858Z
,robo,0,2026-02-25T04:43:29.788788769Z
,robo,0,2026-02-25T04:48:30.34779419Z
,robo,0,2026-02-25T04:53:30.985598294Z
,robo,0,2026-02-25T04:58:31.520729208Z
,robo,0,2026-02-25T05:03:32.189349675Z
,robo,0,2026-02-25T05:08:32.731677675Z
,robo,0,2026-02-25T05:13:33.286448647Z
,robo,0,2026-02-25T05:18:33.92741264Z
,robo,0,2026-02-25T05:23:34.478611484Z
,robo,0,2026-02-25T05:28:35.128254782Z
,robo,0,2026-02-25T05:33:36.185487307Z
,robo,0,2026-02-25T05:38:36.835821117Z
,robo,0,2026-02-25T05:43:37.38602802Z
,robo,0,2026-02-25T05:48:38.029918279Z
,robo,0,2026-02-25T05:53:38.597543455Z
,robo,0,2026-02-25T05:58:39.125326438Z
,robo,0,2026-02-25T06:03:39.787530664Z
,robo,0,2026-02-25T06:08:40.317412877Z
,robo,0,2026-02-25T06:13:40.872281169Z
,robo,0,2026-02-25T06:18:41.525924438Z
,robo,0,2026-02-25T06:23:42.067712461Z
,robo,0,2026-02-25T06:28:42.625754714Z
,robo,0,2026-02-25T06:33:43.267318945Z
,robo,1,2026-02-25T06:38:43.821404456Z
,robo,0,2026-02-25T06:43:44.293185367Z
,robo,0,2026-02-25T06:48:45.026960753Z
,robo,0,2026-02-25T06:53:45.569022432Z
,robo,1,2026-02-25T06:58:46.108236183Z
,robo,2,2026-02-25T07:03:46.756434054Z
,robo,1,2026-02-25T07:08:47.316119293Z
,robo,1,2026-02-25T07:13:47.850301539Z
,robo,3,2026-02-25T07:18:48.40528192Z
,robo,2,2026-02-25T07:23:49.061447576Z
,robo,2,2026-02-25T07:28:49.60573351Z
,robo,0,2026-02-25T07:33:50.147152312Z
,robo,0,2026-02-25T07:38:50.79585099Z
,robo,1,2026-02-25T07:43:51.346817819Z
,robo,1,2026-02-25T07:48:51.930663843Z
,robo,1,2026-02-25T07:53:52.566713661Z
,robo,0,2026-02-25T07:58:53.085692113Z
,robo,0,2026-02-25T08:03:54.176637367Z
,robo,0,2026-02-25T08:08:54.803910767Z
,robo,0,2026-02-25T08:13:55.347521416Z
,robo,0,2026-02-25T08:18:55.9158927Z
,robo,0,2026-02-25T08:23:56.576452873Z
,robo,0,2026-02-25T08:28:57.406566208Z
,robo,0,2026-02-25T08:33:57.941110347Z
,robo,0,2026-02-25T08:38:58.589869079Z
,robo,0,2026-02-25T08:43:59.168241866Z
,robo,0,2026-02-25T08:48:59.686293921Z
,robo,3,2026-02-25T08:54:00.23683532Z
,robo,1,2026-02-25T08:59:00.789758552Z
,robo,1,2026-02-25T09:04:01.428871186Z
,robo,0,2026-02-25T09:09:02.00078024Z
,robo,0,2026-02-25T09:14:02.626749334Z
,robo,0,2026-02-25T09:19:03.195309637Z
,robo,7,2026-02-25T09:24:03.742003218Z
,robo,0,2026-02-25T09:29:04.280572501Z
,robo,0,2026-02-25T09:34:04.933543234Z
,robo,0,2026-02-25T09:39:05.479340822Z
,robo,1,2026-02-25T09:44:06.024948097Z
,robo,1,2026-02-25T09:49:06.663963745Z
,robo,2,2026-02-25T09:54:07.224306478Z
,robo,0,2026-02-25T09:59:07.764256484Z
,robo,0,2026-02-25T10:04:08.423035359Z
,robo,0,2026-02-25T10:09:08.982548253Z
,robo,0,2026-02-25T10:14:09.614923182Z
,robo,0,2026-02-25T10:19:10.273469694Z
,robo,0,2026-02-25T10:24:10.811524717Z
,robo,0,2026-02-25T10:29:11.474072312Z
,robo,1,2026-02-25T10:34:12.625429158Z
,robo,0,2026-02-25T10:39:13.187178308Z
,robo,0,2026-02-25T10:44:13.721315015Z
,robo,0,2026-02-25T10:49:14.37876166Z
,robo,0,2026-02-25T10:54:14.930182012Z
,robo,1,2026-02-25T10:59:15.476330574Z
,robo,0,2026-02-25T11:04:16.117880345Z
,robo,0,2026-02-25T11:09:16.677256218Z
,robo,1,2026-02-25T11:14:17.225647286Z
,robo,2,2026-02-25T11:19:17.867225891Z
,robo,2,2026-02-25T11:24:18.516848196Z
,robo,0,2026-02-25T11:29:19.166954206Z
,robo,2,2026-02-25T11:34:19.616180088Z
,robo,2,2026-02-25T11:39:20.281812712Z
,robo,1,2026-02-25T11:44:20.928101118Z
,robo,2,2026-02-25T11:49:21.561040129Z
,robo,3,2026-02-25T11:54:22.220131404Z
,robo,0,2026-02-25T11:59:22.857872246Z
,robo,2,2026-02-25T12:04:23.328232839Z
,robo,3,2026-02-25T12:09:23.976121594Z
,robo,4,2026-02-25T12:14:24.519933371Z
,robo,1,2026-02-25T12:19:25.058595038Z
,robo,0,2026-02-25T12:24:25.695473171Z
,robo,0,2026-02-25T12:29:26.242584033Z
,robo,0,2026-02-25T12:34:26.913837037Z
,robo,0,2026-02-25T12:39:27.449980391Z
,robo,2,2026-02-25T12:44:27.999091062Z
,robo,2,2026-02-25T12:49:28.651758916Z
,robo,0,2026-02-25T12:54:29.291493405Z
,robo,1,2026-02-25T12:59:29.949560076Z
,robo,0,2026-02-25T13:04:30.906239597Z
,robo,1,2026-02-25T13:09:31.448713194Z
,robo,1,2026-02-25T13:14:32.107952719Z
,robo,2,2026-02-25T13:19:32.748518602Z
,robo,1,2026-02-25T13:24:33.293059403Z
,robo,0,2026-02-25T13:29:33.853860195Z
,robo,0,2026-02-25T13:34:34.498789857Z
,robo,4,2026-02-25T13:39:35.046387119Z
,robo,2,2026-02-25T13:44:35.592844796Z
,robo,0,2026-02-25T13:49:36.137733295Z
,robo,3,2026-02-25T13:54:36.784847047Z
,robo,0,2026-02-25T13:59:37.327085824Z
,robo,1,2026-02-25T14:04:38.088019082Z
,robo,0,2026-02-25T14:09:38.538297983Z
,robo,0,2026-02-25T14:14:39.085355093Z
,robo,0,2026-02-25T14:19:39.8387635Z
,robo,0,2026-02-25T14:24:40.276388048Z
,robo,0,2026-02-25T14:29:40.926791331Z
,robo,0,2026-02-25T14:34:41.572060008Z
,robo,0,2026-02-25T14:39:42.221082347Z
,robo,0,2026-02-25T14:44:42.871869107Z
,robo,1,2026-02-25T14:49:43.450667724Z
,robo,1,2026-02-25T14:54:43.984808766Z
,robo,0,2026-02-25T14:59:44.628127202Z
,robo,0,2026-02-25T15:04:45.294192488Z
,robo,1,2026-02-25T15:09:45.820389026Z
,robo,0,2026-02-25T15:14:46.583870696Z
,robo,0,2026-02-25T15:19:47.233462103Z
,robo,2,2026-02-25T15:24:47.765196775Z
,robo,1,2026-02-25T15:29:48.437459582Z
,robo,0,2026-02-25T15:34:49.595976864Z
,robo,0,2026-02-25T15:39:50.259590971Z
,robo,1,2026-02-25T15:44:50.786121405Z
,robo,0,2026-02-25T15:49:51.530778686Z
,robo,0,2026-02-25T15:54:52.191061537Z
,robo,0,2026-02-25T15:59:52.526137102Z
,robo,2,2026-02-25T16:04:53.279530731Z
,robo,0,2026-02-25T16:09:53.834124848Z
,robo,0,2026-02-25T16:14:54.593533744Z
,robo,2,2026-02-25T16:19:55.03739431Z
,robo,0,2026-02-25T16:24:55.683498965Z
,robo,0,2026-02-25T16:29:56.326298356Z
,robo,0,2026-02-25T16:34:56.972233849Z
,robo,2,2026-02-25T16:39:57.413485338Z
,robo,4,2026-02-25T16:44:58.008582495Z
,robo,3,2026-02-25T16:49:58.721659747Z
,robo,1,2026-02-25T16:54:59.174139133Z
,robo,1,2026-02-25T16:59:59.809943165Z
,robo,0,2026-02-25T17:05:00.469285387Z
,robo,0,2026-02-25T17:10:00.916999573Z
,robo,0,2026-02-25T17:15:01.567234055Z
,robo,0,2026-02-25T17:20:02.218236425Z
,robo,0,2026-02-25T17:25:02.655358873Z
,robo,0,2026-02-25T17:30:03.310723409Z
,robo,1,2026-02-25T17:35:03.709879028Z
,robo,0,2026-02-25T17:40:04.506854787Z
,robo,0,2026-02-25T17:45:05.056730095Z
,robo,0,2026-02-25T17:50:05.607804805Z
,robo,0,2026-02-25T17:55:06.257140494Z
,robo,0,2026-02-25T18:00:07.007360873Z
,robo,0,2026-02-25T18:05:08.155872601Z
,robo,0,2026-02-25T18:10:08.628614261Z
,robo,0,2026-02-25T18:15:09.163233778Z
,robo,0,2026-02-25T18:20:09.807441614Z
,robo,0,2026-02-25T18:25:10.360181749Z
,robo,0,2026-02-25T18:30:10.995861612Z
,robo,0,2026-02-25T18:35:11.656802634Z
,robo,0,2026-02-25T18:40:12.324841833Z
,robo,0,2026-02-25T18:45:12.756877546Z
,robo,0,2026-02-25T18:50:13.403566259Z
,robo,0,2026-02-25T18:55:14.059735877Z
,robo,0,2026-02-25T19:00:14.706842589Z
,robo,0,2026-02-25T19:05:15.163625422Z
,robo,0,2026-02-25T19:10:15.790101089Z
,robo,0,2026-02-25T19:15:16.34720398Z
,robo,0,2026-02-25T19:20:16.9997807Z
,robo,0,2026-02-25T19:25:17.534296285Z
,robo,0,2026-02-25T19:30:18.191280897Z
,robo,0,2026-02-25T19:35:18.832973935Z
,robo,0,2026-02-25T19:40:19.279756383Z
,robo,0,2026-02-25T19:45:19.927109537Z
,robo,0,2026-02-25T19:50:20.606392324Z
,robo,0,2026-02-25T19:55:21.228868392Z
,robo,0,2026-02-25T20:00:21.79011144Z
,robo,0,2026-02-25T20:05:22.33056298Z
,robo,0,2026-02-25T20:10:22.981587611Z
,robo,0,2026-02-25T20:15:23.536364938Z
,robo,0,2026-02-25T20:20:24.186130202Z
,robo,0,2026-02-25T20:25:24.736024632Z
,robo,0,2026-02-25T20:30:25.283828351Z
,robo,0,2026-02-25T20:35:26.546307531Z
,robo,0,2026-02-25T20:40:27.198093676Z
,robo,0,2026-02-25T20:45:27.636743039Z
,robo,0,2026-02-25T20:50:28.293894744Z
,robo,0,2026-02-25T20:55:28.936531621Z
,robo,0,2026-02-25T21:00:29.586982996Z
,robo,0,2026-02-25T21:05:30.044565457Z
,robo,0,2026-02-25T21:10:30.685928338Z
,robo,0,2026-02-25T21:15:31.336610408Z
,robo,0,2026-02-25T21:20:31.988910004Z
,robo,0,2026-02-25T21:25:32.435592737Z
,robo,0,2026-02-25T21:30:33.086406405Z
,robo,0,2026-02-25T21:35:33.726380755Z
,robo,0,2026-02-25T21:40:34.178775554Z
,robo,0,2026-02-25T21:45:34.826032233Z
,robo,0,2026-02-25T21:50:35.483414796Z
,robo,0,2026-02-25T21:55:36.017000508Z
,robo,0,2026-02-25T22:00:36.57646765Z
,robo,0,2026-02-25T22:05:37.2168146Z
,robo,0,2026-02-25T22:10:37.867082403Z
,robo,0,2026-02-25T22:15:38.439488684Z
,robo,0,2026-02-25T22:20:38.95460657Z
,robo,0,2026-02-25T22:25:39.524403308Z
,robo,0,2026-02-25T22:30:40.158579267Z
,robo,0,2026-02-25T22:35:40.608026679Z
,robo,0,2026-02-25T22:40:41.252061741Z
,robo,0,2026-02-25T22:45:41.706965778Z
,robo,0,2026-02-25T22:50:42.35192304Z
,robo,0,2026-02-25T22:55:43.00737951Z
,robo,0,2026-02-25T23:00:43.446355649Z
,robo,0,2026-02-25T23:05:44.61597124Z
,robo,0,2026-02-25T23:10:45.050683353Z
,robo,0,2026-02-25T23:15:45.70713982Z
,robo,0,2026-02-25T23:20:46.243859391Z
,robo,0,2026-02-25T23:25:46.633899432Z
,robo,0,2026-02-25T23:30:47.342538114Z
,robo,0,2026-02-25T23:35:47.725313152Z
,robo,0,2026-02-25T23:40:48.336582302Z
,robo,0,2026-02-25T23:45:48.887784219Z
,robo,0,2026-02-25T23:50:49.337446852Z
,robo,0,2026-02-25T23:55:50.094877112Z
,robo,0,2026-02-26T00:00:50.738231602Z
,robo,0,2026-02-26T00:05:51.199068801Z
,robo,0,2026-02-26T00:10:51.830867388Z
,robo,0,2026-02-26T00:15:52.280893284Z
,robo,0,2026-02-26T00:20:52.837597626Z
,robo,0,2026-02-26T00:25:53.37984642Z
,robo,0,2026-02-26T00:30:54.026401156Z
,robo,0,2026-02-26T00:35:54.709036662Z
,robo,0,2026-02-26T00:40:55.125937738Z
,robo,0,2026-02-26T00:45:55.666054472Z
,robo,0,2026-02-26T00:50:56.324143584Z
,robo,0,2026-02-26T00:55:56.967117252Z
,robo,0,2026-02-26T01:00:57.407419822Z
,robo,0,2026-02-26T01:05:58.06661303Z
,robo,0,2026-02-26T01:10:58.715848902Z
,robo,0,2026-02-26T01:15:59.156529293Z
,robo,0,2026-02-26T01:20:59.706075653Z
,robo,0,2026-02-26T01:26:00.255973884Z
,robo,0,2026-02-26T01:31:00.80493615Z
,robo,0,2026-02-26T01:36:01.875599002Z
,robo,0,2026-02-26T01:41:02.415600201Z
,robo,0,2026-02-26T01:46:03.050296838Z
,robo,0,2026-02-26T01:51:03.595221325Z
,robo,0,2026-02-26T01:56:04.149844043Z
,robo,0,2026-02-26T02:01:04.698458771Z
,robo,0,2026-02-26T02:06:05.349611572Z
,robo,0,2026-02-26T02:11:05.797960643Z
,robo,0,2026-02-26T02:16:06.448154253Z
,robo,0,2026-02-26T02:21:06.996230615Z
,robo,0,2026-02-26T02:26:07.633013415Z
,robo,0,2026-02-26T02:31:08.086133929Z
,robo,0,2026-02-26T02:36:08.734799512Z
,robo,0,2026-02-26T02:41:09.285557981Z
,robo,0,2026-02-26T02:46:09.859341319Z
,robo,0,2026-02-26T02:51:10.481105721Z
,robo,0,2026-02-26T02:56:11.337294882Z
,robo,0,2026-02-26T03:01:11.886610836Z
,robo,0,2026-02-26T03:06:12.537681949Z
,robo,0,2026-02-26T03:11:12.975817074Z
,robo,0,2026-02-26T03:16:13.621062345Z
,robo,0,2026-02-26T03:21:14.180027177Z
,robo,0,2026-02-26T03:26:14.826960877Z
,robo,0,2026-02-26T03:31:15.491983035Z
,robo,0,2026-02-26T03:36:16.026057076Z
,robo,0,2026-02-26T03:41:16.576135575Z
,robo,0,2026-02-26T03:46:17.227094562Z
,robo,0,2026-02-26T03:51:17.767744282Z
,robo,0,2026-02-26T03:56:18.329750747Z
,robo,0,2026-02-26T04:01:18.967256484Z
,robo,0,2026-02-26T04:06:20.137190294Z
,robo,0,2026-02-26T04:11:20.686352829Z
,robo,0,2026-02-26T04:16:21.330034427Z
,robo,0,2026-02-26T04:21:21.876420451Z
,robo,0,2026-02-26T04:26:22.527295572Z
,robo,0,2026-02-26T04:31:23.077907392Z
,robo,0,2026-02-26T04:36:23.725577034Z
,robo,0,2026-02-26T04:41:24.278101033Z
,robo,0,2026-02-26T04:46:25.125383084Z
,robo,0,2026-02-26T04:51:25.581819799Z
,robo,0,2026-02-26T04:56:26.126605819Z
,robo,0,2026-02-26T05:01:26.761032361Z
,robo,0,2026-02-26T05:06:27.411410582Z
,robo,0,2026-02-26T05:11:28.066423735Z
,robo,0,2026-02-26T05:16:28.624020874Z
,robo,0,2026-02-26T05:21:29.266230404Z
,robo,0,2026-02-26T05:26:29.816163438Z
,robo,0,2026-02-26T05:31:30.465554596Z
,robo,0,2026-02-26T05:36:31.115878725Z
,robo,0,2026-02-26T05:41:31.77554698Z
,robo,0,2026-02-26T05:46:32.415807651Z
,robo,0,2026-02-26T05:51:32.862266367Z
,robo,0,2026-02-26T05:56:33.501734295Z
,robo,0,2026-02-26T06:01:34.172426385Z
,robo,0,2026-02-26T06:06:34.70128127Z
,robo,0,2026-02-26T06:11:35.465733208Z
,robo,0,2026-02-26T06:16:36.113091683Z
,robo,0,2026-02-26T06:21:36.558534207Z
,robo,0,2026-02-26T06:26:37.214321378Z
,robo,0,2026-02-26T06:31:37.751783453Z
,robo,0,2026-02-26T06:36:38.914412584Z
,robo,0,2026-02-26T06:41:39.555663532Z
,robo,0,2026-02-26T06:46:40.120779322Z
,robo,0,2026-02-26T06:51:40.666559003Z
,robo,0,2026-02-26T06:56:41.415298465Z
,robo,0,2026-02-26T07:01:41.76562505Z
,robo,0,2026-02-26T07:06:42.407517108Z
,robo,0,2026-02-26T07:11:43.167984099Z
,robo,0,2026-02-26T07:16:43.606044328Z
,robo,1,2026-02-26T07:21:44.243985483Z
,robo,0,2026-02-26T07:26:44.893463993Z
,robo,0,2026-02-26T07:31:45.455484549Z
,robo,1,2026-02-26T07:36:46.206107822Z
,robo,2,2026-02-26T07:41:46.663454735Z
,robo,0,2026-02-26T07:46:47.224211366Z
,robo,1,2026-02-26T07:51:47.836775139Z
,robo,0,2026-02-26T07:56:48.362092096Z
,robo,2,2026-02-26T08:01:49.052238771Z
,robo,5,2026-02-26T08:06:49.590681995Z
,robo,0,2026-02-26T08:11:50.250476059Z
,robo,5,2026-02-26T08:16:50.795616109Z
,robo,3,2026-02-26T08:21:51.453530271Z
,robo,3,2026-02-26T08:26:51.995123913Z
,robo,0,2026-02-26T08:31:52.659953368Z
,robo,0,2026-02-26T08:36:53.190076634Z
,robo,0,2026-02-26T08:41:53.848330774Z
,robo,0,2026-02-26T08:46:54.47988079Z
,robo,0,2026-02-26T08:51:55.031753002Z
,robo,1,2026-02-26T08:56:55.576320099Z
,robo,0,2026-02-26T09:01:56.24890827Z
,robo,2,2026-02-26T09:06:57.412893774Z
,robo,2,2026-02-26T09:11:57.965152507Z
,robo,0,2026-02-26T09:16:58.583802726Z
,robo,2,2026-02-26T09:21:59.14050959Z
,robo,1,2026-02-26T09:26:59.699455536Z
,robo,1,2026-02-26T09:32:00.341055611Z
,robo,3,2026-02-26T09:37:01.019448764Z
,robo,2,2026-02-26T09:42:01.673799093Z
,robo,2,2026-02-26T09:47:02.181183589Z
,robo,0,2026-02-26T09:52:02.861985246Z
,robo,3,2026-02-26T09:57:03.497630662Z
,robo,1,2026-02-26T10:02:04.019835881Z
,robo,2,2026-02-26T10:07:04.802385935Z
,robo,1,2026-02-26T10:12:05.339550488Z
,robo,0,2026-02-26T10:17:05.990294323Z
,robo,4,2026-02-26T10:22:06.623103523Z
,robo,0,2026-02-26T10:27:07.287968976Z
,robo,0,2026-02-26T10:32:07.825839187Z
,robo,2,2026-02-26T10:37:08.494321833Z
,robo,0,2026-02-26T10:42:09.138766756Z
,robo,2,2026-02-26T10:47:09.779699665Z
,robo,0,2026-02-26T10:52:10.326178748Z
,robo,3,2026-02-26T10:57:10.976790408Z
,robo,2,2026-02-26T11:02:11.537626516Z
,robo,1,2026-02-26T11:07:12.182092207Z
,robo,1,2026-02-26T11:12:12.840841735Z
,robo,3,2026-02-26T11:17:13.367357264Z
,robo,0,2026-02-26T11:22:14.033129757Z
,robo,2,2026-02-26T11:27:14.685254821Z
,robo,2,2026-02-26T11:32:15.219444562Z
,robo,0,2026-02-26T11:37:16.383938615Z
,robo,0,2026-02-26T11:42:17.066137455Z
,robo,0,2026-02-26T11:47:17.579855641Z
,robo,0,2026-02-26T11:52:18.329140784Z
,robo,3,2026-02-26T11:57:18.894865088Z
,robo,0,2026-02-26T12:02:19.462606005Z
,robo,0,2026-02-26T12:07:20.178410223Z
,robo,1,2026-02-26T12:12:20.840715409Z
,robo,0,2026-02-26T12:17:21.491440257Z
,robo,1,2026-02-26T12:22:22.034518286Z
,robo,0,2026-02-26T12:27:22.580898248Z
,robo,2,2026-02-26T12:32:23.232672326Z
,robo,1,2026-02-26T12:37:23.772231141Z
,robo,1,2026-02-26T12:42:24.428450718Z
,robo,0,2026-02-26T12:47:24.974561758Z
,robo,0,2026-02-26T12:52:25.62828622Z
,robo,1,2026-02-26T12:57:26.167746149Z
,robo,0,2026-02-26T13:02:26.822232481Z
,robo,2,2026-02-26T13:07:27.393365162Z
,robo,1,2026-02-26T13:12:28.043488949Z
,robo,0,2026-02-26T13:17:28.691752288Z
,robo,0,2026-02-26T13:22:29.316420519Z
,robo,1,2026-02-26T13:27:29.86163965Z
,robo,2,2026-02-26T13:32:30.514277318Z
,robo,0,2026-02-26T13:37:31.168839533Z
,robo,3,2026-02-26T13:42:31.811752775Z
,robo,0,2026-02-26T13:47:32.457100494Z
,robo,0,2026-02-26T13:52:33.229687208Z
,robo,3,2026-02-26T13:57:33.756560388Z
,robo,6,2026-02-26T14:02:34.416251255Z
,robo,3,2026-02-26T14:07:35.579204844Z
,robo,3,2026-02-26T14:12:36.123385647Z
,robo,2,2026-02-26T14:17:36.776235527Z
,robo,0,2026-02-26T14:22:37.418864067Z
,robo,0,2026-02-26T14:27:38.077977763Z
,robo,0,2026-02-26T14:32:38.737888482Z
,robo,2,2026-02-26T14:37:39.263838638Z
,robo,3,2026-02-26T14:42:39.918490842Z
,robo,1,2026-02-26T14:47:40.496799562Z
,robo,0,2026-02-26T14:52:40.913402542Z
,robo,1,2026-02-26T14:57:41.659358355Z
,robo,1,2026-02-26T15:02:42.321566768Z
,robo,1,2026-02-26T15:07:42.977050473Z
,robo,0,2026-02-26T15:12:43.517437692Z
,robo,0,2026-02-26T15:17:44.159327163Z
,robo,0,2026-02-26T15:22:44.731081748Z
,robo,0,2026-02-26T15:27:45.38875725Z
,robo,0,2026-02-26T15:32:46.015945646Z
,robo,0,2026-02-26T15:37:46.67684653Z
,robo,0,2026-02-26T15:42:47.222428389Z
,robo,0,2026-02-26T15:47:47.859982123Z
,robo,0,2026-02-26T15:52:48.5458568Z
,robo,1,2026-02-26T15:57:49.162466056Z
,robo,1,2026-02-26T16:02:49.747756231Z
,robo,1,2026-02-26T16:07:50.362244083Z
,robo,4,2026-02-26T16:12:51.218978734Z
,robo,4,2026-02-26T16:17:51.774469349Z
,robo,0,2026-02-26T16:22:52.418088663Z
,robo,0,2026-02-26T16:27:52.971180549Z
,robo,0,2026-02-26T16:32:53.6208905Z
,robo,0,2026-02-26T16:37:54.66166648Z
,robo,0,2026-02-26T16:42:55.324307864Z
,robo,0,2026-02-26T16:47:55.875431058Z
,robo,0,2026-02-26T16:52:56.518146644Z
,robo,0,2026-02-26T16:57:57.077370547Z
,robo,0,2026-02-26T17:02:57.728615138Z
,robo,0,2026-02-26T17:07:58.272614881Z
,robo,0,2026-02-26T17:12:58.809677143Z
,robo,2,2026-02-26T17:17:59.357456765Z
,robo,1,2026-02-26T17:23:00.001185175Z
,robo,0,2026-02-26T17:28:00.561703926Z
,robo,2,2026-02-26T17:33:01.204591564Z
,robo,0,2026-02-26T17:38:01.761782783Z
,robo,0,2026-02-26T17:43:02.30223129Z
,robo,0,2026-02-26T17:48:02.969600775Z
,robo,1,2026-02-26T17:53:03.507989825Z
,robo,0,2026-02-26T17:58:04.053063564Z
,robo,0,2026-02-26T18:03:04.601978877Z
,robo,0,2026-02-26T18:08:05.241108884Z
,robo,0,2026-02-26T18:13:05.789792139Z
,robo,3,2026-02-26T18:18:06.344334592Z
,robo,0,2026-02-26T18:23:06.995441629Z
,robo,0,2026-02-26T18:28:07.547113146Z
,robo,0,2026-02-26T18:33:08.115782256Z
,robo,0,2026-02-26T18:38:08.758861313Z
,robo,0,2026-02-26T18:43:09.301597983Z
,robo,0,2026-02-26T18:48:09.932587734Z
,robo,0,2026-02-26T18:53:10.499904145Z
,robo,0,2026-02-26T18:58:11.130506849Z
,robo,0,2026-02-26T19:03:11.696831783Z
,robo,0,2026-02-26T19:08:12.846646225Z
,robo,0,2026-02-26T19:13:13.500786449Z
,robo,0,2026-02-26T19:18:14.068702021Z
,robo,0,2026-02-26T19:23:14.710279871Z
,robo,0,2026-02-26T19:28:15.253979147Z
,robo,0,2026-02-26T19:33:15.887543085Z
,robo,0,2026-02-26T19:38:16.468902245Z
,robo,0,2026-02-26T19:43:17.088930916Z
,robo,0,2026-02-26T19:48:17.639630861Z
,robo,0,2026-02-26T19:53:18.281458846Z
,robo,0,2026-02-26T19:58:18.934572487Z
,robo,0,2026-02-26T20:03:19.478347225Z
,robo,0,2026-02-26T20:08:20.126223441Z
,robo,0,2026-02-26T20:13:20.709195794Z
,robo,0,2026-02-26T20:18:21.448801745Z
,robo,0,2026-02-26T20:23:21.992691974Z
,robo,0,2026-02-26T20:28:22.751990163Z
,robo,0,2026-02-26T20:33:23.282396584Z
,robo,0,2026-02-26T20:38:23.94627018Z
,robo,0,2026-02-26T20:43:24.579394042Z
,robo,0,2026-02-26T20:48:25.137478891Z
,robo,0,2026-02-26T20:53:25.781086259Z
,robo,0,2026-02-26T20:58:26.443674495Z
,robo,0,2026-02-26T21:03:27.07443274Z
,robo,0,2026-02-26T21:08:27.655090745Z
,robo,0,2026-02-26T21:13:28.390694415Z
,robo,0,2026-02-26T21:18:28.946836302Z
,robo,0,2026-02-26T21:23:29.579593467Z
,robo,0,2026-02-26T21:28:30.22074032Z
,robo,0,2026-02-26T21:33:30.78060226Z
,robo,0,2026-02-26T21:38:31.950236867Z
,robo,0,2026-02-26T21:43:32.594554093Z
,robo,0,2026-02-26T21:48:33.239287454Z
,robo,0,2026-02-26T21:53:33.895816932Z
,robo,0,2026-02-26T21:58:34.537712983Z
,robo,0,2026-02-26T22:03:35.094745053Z
,robo,0,2026-02-26T22:08:35.72939101Z
,robo,0,2026-02-26T22:13:36.276080527Z
,robo,0,2026-02-26T22:18:37.109973751Z
,robo,0,2026-02-26T22:23:37.701670541Z
,robo,0,2026-02-26T22:28:38.344589603Z
,robo,0,2026-02-26T22:33:38.882457973Z
,robo,0,2026-02-26T22:38:39.5329222Z
,robo,0,2026-02-26T22:43:40.189880003Z
,robo,0,2026-02-26T22:48:40.826994935Z
,robo,0,2026-02-26T22:53:41.492707375Z
,robo,0,2026-02-26T22:58:42.034511172Z
,robo,0,2026-02-26T23:03:42.692132316Z
,robo,0,2026-02-26T23:08:43.216136164Z
,robo,0,2026-02-26T23:13:43.880970038Z
,robo,0,2026-02-26T23:18:44.434254586Z
,robo,0,2026-02-26T23:23:45.079840212Z
,robo,0,2026-02-26T23:28:45.631646066Z
,robo,0,2026-02-26T23:33:46.273318403Z
,robo,0,2026-02-26T23:38:46.816688499Z
,robo,0,2026-02-26T23:43:47.472189912Z
,robo,0,2026-02-26T23:48:47.910000358Z
,robo,0,2026-02-26T23:53:48.67980735Z
,robo,0,2026-02-26T23:58:49.213498486Z
,robo,0,2026-02-27T00:03:49.767205153Z
,robo,0,2026-02-27T00:08:50.931040386Z
,robo,0,2026-02-27T00:13:51.566987307Z
,robo,0,2026-02-27T00:18:52.126482321Z
,robo,0,2026-02-27T00:23:52.785672734Z
,robo,0,2026-02-27T00:28:53.322717935Z
,robo,0,2026-02-27T00:33:53.977656698Z
,robo,0,2026-02-27T00:38:54.51911323Z
,robo,0,2026-02-27T00:43:55.160091653Z
,robo,0,2026-02-27T00:48:55.716068874Z
,robo,0,2026-02-27T00:53:56.271825621Z
,robo,0,2026-02-27T00:58:56.918094988Z
,robo,0,2026-02-27T01:03:57.466734593Z
,robo,0,2026-02-27T01:08:57.981276639Z
,robo,0,2026-02-27T01:13:58.70001165Z
,robo,0,2026-02-27T01:18:59.205040819Z
,robo,0,2026-02-27T01:23:59.853196205Z
,robo,0,2026-02-27T01:29:00.411960398Z
,robo,0,2026-02-27T01:34:01.069403274Z
,robo,0,2026-02-27T01:39:01.6002324Z
,robo,0,2026-02-27T01:44:02.258828043Z
,robo,0,2026-02-27T01:49:02.901926561Z
,robo,0,2026-02-27T01:54:03.456936406Z
,robo,0,2026-02-27T01:59:04.005362649Z
,robo,0,2026-02-27T02:04:04.543264859Z
,robo,0,2026-02-27T02:09:05.199712241Z
,robo,0,2026-02-27T02:14:05.746598827Z
,robo,0,2026-02-27T02:19:06.302004469Z
,robo,0,2026-02-27T02:24:06.941737824Z
,robo,0,2026-02-27T02:29:07.485434205Z
,robo,0,2026-02-27T02:34:08.136987311Z
,robo,0,2026-02-27T02:39:09.190040844Z
,robo,0,2026-02-27T02:44:09.846530779Z
,robo,0,2026-02-27T02:49:10.390754785Z
,robo,0,2026-02-27T02:54:10.940932553Z
,robo,0,2026-02-27T02:59:11.594331323Z
,robo,0,2026-02-27T03:04:12.24333199Z
,robo,0,2026-02-27T03:09:12.796668336Z
,robo,0,2026-02-27T03:14:13.451613895Z
,robo,0,2026-02-27T03:19:14.089057752Z
,robo,0,2026-02-27T03:24:14.650396003Z
,robo,0,2026-02-27T03:29:15.288817528Z
,robo,0,2026-02-27T03:34:16.044124494Z
,robo,0,2026-02-27T03:39:16.495131515Z
,robo,0,2026-02-27T03:44:17.150916969Z
,robo,0,2026-02-27T03:49:17.79903783Z
,robo,0,2026-02-27T03:54:18.328504235Z
,robo,0,2026-02-27T03:59:18.986352408Z
,robo,0,2026-02-27T04:04:19.545472325Z
,robo,0,2026-02-27T04:09:20.193759851Z
,robo,0,2026-02-27T04:14:20.858977059Z
,robo,0,2026-02-27T04:19:21.392677894Z
,robo,0,2026-02-27T04:24:22.033257935Z
,robo,0,2026-02-27T04:29:22.591265872Z
,robo,0,2026-02-27T04:34:23.339486939Z
,robo,0,2026-02-27T04:39:23.778782404Z
,robo,0,2026-02-27T04:44:24.429908003Z
,robo,0,2026-02-27T04:49:25.077556263Z
,robo,0,2026-02-27T04:54:25.729161213Z
,robo,0,2026-02-27T04:59:26.272523236Z
,robo,0,2026-02-27T05:04:26.936323031Z
,robo,0,2026-02-27T05:09:28.088864187Z
,robo,0,2026-02-27T05:14:28.740358411Z
,robo,0,2026-02-27T05:19:29.290919164Z
,robo,0,2026-02-27T05:24:29.938354615Z
,robo,0,2026-02-27T05:29:30.577173278Z
,robo,1,2026-02-27T05:34:31.138840154Z
,robo,1,2026-02-27T05:39:31.79932064Z
,robo,0,2026-02-27T05:44:32.426133214Z
,robo,0,2026-02-27T05:49:32.978224679Z
,robo,0,2026-02-27T05:54:33.627848655Z
,robo,1,2026-02-27T05:59:34.185197114Z
,robo,0,2026-02-27T06:04:34.839303629Z
,robo,2,2026-02-27T06:09:35.372771174Z
,robo,1,2026-02-27T06:14:36.029489948Z
,robo,0,2026-02-27T06:19:36.676150392Z
,robo,0,2026-02-27T06:24:37.329657497Z
,robo,0,2026-02-27T06:29:37.873089195Z
,robo,0,2026-02-27T06:34:38.521952829Z
,robo,2,2026-02-27T06:39:39.074188759Z
,robo,0,2026-02-27T06:44:39.725294832Z
,robo,0,2026-02-27T06:49:40.276033098Z
,robo,0,2026-02-27T06:54:40.92017923Z
,robo,0,2026-02-27T06:59:41.566196219Z
,robo,2,2026-02-27T07:04:42.125688954Z
,robo,0,2026-02-27T07:09:42.674006031Z
,robo,0,2026-02-27T07:14:43.317071231Z
,robo,0,2026-02-27T07:19:43.856178872Z
,robo,1,2026-02-27T07:24:44.414961766Z
,robo,2,2026-02-27T07:29:45.05949221Z
,robo,1,2026-02-27T07:34:45.599605576Z
,robo,1,2026-02-27T07:39:46.676784814Z
,robo,0,2026-02-27T07:44:47.321349033Z
,robo,4,2026-02-27T07:49:47.884860182Z
,robo,0,2026-02-27T07:54:48.530274323Z
,robo,0,2026-02-27T07:59:49.164648518Z
,robo,1,2026-02-27T08:04:49.736447113Z
,robo,1,2026-02-27T08:09:50.372931889Z
,robo,1,2026-02-27T08:14:51.013183588Z
,robo,1,2026-02-27T08:19:51.557951556Z
,robo,0,2026-02-27T08:24:52.200003521Z
,robo,0,2026-02-27T08:29:52.757580351Z
,robo,1,2026-02-27T08:34:53.401507379Z
,robo,2,2026-02-27T08:39:53.956120025Z
,robo,4,2026-02-27T08:44:54.60019481Z
,robo,2,2026-02-27T08:49:55.144024831Z
,robo,4,2026-02-27T08:54:55.818438162Z
,robo,1,2026-02-27T08:59:56.457034454Z
,robo,0,2026-02-27T09:04:56.997250224Z
,robo,2,2026-02-27T09:09:57.659643165Z
,robo,1,2026-02-27T09:14:58.308378628Z
,robo,1,2026-02-27T09:19:58.868049477Z
,robo,3,2026-02-27T09:24:59.399074273Z
,robo,0,2026-02-27T09:29:59.945185677Z
,robo,3,2026-02-27T09:35:00.481031073Z
,robo,1,2026-02-27T09:40:01.032148488Z
,robo,2,2026-02-27T09:45:01.599938166Z
,robo,1,2026-02-27T09:50:02.250946578Z
,robo,2,2026-02-27T09:55:02.790385406Z
,robo,1,2026-02-27T10:00:03.503966125Z
,robo,2,2026-02-27T10:05:03.976884271Z
,robo,0,2026-02-27T10:10:05.154585117Z
,robo,0,2026-02-27T10:15:05.700891258Z
,robo,0,2026-02-27T10:20:06.347232092Z
,robo,1,2026-02-27T10:25:07.000522295Z
,robo,1,2026-02-27T10:30:07.538431871Z
,robo,2,2026-02-27T10:35:08.187091475Z
,robo,0,2026-02-27T10:40:08.738161092Z
,robo,1,2026-02-27T10:45:09.380651188Z
,robo,1,2026-02-27T10:50:09.94218366Z
,robo,1,2026-02-27T10:55:10.486451545Z
,robo,0,2026-02-27T11:00:11.142295849Z
,robo,0,2026-02-27T11:05:11.584176361Z
,robo,1,2026-02-27T11:10:12.218129267Z
,robo,0,2026-02-27T11:15:12.773690472Z
,robo,0,2026-02-27T11:20:13.330430711Z
,robo,1,2026-02-27T11:25:13.986801997Z
,robo,1,2026-02-27T11:30:14.529660419Z
,robo,1,2026-02-27T11:35:15.161340081Z
,robo,1,2026-02-27T11:40:15.731519119Z
,robo,5,2026-02-27T11:45:16.269156408Z
,robo,3,2026-02-27T11:50:16.910932586Z
,robo,1,2026-02-27T11:55:17.600340007Z
,robo,4,2026-02-27T12:00:18.111619868Z
,robo,5,2026-02-27T12:05:18.765812166Z
,robo,2,2026-02-27T12:10:19.41396357Z
,robo,0,2026-02-27T12:15:19.96342284Z
,robo,0,2026-02-27T12:20:20.64778983Z
,robo,0,2026-02-27T12:25:21.209432547Z
,robo,0,2026-02-27T12:30:22.025918388Z
,robo,0,2026-02-27T12:35:22.568697016Z
,robo,1,2026-02-27T12:40:23.83705534Z
,robo,0,2026-02-27T12:45:24.478959592Z
,robo,0,2026-02-27T12:50:25.062780423Z
,robo,1,2026-02-27T12:55:25.780911526Z
,robo,0,2026-02-27T13:00:26.455196477Z
,robo,4,2026-02-27T13:05:27.076414534Z
,robo,1,2026-02-27T13:10:27.631442168Z
,robo,3,2026-02-27T13:15:28.305671879Z
,robo,1,2026-02-27T13:20:29.112488512Z
,robo,0,2026-02-27T13:25:29.69944957Z
,robo,0,2026-02-27T13:30:30.271174023Z
,robo,0,2026-02-27T13:35:30.912458769Z
,robo,1,2026-02-27T13:40:31.632268097Z
,robo,5,2026-02-27T13:45:32.179889487Z
,robo,0,2026-02-27T13:50:32.832965054Z
,robo,0,2026-02-27T13:55:33.516376011Z
,robo,0,2026-02-27T14:00:34.028589161Z
,robo,2,2026-02-27T14:05:34.66403675Z
,robo,0,2026-02-27T14:10:35.419296693Z
,robo,0,2026-02-27T14:15:35.972997085Z
,robo,0,2026-02-27T14:20:36.628928364Z
,robo,0,2026-02-27T14:25:37.267365843Z
,robo,0,2026-02-27T14:30:37.811732092Z
,robo,1,2026-02-27T14:35:38.476821022Z
,robo,0,2026-02-27T14:40:39.141548506Z
,robo,0,2026-02-27T14:45:39.768499427Z
,robo,2,2026-02-27T14:50:40.32567252Z
,robo,0,2026-02-27T14:55:40.967141789Z
,robo,0,2026-02-27T15:00:41.610748207Z
,robo,0,2026-02-27T15:05:42.271238917Z
,robo,0,2026-02-27T15:10:43.539318067Z
,robo,2,2026-02-27T15:15:44.090354862Z
,robo,1,2026-02-27T15:20:44.726321594Z
,robo,0,2026-02-27T15:25:45.280883263Z
,robo,1,2026-02-27T15:30:45.931829684Z
,robo,0,2026-02-27T15:35:46.575192364Z
,robo,2,2026-02-27T15:40:47.131827473Z
,robo,3,2026-02-27T15:45:47.769053215Z
,robo,1,2026-02-27T15:50:48.415835706Z
,robo,1,2026-02-27T15:55:49.066466805Z
,robo,0,2026-02-27T16:00:49.628762575Z
,robo,0,2026-02-27T16:05:50.271731246Z
,robo,0,2026-02-27T16:10:50.818538013Z
,robo,0,2026-02-27T16:15:51.488703121Z
,robo,0,2026-02-27T16:20:52.125391196Z
,robo,0,2026-02-27T16:25:52.660099481Z
,robo,0,2026-02-27T16:30:53.321390622Z
,robo,0,2026-02-27T16:35:53.862459648Z
,robo,0,2026-02-27T16:40:54.514735709Z
,robo,0,2026-02-27T16:45:55.066482152Z
,robo,0,2026-02-27T16:50:55.718643884Z
,robo,0,2026-02-27T16:55:56.3671763Z
,robo,0,2026-02-27T17:00:57.019919241Z
,robo,0,2026-02-27T17:05:57.559498086Z
,robo,0,2026-02-27T17:10:58.219389434Z
,robo,0,2026-02-27T17:15:58.760270749Z
,robo,0,2026-02-27T17:20:59.409364401Z
,robo,0,2026-02-27T17:25:59.96933898Z
,robo,0,2026-02-27T17:31:00.546444385Z
,robo,0,2026-02-27T17:36:01.059879079Z
,robo,0,2026-02-27T17:41:02.120286881Z
,robo,0,2026-02-27T17:46:02.759527236Z
,robo,0,2026-02-27T17:51:03.320511472Z
,robo,0,2026-02-27T17:56:03.957057098Z
,robo,1,2026-02-27T18:01:04.506635066Z
,robo,0,2026-02-27T18:06:05.160032181Z
,robo,0,2026-02-27T18:11:05.702352962Z
,robo,0,2026-02-27T18:16:06.380734358Z
,robo,0,2026-02-27T18:21:06.914720933Z
,robo,0,2026-02-27T18:26:07.556199213Z
,robo,0,2026-02-27T18:31:08.105008671Z
,robo,0,2026-02-27T18:36:08.783268581Z
,robo,0,2026-02-27T18:41:09.299523563Z
,robo,0,2026-02-27T18:46:09.945094911Z
,robo,0,2026-02-27T18:51:10.613901716Z
,robo,0,2026-02-27T18:56:11.163684394Z
,robo,0,2026-02-27T19:01:11.68646798Z
,robo,0,2026-02-27T19:06:12.247426809Z
,robo,0,2026-02-27T19:11:12.890806792Z
,robo,0,2026-02-27T19:16:13.539538679Z
,robo,0,2026-02-27T19:21:14.085652339Z
,robo,0,2026-02-27T19:26:14.65898666Z
,robo,0,2026-02-27T19:31:15.189546392Z
,robo,0,2026-02-27T19:36:15.632431403Z
,robo,0,2026-02-27T19:41:16.177661664Z
,robo,0,2026-02-27T19:46:16.825213623Z
,robo,0,2026-02-27T19:51:17.373703Z
,robo,0,2026-02-27T19:56:17.926441251Z
,robo,0,2026-02-27T20:01:18.502468391Z
,robo,0,2026-02-27T20:06:19.020022279Z
,robo,0,2026-02-27T20:11:19.987305067Z
,robo,0,2026-02-27T20:16:20.754140772Z
,robo,0,2026-02-27T20:21:21.269235758Z
,robo,0,2026-02-27T20:26:21.82713082Z
,robo,0,2026-02-27T20:31:22.482064631Z
,robo,0,2026-02-27T20:36:23.032137513Z
,robo,0,2026-02-27T20:41:23.785247519Z
,robo,0,2026-02-27T20:46:24.315387809Z
,robo,0,2026-02-27T20:51:24.885625962Z
,robo,0,2026-02-27T20:56:25.512359159Z
,robo,0,2026-02-27T21:01:26.100259765Z
,robo,0,2026-02-27T21:06:26.727471054Z
,robo,0,2026-02-27T21:11:27.268305084Z
,robo,0,2026-02-27T21:16:27.939134949Z
,robo,0,2026-02-27T21:21:28.575383696Z
,robo,0,2026-02-27T21:26:29.20192475Z
,robo,0,2026-02-27T21:31:29.876428126Z
,robo,0,2026-02-27T21:36:30.441818584Z
,robo,0,2026-02-27T21:41:31.061230064Z
,robo,0,2026-02-27T21:46:31.723218961Z
,robo,0,2026-02-27T21:51:32.362704522Z
,robo,0,2026-02-27T21:56:32.923223806Z
,robo,0,2026-02-27T22:01:33.465882527Z
,robo,0,2026-02-27T22:06:34.097594757Z
,robo,0,2026-02-27T22:11:34.751655296Z
,robo,0,2026-02-27T22:16:35.300703683Z
,robo,0,2026-02-27T22:21:35.95031445Z
,robo,0,2026-02-27T22:26:36.599721543Z
,robo,0,2026-02-27T22:31:37.249049987Z
,robo,0,2026-02-27T22:36:37.914989459Z
,robo,0,2026-02-27T22:41:39.163745949Z
,robo,0,2026-02-27T22:46:39.816655188Z
,robo,0,2026-02-27T22:51:40.478644078Z
,robo,0,2026-02-27T22:56:41.128993809Z
,robo,0,2026-02-27T23:01:41.775759166Z
,robo,0,2026-02-27T23:06:42.420642715Z
,robo,0,2026-02-27T23:11:42.974225437Z
,robo,0,2026-02-27T23:16:43.620674002Z
,robo,0,2026-02-27T23:21:44.280058771Z
,robo,0,2026-02-27T23:32:15.975066048Z
,robo,0,2026-02-27T23:37:16.631325041Z
,robo,0,2026-02-27T23:42:17.270820871Z
,robo,0,2026-02-27T23:47:17.93798498Z
,robo,0,2026-02-27T23:52:18.573271127Z
,robo,0,2026-02-27T23:57:19.240241865Z
,robo,0,2026-02-28T00:02:19.880726213Z
,robo,0,2026-02-28T00:07:20.563058151Z
,robo,0,2026-02-28T00:12:21.08000359Z
,robo,0,2026-02-28T00:17:21.719376155Z
,robo,0,2026-02-28T00:22:22.406392839Z
,robo,0,2026-02-28T00:27:23.040091324Z
,robo,0,2026-02-28T00:32:23.599460365Z
,robo,0,2026-02-28T00:37:24.240039075Z
,robo,0,2026-02-28T00:42:24.870577972Z
,robo,0,2026-02-28T00:47:25.521221341Z
,robo,0,2026-02-28T00:52:26.184812706Z
,robo,0,2026-02-28T00:57:26.824380709Z
,robo,0,2026-02-28T01:02:27.378266089Z
,robo,0,2026-02-28T01:07:28.018421756Z
,robo,0,2026-02-28T01:12:29.18138885Z
,robo,0,2026-02-28T01:17:29.827204068Z
,robo,0,2026-02-28T01:22:30.487954092Z
,robo,0,2026-02-28T01:27:31.027985295Z
,robo,0,2026-02-28T01:32:31.678293699Z
,robo,0,2026-02-28T01:37:32.226735861Z
,robo,0,2026-02-28T01:42:32.869634905Z
,robo,0,2026-02-28T01:47:33.516119861Z
,robo,0,2026-02-28T01:52:34.188979373Z
,robo,0,2026-02-28T01:57:34.837862583Z
,robo,0,2026-02-28T02:02:35.370612167Z
,robo,0,2026-02-28T02:07:35.920117007Z
,robo,0,2026-02-28T02:12:36.574204745Z
,robo,0,2026-02-28T02:17:37.119596966Z
,robo,0,2026-02-28T02:22:37.759598512Z
,robo,0,2026-02-28T02:27:38.421488018Z
,robo,0,2026-02-28T02:32:39.471459128Z
,robo,0,2026-02-28T02:37:40.131346702Z
,robo,0,2026-02-28T02:42:40.608598271Z
,robo,0,2026-02-28T02:47:41.330750978Z
,robo,0,2026-02-28T02:52:41.875378832Z
,robo,0,2026-02-28T02:57:42.524378824Z
,robo,0,2026-02-28T03:02:43.078363573Z
,robo,0,2026-02-28T03:07:43.719460704Z
,robo,0,2026-02-28T03:12:44.380007165Z
,robo,0,2026-02-28T03:17:44.921290425Z
,robo,0,2026-02-28T03:22:45.573801018Z
,robo,0,2026-02-28T03:27:46.133425778Z
,robo,0,2026-02-28T03:32:46.780826289Z
,robo,0,2026-02-28T03:37:47.426082791Z
,robo,0,2026-02-28T03:42:48.474399851Z
,robo,0,2026-02-28T03:47:49.140944462Z
,robo,0,2026-02-28T03:52:49.709623291Z
,robo,0,2026-02-28T03:57:50.434566512Z
,robo,0,2026-02-28T04:02:51.074189393Z
,robo,0,2026-02-28T04:07:51.642936276Z
,robo,0,2026-02-28T04:12:52.280425137Z
,robo,0,2026-02-28T04:17:52.939667168Z
,robo,0,2026-02-28T04:22:53.474885495Z
,robo,0,2026-02-28T04:27:54.138679972Z
,robo,0,2026-02-28T04:32:54.777828823Z
,robo,0,2026-02-28T04:37:55.31932769Z
,robo,0,2026-02-28T04:42:55.981539899Z
,robo,0,2026-02-28T04:47:56.46868208Z
,robo,0,2026-02-28T04:52:57.167780979Z
,robo,0,2026-02-28T04:57:57.723416669Z
,robo,0,2026-02-28T05:02:58.364769013Z
,robo,0,2026-02-28T05:07:59.042958625Z
,robo,0,2026-02-28T05:12:59.55834581Z
,robo,0,2026-02-28T05:18:00.22052891Z
,robo,0,2026-02-28T05:23:00.859475335Z
,robo,0,2026-02-28T05:28:01.427097277Z
,robo,0,2026-02-28T05:33:02.059180532Z
,robo,0,2026-02-28T05:38:02.624563057Z
,robo,0,2026-02-28T05:43:03.260611325Z
,robo,0,2026-02-28T05:48:03.819155687Z
,robo,0,2026-02-28T05:53:04.466377303Z
,robo,0,2026-02-28T05:58:05.119654371Z
,robo,0,2026-02-28T06:03:05.761803224Z
,robo,0,2026-02-28T06:08:06.419556725Z
,robo,0,2026-02-28T06:13:07.5754731Z
,robo,0,2026-02-28T06:18:08.126947616Z
,robo,0,2026-02-28T06:23:08.87895376Z
,robo,0,2026-02-28T06:28:09.421121505Z
,robo,0,2026-02-28T06:33:10.065637597Z
,robo,0,2026-02-28T06:38:10.616721008Z
,robo,0,2026-02-28T06:43:11.279077708Z
,robo,0,2026-02-28T06:48:11.821542577Z
,robo,0,2026-02-28T06:53:12.459983268Z
,robo,0,2026-02-28T06:58:13.123073548Z
,robo,0,2026-02-28T07:03:13.656255794Z
,robo,0,2026-02-28T07:08:14.313438813Z
,robo,0,2026-02-28T07:13:14.965893786Z
,robo,0,2026-02-28T07:18:15.541178343Z
,robo,0,2026-02-28T07:23:16.159893669Z
,robo,0,2026-02-28T07:28:16.838900871Z
,robo,0,2026-02-28T07:33:17.364630504Z
,robo,0,2026-02-28T07:38:18.04049783Z
,robo,0,2026-02-28T07:43:18.567553858Z
,robo,0,2026-02-28T07:48:19.199078194Z
,robo,0,2026-02-28T07:53:19.758546295Z
,robo,0,2026-02-28T07:58:20.404369589Z
,robo,0,2026-02-28T08:03:20.959930967Z
,robo,0,2026-02-28T08:08:21.601700104Z
,robo,0,2026-02-28T08:13:22.078490821Z
,robo,0,2026-02-28T08:18:22.816662398Z
,robo,0,2026-02-28T08:23:23.457009274Z
,robo,0,2026-02-28T08:28:24.017763393Z
,robo,0,2026-02-28T08:33:24.659098197Z
,robo,0,2026-02-28T08:38:25.189273425Z
,robo,0,2026-02-28T08:43:26.375372428Z
,robo,0,2026-02-28T08:48:26.937832083Z
,robo,0,2026-02-28T08:53:27.583005418Z
,robo,0,2026-02-28T08:58:28.096877792Z
,robo,0,2026-02-28T09:03:28.776353095Z
,robo,0,2026-02-28T09:08:29.415501664Z
,robo,0,2026-02-28T09:13:29.948956702Z
,robo,0,2026-02-28T09:18:30.5901457Z
,robo,0,2026-02-28T09:23:31.081375987Z
,robo,0,2026-02-28T09:28:31.789176605Z
,robo,0,2026-02-28T09:33:32.46477682Z
,robo,0,2026-02-28T09:38:32.990997716Z
,robo,0,2026-02-28T09:43:33.536086638Z
,robo,0,2026-02-28T09:48:34.223242215Z
,robo,0,2026-02-28T09:53:34.73659141Z
,robo,0,2026-02-28T09:58:35.416300895Z
,robo,1,2026-02-28T10:03:35.936963553Z
,robo,0,2026-02-28T10:08:36.498688084Z
,robo,0,2026-02-28T10:13:37.137673002Z
,robo,0,2026-02-28T10:18:37.69650777Z
,robo,0,2026-02-28T10:23:38.238403799Z
,robo,0,2026-02-28T10:28:38.883134607Z
,robo,0,2026-02-28T10:33:39.53970009Z
,robo,0,2026-02-28T10:38:40.096257896Z
,robo,0,2026-02-28T10:43:40.618221841Z
,robo,0,2026-02-28T10:48:41.29735318Z
,robo,0,2026-02-28T10:53:41.828807305Z
,robo,0,2026-02-28T10:58:42.470289905Z
,robo,0,2026-02-28T11:03:43.128777473Z
,robo,0,2026-02-28T11:08:43.671297528Z
,robo,0,2026-02-28T11:13:44.829658718Z
,robo,0,2026-02-28T11:18:45.381297892Z
,robo,0,2026-02-28T11:23:46.136544474Z
,robo,0,2026-02-28T11:28:46.619148887Z
,robo,0,2026-02-28T11:33:47.336995061Z
,robo,0,2026-02-28T11:38:47.886521282Z
,robo,0,2026-02-28T11:43:48.636466653Z
,robo,0,2026-02-28T11:48:49.18046658Z
,robo,0,2026-02-28T11:53:49.737845136Z
,robo,0,2026-02-28T11:58:50.38712493Z
,robo,0,2026-02-28T12:03:50.948897445Z
,robo,0,2026-02-28T12:08:51.485703515Z
,robo,0,2026-02-28T12:13:52.057557853Z
,robo,0,2026-02-28T12:18:52.664496036Z
,robo,0,2026-02-28T12:23:53.215386638Z
,robo,0,2026-02-28T12:28:53.861916521Z
,robo,0,2026-02-28T12:33:54.419921842Z
,robo,0,2026-02-28T12:38:54.965095115Z
,robo,0,2026-02-28T12:43:55.619333323Z
,robo,0,2026-02-28T12:48:56.171247695Z
,robo,0,2026-02-28T12:53:56.818372188Z
,robo,0,2026-02-28T12:58:57.365791687Z
,robo,0,2026-02-28T13:03:58.006279927Z
,robo,0,2026-02-28T13:08:58.467377235Z
,robo,0,2026-02-28T13:13:59.102696885Z
,robo,0,2026-02-28T13:18:59.656698641Z
,robo,0,2026-02-28T13:24:00.308918868Z
,robo,0,2026-02-28T13:29:00.868655287Z
,robo,0,2026-02-28T13:34:01.401985141Z
,robo,0,2026-02-28T13:39:02.081822693Z
,robo,0,2026-02-28T13:44:03.131299992Z
,robo,1,2026-02-28T13:49:03.761201526Z
,robo,1,2026-02-28T13:54:04.312263692Z
,robo,0,2026-02-28T13:59:04.855283606Z
,robo,0,2026-02-28T14:04:05.506767594Z
,robo,0,2026-02-28T14:09:06.154894565Z
,robo,0,2026-02-28T14:14:06.81322945Z
,robo,0,2026-02-28T14:19:07.460635762Z
,robo,0,2026-02-28T14:24:07.905378612Z
,robo,0,2026-02-28T14:29:08.558785442Z
,robo,0,2026-02-28T14:34:09.105977965Z
,robo,8,2026-02-28T14:39:09.639459762Z
,robo,0,2026-02-28T14:44:10.299104776Z
,robo,0,2026-02-28T14:49:10.852309958Z
,robo,0,2026-02-28T14:54:11.501783785Z
,robo,0,2026-02-28T14:59:12.050332098Z
,robo,0,2026-02-28T15:04:12.700427257Z
,robo,0,2026-02-28T15:09:13.34828945Z
,robo,0,2026-02-28T15:14:13.895851785Z
,robo,0,2026-02-28T15:19:14.441758865Z
,robo,0,2026-02-28T15:24:14.98832534Z
,robo,0,2026-02-28T15:29:15.741778689Z
,robo,0,2026-02-28T15:34:16.29262655Z
,robo,0,2026-02-28T15:39:16.939773899Z
,robo,0,2026-02-28T15:44:17.488561022Z
,robo,0,2026-02-28T15:49:18.139651127Z
,robo,0,2026-02-28T15:54:18.67158601Z
,robo,0,2026-02-28T15:59:19.326626234Z
,robo,0,2026-02-28T16:04:19.886687512Z
,robo,0,2026-02-28T16:09:20.428691366Z
,robo,0,2026-02-28T16:14:21.701061446Z
,robo,0,2026-02-28T16:19:22.246129748Z
,robo,0,2026-02-28T16:24:22.985084806Z
,robo,0,2026-02-28T16:29:23.537483889Z
,robo,0,2026-02-28T16:34:24.280062599Z
,robo,0,2026-02-28T16:39:24.737474281Z
,robo,0,2026-02-28T16:44:25.391003742Z
,robo,0,2026-02-28T16:49:26.03664578Z
,robo,0,2026-02-28T16:54:26.685883516Z
,robo,0,2026-02-28T16:59:27.360886106Z
,robo,0,2026-02-28T17:04:27.886959837Z
,robo,0,2026-02-28T17:09:29.359234554Z
,robo,0,2026-02-28T17:14:29.79868327Z
,robo,0,2026-02-28T17:19:30.448435698Z
,robo,0,2026-02-28T17:24:30.995878889Z
,robo,0,2026-02-28T17:29:31.778189843Z
,robo,0,2026-02-28T17:34:32.29624596Z
,robo,0,2026-02-28T17:39:32.846860391Z
,robo,0,2026-02-28T17:44:33.497256033Z
,robo,0,2026-02-28T17:49:34.187423537Z
,robo,0,2026-02-28T17:54:34.79844484Z
,robo,0,2026-02-28T17:59:35.44875145Z
,robo,0,2026-02-28T18:04:36.095202274Z
,robo,0,2026-02-28T18:09:36.655374189Z
,robo,0,2026-02-28T18:14:37.28797747Z
,robo,0,2026-02-28T18:19:37.842481358Z
,robo,0,2026-02-28T18:24:38.49161841Z
,robo,0,2026-02-28T18:29:39.135277824Z
,robo,0,2026-02-28T18:34:39.882877586Z
,robo,0,2026-02-28T18:39:40.538861618Z
,robo,0,2026-02-28T18:44:41.707972656Z
,robo,0,2026-02-28T18:49:42.362854595Z
,robo,0,2026-02-28T18:54:42.995372612Z
,robo,0,2026-02-28T18:59:43.649215708Z
,robo,0,2026-02-28T19:04:44.302572343Z
,robo,0,2026-02-28T19:09:44.947876496Z
,robo,0,2026-02-28T19:14:45.492755001Z
,robo,0,2026-02-28T19:19:46.164716185Z
,robo,0,2026-02-28T19:24:46.799832957Z
,robo,0,2026-02-28T19:29:47.44917548Z
,robo,0,2026-02-28T19:34:48.106807325Z
,robo,0,2026-02-28T19:39:48.757957193Z
,robo,0,2026-02-28T19:44:49.198307142Z
,robo,0,2026-02-28T19:49:49.8509563Z
,robo,0,2026-02-28T19:54:50.496509306Z
,robo,0,2026-02-28T19:59:51.151179474Z
,robo,0,2026-02-28T20:04:51.49882518Z
,robo,0,2026-02-28T20:09:52.246245063Z
,robo,0,2026-02-28T20:14:52.897353261Z
,robo,0,2026-02-28T20:19:53.549494654Z
,robo,0,2026-02-28T20:24:53.988168837Z
,robo,0,2026-02-28T20:29:54.536621993Z
,robo,0,2026-02-28T20:34:55.194586866Z
,robo,0,2026-02-28T20:39:55.839315532Z
,robo,0,2026-02-28T20:44:56.386073192Z
,robo,0,2026-02-28T20:49:56.927460858Z
,robo,0,2026-02-28T20:54:57.575887688Z
,robo,0,2026-02-28T20:59:58.226652911Z
,robo,0,2026-02-28T21:04:58.884218112Z
,robo,0,2026-02-28T21:09:59.427449072Z
,robo,0,2026-02-28T21:15:00.587434265Z
,robo,0,2026-02-28T21:20:01.041323738Z
,robo,0,2026-02-28T21:25:01.701706846Z
,robo,0,2026-02-28T21:30:02.331403398Z
,robo,0,2026-02-28T21:35:02.774065626Z
,robo,0,2026-02-28T21:40:03.422607068Z
,robo,0,2026-02-28T21:45:03.971795982Z
,robo,0,2026-02-28T21:50:04.64015037Z
,robo,0,2026-02-28T21:55:05.179717743Z
,robo,0,2026-02-28T22:00:05.835920602Z
,robo,0,2026-02-28T22:05:06.37607666Z
,robo,0,2026-02-28T22:10:06.912776565Z
,robo,0,2026-02-28T22:15:07.565706338Z
,robo,0,2026-02-28T22:20:08.223215018Z
,robo,0,2026-02-28T22:25:08.769232938Z
,robo,0,2026-02-28T22:30:09.428863129Z
,robo,0,2026-02-28T22:35:09.976427266Z
,robo,0,2026-02-28T22:40:10.613990527Z
,robo,0,2026-02-28T22:45:11.264659152Z
,robo,0,2026-02-28T22:50:11.817084965Z
,robo,0,2026-02-28T22:55:12.352296411Z
,robo,0,2026-02-28T23:00:12.903414015Z
,robo,0,2026-02-28T23:05:13.562967712Z
,robo,0,2026-02-28T23:10:14.09760538Z
,robo,0,2026-02-28T23:15:14.751204518Z
,robo,0,2026-02-28T23:20:15.295404434Z
,robo,0,2026-02-28T23:25:15.9453499Z
,robo,0,2026-02-28T23:30:16.497609104Z
,robo,0,2026-02-28T23:35:17.039265141Z
,robo,0,2026-02-28T23:40:17.594055091Z
,robo,0,2026-02-28T23:45:18.757294648Z
,robo,0,2026-02-28T23:50:19.404448458Z
,robo,0,2026-02-28T23:55:19.950043888Z
,robo,0,2026-03-01T00:00:20.616926665Z
,robo,0,2026-03-01T00:05:21.148117268Z
,robo,0,2026-03-01T00:10:21.817883322Z
,robo,0,2026-03-01T00:15:22.353556907Z
,robo,0,2026-03-01T00:20:22.998403283Z
,robo,0,2026-03-01T00:25:23.550975828Z
,robo,0,2026-03-01T00:30:24.091310803Z
,robo,0,2026-03-01T00:35:24.642276569Z
,robo,0,2026-03-01T00:40:25.299220172Z
,robo,0,2026-03-01T00:45:25.851366902Z
,robo,0,2026-03-01T00:50:26.399903036Z
,robo,0,2026-03-01T00:55:27.039238975Z
,robo,0,2026-03-01T01:00:27.599263761Z
,robo,0,2026-03-01T01:05:28.240053597Z
,robo,0,2026-03-01T01:10:28.787573447Z
,robo,0,2026-03-01T01:15:29.439932408Z
,robo,0,2026-03-01T01:20:29.975225166Z
,robo,0,2026-03-01T01:25:30.535801541Z
,robo,0,2026-03-01T01:30:31.197135373Z
,robo,0,2026-03-01T01:35:31.627071694Z
,robo,0,2026-03-01T01:40:32.269888916Z
,robo,0,2026-03-01T01:45:32.829379148Z
,robo,0,2026-03-01T01:50:33.58666642Z
,robo,0,2026-03-01T01:55:34.030444364Z
,robo,0,2026-03-01T02:00:34.67513705Z
,robo,0,2026-03-01T02:05:35.114627213Z
,robo,0,2026-03-01T02:10:36.087048004Z
,robo,0,2026-03-01T02:15:37.237363205Z
,robo,0,2026-03-01T02:20:37.781568563Z
,robo,0,2026-03-01T02:25:38.344725411Z
,robo,0,2026-03-01T02:30:38.996138286Z
,robo,0,2026-03-01T02:35:39.435435284Z
,robo,0,2026-03-01T02:40:40.078734374Z
,robo,0,2026-03-01T02:45:40.627376836Z
,robo,0,2026-03-01T02:50:41.276994739Z
,robo,0,2026-03-01T02:55:41.826429212Z
,robo,0,2026-03-01T03:00:42.379305809Z
,robo,0,2026-03-01T03:05:43.030027487Z
,robo,0,2026-03-01T03:10:43.666275473Z
,robo,0,2026-03-01T03:15:44.123963554Z
,robo,0,2026-03-01T03:20:44.656971499Z
,robo,0,2026-03-01T03:25:45.346198351Z
,robo,0,2026-03-01T03:30:45.770706147Z
,robo,0,2026-03-01T03:35:46.206969991Z
,robo,0,2026-03-01T03:40:46.975797003Z
,robo,0,2026-03-01T03:45:47.516352482Z
,robo,0,2026-03-01T03:50:48.157183592Z
,robo,0,2026-03-01T03:55:48.714635974Z
,robo,0,2026-03-01T04:00:49.368934097Z
,robo,0,2026-03-01T04:05:49.896548439Z
,robo,0,2026-03-01T04:10:50.550085668Z
,robo,0,2026-03-01T04:15:51.197293684Z
,robo,0,2026-03-01T04:20:51.754871993Z
,robo,0,2026-03-01T04:25:52.296449662Z
,robo,0,2026-03-01T04:30:52.835867593Z
,robo,0,2026-03-01T04:35:53.395705834Z
,robo,0,2026-03-01T04:40:54.045907351Z
,robo,0,2026-03-01T04:45:55.195977738Z
,robo,0,2026-03-01T04:50:55.76126797Z
,robo,0,2026-03-01T04:55:56.292767699Z
,robo,0,2026-03-01T05:00:56.850349558Z
,robo,0,2026-03-01T05:05:57.49578932Z
,robo,0,2026-03-01T05:10:58.037645963Z
,robo,0,2026-03-01T05:15:58.690064679Z
,robo,0,2026-03-01T05:20:59.335873077Z
,robo,0,2026-03-01T05:25:59.787002558Z
,robo,0,2026-03-01T05:31:00.333664613Z
,robo,0,2026-03-01T05:36:00.987079227Z
,robo,0,2026-03-01T05:41:01.536276239Z
,robo,0,2026-03-01T05:46:02.190136503Z
,robo,0,2026-03-01T05:51:02.82733818Z
,robo,0,2026-03-01T05:56:03.286121003Z
,robo,0,2026-03-01T06:01:03.922958518Z
,robo,0,2026-03-01T06:06:04.470351987Z
,robo,0,2026-03-01T06:11:05.021819902Z
,robo,0,2026-03-01T06:16:05.573167111Z
,robo,0,2026-03-01T06:21:06.221136376Z
,robo,0,2026-03-01T06:26:06.7662751Z
,robo,0,2026-03-01T06:31:07.305261537Z
,robo,0,2026-03-01T06:36:07.872449063Z
,robo,0,2026-03-01T06:41:08.408436546Z
,robo,0,2026-03-01T06:46:09.056860802Z
,robo,0,2026-03-01T06:51:09.600422298Z
,robo,0,2026-03-01T06:56:10.165147513Z
,robo,0,2026-03-01T07:01:10.723544035Z
,robo,0,2026-03-01T07:06:11.25520844Z
,robo,0,2026-03-01T07:11:11.915063153Z
,robo,0,2026-03-01T07:16:12.950844701Z
,robo,0,2026-03-01T07:21:13.502594715Z
,robo,0,2026-03-01T07:26:14.06727026Z
,robo,0,2026-03-01T07:31:14.600944775Z
,robo,0,2026-03-01T07:36:15.158955958Z
,robo,0,2026-03-01T07:41:15.691362505Z
,robo,0,2026-03-01T07:46:16.242004102Z
,robo,2,2026-03-01T07:51:16.794613528Z
,robo,2,2026-03-01T07:56:17.353879247Z
,robo,0,2026-03-01T08:01:17.887517104Z
,robo,0,2026-03-01T08:06:18.537722742Z
,robo,0,2026-03-01T08:11:19.007979225Z
,robo,0,2026-03-01T08:16:19.525831208Z
,robo,0,2026-03-01T08:21:20.079545558Z
,robo,0,2026-03-01T08:26:20.620733883Z
,robo,0,2026-03-01T08:31:21.191559818Z
,robo,0,2026-03-01T08:36:21.854192172Z
,robo,0,2026-03-01T08:41:22.268006261Z
,robo,0,2026-03-01T08:46:22.821893319Z
,robo,0,2026-03-01T08:51:23.370709145Z
,robo,0,2026-03-01T08:56:23.916836302Z
,robo,0,2026-03-01T09:01:24.460158887Z
,robo,0,2026-03-01T09:06:25.013139546Z
,robo,0,2026-03-01T09:11:25.665098324Z
,robo,0,2026-03-01T09:16:26.224087332Z
,robo,0,2026-03-01T09:21:26.749188821Z
,robo,0,2026-03-01T09:26:27.290634184Z
,robo,0,2026-03-01T09:31:27.963400428Z
,robo,0,2026-03-01T09:36:28.395065476Z
,robo,0,2026-03-01T09:41:28.935183113Z
,robo,0,2026-03-01T09:46:30.007086963Z
,robo,0,2026-03-01T09:51:30.565076458Z
,robo,0,2026-03-01T09:56:31.087206049Z
,robo,0,2026-03-01T10:01:31.75663456Z
,robo,0,2026-03-01T10:06:32.190354245Z
,robo,0,2026-03-01T10:11:32.733810409Z
,robo,0,2026-03-01T10:16:33.386981625Z
,robo,0,2026-03-01T10:21:34.039268077Z
,robo,0,2026-03-01T10:26:34.488001504Z
,robo,0,2026-03-01T10:31:35.137035202Z
,robo,0,2026-03-01T10:36:35.5708841Z
,robo,0,2026-03-01T10:41:36.134073557Z
,robo,0,2026-03-01T10:46:36.667327559Z
,robo,0,2026-03-01T10:51:37.109487228Z
,robo,0,2026-03-01T10:56:37.783905694Z
,robo,0,2026-03-01T11:01:38.323650014Z
,robo,0,2026-03-01T11:06:38.871763565Z
,robo,0,2026-03-01T11:11:39.31740316Z
,robo,0,2026-03-01T11:16:39.849381986Z
,robo,0,2026-03-01T11:21:40.407738759Z
,robo,0,2026-03-01T11:26:40.947755977Z
,robo,0,2026-03-01T11:31:41.497834882Z
,robo,0,2026-03-01T11:36:42.060511277Z
,robo,0,2026-03-01T11:41:42.601342211Z
,robo,0,2026-03-01T11:46:43.134067685Z
,robo,0,2026-03-01T11:51:43.68135048Z
,robo,0,2026-03-01T11:56:44.343911548Z
,robo,0,2026-03-01T12:01:44.886715367Z
,robo,1,2026-03-01T12:06:45.334061502Z
,robo,0,2026-03-01T12:11:45.988458861Z
,robo,0,2026-03-01T12:16:47.148970377Z
,robo,0,2026-03-01T12:21:47.698657087Z
,robo,0,2026-03-01T12:26:48.346693134Z
,robo,0,2026-03-01T12:31:48.788671557Z
,robo,0,2026-03-01T12:36:49.328809445Z
,robo,0,2026-03-01T12:41:49.893629195Z
,robo,0,2026-03-01T12:46:50.536819939Z
,robo,0,2026-03-01T12:51:51.091459616Z
,robo,0,2026-03-01T12:56:51.73834485Z
,robo,0,2026-03-01T13:01:52.286546064Z
,robo,0,2026-03-01T13:06:52.827342832Z
,robo,0,2026-03-01T13:11:53.516971742Z
,robo,0,2026-03-01T13:16:54.027142569Z
,robo,0,2026-03-01T13:21:54.683738269Z
,robo,0,2026-03-01T13:26:55.226792594Z
,robo,0,2026-03-01T13:31:55.790328052Z
,robo,0,2026-03-01T13:36:56.347236727Z
,robo,0,2026-03-01T13:41:56.970852132Z
,robo,0,2026-03-01T13:46:57.547411133Z
,robo,0,2026-03-01T13:51:58.075284289Z
,robo,0,2026-03-01T13:56:58.616362018Z
,robo,0,2026-03-01T14:01:59.17528675Z
,robo,0,2026-03-01T14:06:59.714724899Z
,robo,0,2026-03-01T14:12:00.248434972Z
,robo,0,2026-03-01T14:17:00.635626066Z
,robo,0,2026-03-01T14:22:01.351260397Z
,robo,0,2026-03-01T14:27:01.914107326Z
,robo,0,2026-03-01T14:32:02.347673533Z
,robo,0,2026-03-01T14:37:02.997841841Z
,robo,0,2026-03-01T14:42:03.539212042Z
,robo,0,2026-03-01T14:47:04.62165009Z
,robo,0,2026-03-01T14:52:05.146460594Z
,robo,0,2026-03-01T14:57:05.699165746Z
,robo,0,2026-03-01T15:02:06.356220092Z
,robo,0,2026-03-01T15:07:06.898536505Z
,robo,0,2026-03-01T15:12:07.447164092Z
,robo,0,2026-03-01T15:17:07.987060914Z
,robo,0,2026-03-01T15:22:08.645709346Z
,robo,0,2026-03-01T15:27:09.086662912Z
,robo,0,2026-03-01T15:32:09.742802611Z
,robo,0,2026-03-01T15:37:10.217264082Z
,robo,0,2026-03-01T15:42:10.738711394Z
,robo,0,2026-03-01T15:47:11.178098773Z
,robo,0,2026-03-01T15:52:11.817153024Z
,robo,0,2026-03-01T15:57:12.3752594Z
,robo,0,2026-03-01T16:02:12.821681933Z
,robo,0,2026-03-01T16:07:13.487402281Z
,robo,0,2026-03-01T16:12:14.137877013Z
,robo,0,2026-03-01T16:17:14.578299152Z
,robo,0,2026-03-01T16:22:15.136913003Z
,robo,0,2026-03-01T16:27:15.656184908Z
,robo,0,2026-03-01T16:32:16.304036324Z
,robo,0,2026-03-01T16:37:16.774412679Z
,robo,0,2026-03-01T16:42:17.311006539Z
,robo,0,2026-03-01T16:47:17.86011888Z
,robo,0,2026-03-01T16:52:18.391554733Z
,robo,0,2026-03-01T16:57:18.936750403Z
,robo,0,2026-03-01T17:02:19.583388147Z
,robo,0,2026-03-01T17:07:20.150783791Z
,robo,0,2026-03-01T17:12:20.702129535Z
,robo,0,2026-03-01T17:17:21.86715559Z
,robo,0,2026-03-01T17:22:22.401159047Z
,robo,0,2026-03-01T17:27:23.046830584Z
,robo,0,2026-03-01T17:32:23.587490225Z
,robo,0,2026-03-01T17:37:24.250672695Z
,robo,0,2026-03-01T17:42:24.805065717Z
,robo,0,2026-03-01T17:47:25.343382971Z
,robo,0,2026-03-01T17:52:25.98809215Z
,robo,0,2026-03-01T17:57:26.63730955Z
,robo,0,2026-03-01T18:02:27.185496326Z
,robo,0,2026-03-01T18:07:27.742687695Z
,robo,0,2026-03-01T18:12:28.287611917Z
,robo,0,2026-03-01T18:17:28.851068482Z
,robo,0,2026-03-01T18:22:29.486540416Z
,robo,0,2026-03-01T18:27:30.055764738Z
,robo,0,2026-03-01T18:32:30.574580591Z
,robo,0,2026-03-01T18:37:31.111132534Z
,robo,0,2026-03-01T18:42:31.6705908Z
,robo,0,2026-03-01T18:47:32.307712188Z
,robo,0,2026-03-01T18:52:32.858395367Z
,robo,0,2026-03-01T18:57:33.419514843Z
,robo,0,2026-03-01T19:02:34.067006597Z
,robo,0,2026-03-01T19:07:34.619171825Z
,robo,0,2026-03-01T19:12:35.065374194Z
,robo,0,2026-03-01T19:17:35.703621515Z
,robo,0,2026-03-01T19:22:36.266058333Z
,robo,0,2026-03-01T19:27:36.823142494Z
,robo,0,2026-03-01T19:32:37.373408341Z
,robo,0,2026-03-01T19:37:37.912039163Z
,robo,0,2026-03-01T19:42:38.455112358Z
,robo,0,2026-03-01T19:47:39.50493046Z
,robo,0,2026-03-01T19:52:40.173590249Z
,robo,0,2026-03-01T19:57:40.711681815Z
,robo,0,2026-03-01T20:02:41.258386071Z
,robo,0,2026-03-01T20:07:41.79600238Z
,robo,0,2026-03-01T20:12:42.455258613Z
,robo,0,2026-03-01T20:17:43.011406302Z
,robo,0,2026-03-01T20:22:43.575970903Z
,robo,0,2026-03-01T20:27:44.093845136Z
,robo,0,2026-03-01T20:32:44.656826919Z
,robo,0,2026-03-01T20:37:45.210675364Z
,robo,0,2026-03-01T20:42:45.767034438Z
,robo,0,2026-03-01T20:47:46.283417178Z
,robo,0,2026-03-01T20:52:46.845578363Z
,robo,0,2026-03-01T20:57:47.40947175Z
,robo,0,2026-03-01T21:02:48.149220437Z
,robo,0,2026-03-01T21:07:48.576709897Z
,robo,0,2026-03-01T21:12:49.230266379Z
,robo,0,2026-03-01T21:17:49.875950244Z
,robo,0,2026-03-01T21:22:50.331258845Z
,robo,0,2026-03-01T21:27:50.867741878Z
,robo,0,2026-03-01T21:32:51.426158546Z
,robo,0,2026-03-01T21:37:51.967400968Z
,robo,0,2026-03-01T21:42:52.515383667Z
,robo,0,2026-03-01T21:47:53.068646785Z
,robo,0,2026-03-01T21:52:53.602473814Z
,robo,0,2026-03-01T21:57:54.151276615Z
,robo,0,2026-03-01T22:02:54.709412317Z
,robo,0,2026-03-01T22:07:55.255892812Z
,robo,0,2026-03-01T22:12:55.788038059Z
,robo,0,2026-03-01T22:17:57.068008424Z
,robo,0,2026-03-01T22:22:57.509499167Z
,robo,0,2026-03-01T22:27:58.049575537Z
,robo,0,2026-03-01T22:32:58.709294714Z
,robo,0,2026-03-01T22:37:59.252693663Z
,robo,0,2026-03-01T22:42:59.893939035Z
,robo,0,2026-03-01T22:48:00.456177084Z
,robo,0,2026-03-01T22:53:00.994899864Z
,robo,0,2026-03-01T22:58:01.648668124Z
,robo,0,2026-03-01T23:03:02.298108205Z
,robo,0,2026-03-01T23:08:02.850911392Z
,robo,0,2026-03-01T23:13:03.396768067Z
,robo,0,2026-03-01T23:18:03.94826727Z
,robo,0,2026-03-01T23:23:04.587406958Z
,robo,0,2026-03-01T23:28:05.236085004Z
,robo,0,2026-03-01T23:33:05.896069224Z
,robo,0,2026-03-01T23:38:06.338027214Z
,robo,0,2026-03-01T23:43:06.895175029Z
,robo,0,2026-03-01T23:48:07.440387912Z
,robo,0,2026-03-01T23:53:08.285207882Z
,robo,0,2026-03-01T23:58:08.847554392Z
,robo,0,2026-03-02T00:03:09.496236088Z
,robo,0,2026-03-02T00:08:10.037556157Z
,robo,0,2026-03-02T00:13:10.6868038Z
,robo,0,2026-03-02T00:18:11.239163454Z
,robo,0,2026-03-02T00:23:11.876533335Z
,robo,0,2026-03-02T00:28:12.432756833Z
,robo,0,2026-03-02T00:33:13.086146882Z
,robo,0,2026-03-02T00:38:13.734526344Z
,robo,0,2026-03-02T00:43:14.175851023Z
,robo,0,2026-03-02T00:48:15.326754658Z
,robo,0,2026-03-02T00:53:15.988606507Z
,robo,0,2026-03-02T00:58:16.529500865Z
,robo,0,2026-03-02T01:03:17.19080479Z
,robo,0,2026-03-02T01:08:17.839135893Z
,robo,0,2026-03-02T01:13:18.488430462Z
,robo,0,2026-03-02T01:18:19.027188186Z
,robo,0,2026-03-02T01:23:19.58359951Z
,robo,0,2026-03-02T01:28:20.333021739Z
,robo,0,2026-03-02T01:33:20.882839625Z
,robo,0,2026-03-02T01:38:21.527450984Z
,robo,0,2026-03-02T01:43:22.07345773Z
,robo,0,2026-03-02T01:48:22.635951241Z
,robo,0,2026-03-02T01:53:23.277089954Z
,robo,0,2026-03-02T01:58:23.82745467Z
,robo,0,2026-03-02T02:03:24.374163708Z
,robo,0,2026-03-02T02:08:25.016393682Z
,robo,0,2026-03-02T02:13:25.667068007Z
,robo,0,2026-03-02T02:18:26.216212273Z
,robo,0,2026-03-02T02:23:26.873799863Z
,robo,0,2026-03-02T02:28:27.516732099Z
,robo,0,2026-03-02T02:33:27.971206693Z
,robo,0,2026-03-02T02:38:28.606898916Z
,robo,0,2026-03-02T02:43:29.066293871Z
,robo,0,2026-03-02T02:48:29.906625116Z
,robo,0,2026-03-02T02:53:30.360390394Z
,robo,0,2026-03-02T02:58:31.007367193Z
,robo,0,2026-03-02T03:03:31.665128588Z
,robo,0,2026-03-02T03:08:32.211458988Z
,robo,0,2026-03-02T03:13:32.946133736Z
,robo,0,2026-03-02T03:18:34.024858662Z
,robo,0,2026-03-02T03:23:34.572699598Z
,robo,0,2026-03-02T03:28:35.327557281Z
,robo,0,2026-03-02T03:33:35.757128386Z
,robo,0,2026-03-02T03:38:36.405266366Z
,robo,0,2026-03-02T03:43:37.06680724Z
,robo,0,2026-03-02T03:48:37.716790808Z
,robo,0,2026-03-02T03:53:38.258530416Z
,robo,0,2026-03-02T03:58:38.814872143Z
,robo,0,2026-03-02T04:03:39.456952574Z
,robo,0,2026-03-02T04:08:40.006523838Z
,robo,0,2026-03-02T04:13:40.565816678Z
,robo,0,2026-03-02T04:18:41.099292596Z
,robo,0,2026-03-02T04:23:41.746719518Z
,robo,0,2026-03-02T04:28:42.398911052Z
,robo,0,2026-03-02T04:33:42.954599793Z
,robo,0,2026-03-02T04:38:43.598002439Z
,robo,0,2026-03-02T04:43:44.150320636Z
,robo,0,2026-03-02T04:48:44.797496015Z
,robo,0,2026-03-02T04:53:45.347161483Z
,robo,0,2026-03-02T04:58:45.880382523Z
,robo,0,2026-03-02T05:03:46.551041154Z
,robo,0,2026-03-02T05:08:47.201882185Z
,robo,2,2026-03-02T05:13:47.841272088Z
,robo,0,2026-03-02T05:18:48.390266352Z
,robo,0,2026-03-02T05:23:48.93841626Z
,robo,1,2026-03-02T05:28:49.4814698Z
,robo,0,2026-03-02T05:33:50.223697424Z
,robo,0,2026-03-02T05:38:50.789952117Z
,robo,0,2026-03-02T05:43:51.332961114Z
,robo,0,2026-03-02T05:48:52.595938513Z
,robo,0,2026-03-02T05:53:53.03747211Z
,robo,0,2026-03-02T05:58:53.589886986Z
,robo,0,2026-03-02T06:03:54.240701976Z
,robo,0,2026-03-02T06:08:54.775362101Z
,robo,0,2026-03-02T06:13:55.324544557Z
,robo,0,2026-03-02T06:18:55.975647796Z
,robo,0,2026-03-02T06:23:56.527377701Z
,robo,0,2026-03-02T06:28:57.171681076Z
,robo,0,2026-03-02T06:33:57.727538375Z
,robo,0,2026-03-02T06:38:58.376800244Z
,robo,0,2026-03-02T06:43:58.927002962Z
,robo,0,2026-03-02T06:48:59.476897061Z
,robo,0,2026-03-02T06:54:00.116896144Z
,robo,0,2026-03-02T06:59:00.664735539Z
,robo,0,2026-03-02T07:04:01.219263805Z
,robo,1,2026-03-02T07:09:01.777872819Z
,robo,0,2026-03-02T07:14:02.313574414Z
,robo,0,2026-03-02T07:19:02.855276376Z
,robo,0,2026-03-02T07:24:03.399588108Z
,robo,0,2026-03-02T07:29:03.853301694Z
,robo,0,2026-03-02T07:34:04.504774904Z
,robo,0,2026-03-02T07:39:05.050786624Z
,robo,0,2026-03-02T07:44:05.598429461Z
,robo,0,2026-03-02T07:49:06.149872484Z
,robo,0,2026-03-02T07:54:06.787815756Z
,robo,0,2026-03-02T07:59:07.36617858Z
,robo,1,2026-03-02T08:04:07.99843047Z
,robo,0,2026-03-02T08:09:08.535920856Z
,robo,1,2026-03-02T08:14:09.090618352Z
,robo,3,2026-03-02T08:19:10.261275143Z
,robo,0,2026-03-02T08:24:10.796958109Z
,robo,2,2026-03-02T08:29:11.465276896Z
,robo,0,2026-03-02T08:34:12.016039627Z
,robo,0,2026-03-02T08:39:12.63930347Z
,robo,0,2026-03-02T08:44:13.216425018Z
,robo,1,2026-03-02T08:49:13.85767535Z
,robo,0,2026-03-02T08:54:14.392917599Z
,robo,1,2026-03-02T08:59:14.938648309Z
,robo,0,2026-03-02T09:04:15.594755091Z
,robo,0,2026-03-02T09:09:16.231439179Z
,robo,1,2026-03-02T09:14:16.785893247Z
,robo,1,2026-03-02T09:19:17.437067695Z
,robo,5,2026-03-02T09:24:17.985660517Z
,robo,1,2026-03-02T09:29:18.538287796Z
,robo,0,2026-03-02T09:34:19.086591769Z
,robo,0,2026-03-02T09:39:19.627272409Z
,robo,1,2026-03-02T09:44:20.276055952Z
,robo,0,2026-03-02T09:49:20.824553296Z
,robo,2,2026-03-02T09:54:21.376306008Z
,robo,1,2026-03-02T09:59:21.930663018Z
,robo,2,2026-03-02T10:04:22.580309123Z
,robo,1,2026-03-02T10:09:23.127314723Z
,robo,1,2026-03-02T10:14:23.773467115Z
,robo,2,2026-03-02T10:19:24.473143951Z
,robo,3,2026-03-02T10:24:24.870063569Z
,robo,1,2026-03-02T10:29:25.520160724Z
,robo,0,2026-03-02T10:34:26.078459125Z
,robo,0,2026-03-02T10:39:26.728765811Z
,robo,0,2026-03-02T10:44:27.26640576Z
,robo,2,2026-03-02T10:49:28.422958671Z
,robo,0,2026-03-02T10:54:28.982587311Z
,robo,1,2026-03-02T10:59:29.523611146Z
,robo,2,2026-03-02T11:04:30.163338727Z
,robo,2,2026-03-02T11:09:30.540779035Z
,robo,1,2026-03-02T11:14:31.369745323Z
,robo,0,2026-03-02T11:19:31.823270469Z
,robo,0,2026-03-02T11:24:32.474975598Z
,robo,1,2026-03-02T11:29:33.005267303Z
,robo,5,2026-03-02T11:34:33.554435849Z
,robo,2,2026-03-02T11:39:34.214040004Z
,robo,11,2026-03-02T11:44:34.761278815Z
,robo,3,2026-03-02T11:49:35.259328442Z
,robo,19,2026-03-02T11:54:35.953272489Z
,robo,4,2026-03-02T11:59:36.505117023Z
,robo,0,2026-03-02T12:04:37.146998484Z
,robo,1,2026-03-02T12:09:37.692288412Z
,robo,0,2026-03-02T12:14:38.264812348Z
,robo,2,2026-03-02T12:19:38.898304474Z
,robo,3,2026-03-02T12:24:39.482167398Z
,robo,0,2026-03-02T12:29:39.991633989Z
,robo,0,2026-03-02T12:34:40.548674185Z
,robo,0,2026-03-02T12:39:41.18817168Z
,robo,0,2026-03-02T12:44:41.647412816Z
,robo,0,2026-03-02T12:49:42.222385145Z
,robo,0,2026-03-02T12:54:42.962700712Z
,robo,0,2026-03-02T12:59:43.479179398Z
,robo,1,2026-03-02T13:04:44.037727299Z
,robo,0,2026-03-02T13:09:44.578316468Z
,robo,0,2026-03-02T13:14:45.232875288Z
,robo,0,2026-03-02T13:19:46.283848355Z
,robo,6,2026-03-02T13:24:46.945980479Z
,robo,1,2026-03-02T13:29:47.494416276Z
,robo,0,2026-03-02T13:34:48.147872424Z
,robo,0,2026-03-02T13:39:48.790340737Z
,robo,3,2026-03-02T13:44:49.328617742Z
,robo,0,2026-03-02T13:49:49.832340445Z
,robo,1,2026-03-02T13:54:50.529592113Z
,robo,0,2026-03-02T13:59:51.177405442Z
,robo,0,2026-03-02T14:04:51.72686481Z
,robo,1,2026-03-02T14:09:52.278785455Z
,robo,0,2026-03-02T14:14:52.931452088Z
,robo,3,2026-03-02T14:19:53.575949382Z
,robo,0,2026-03-02T14:24:54.132864852Z
,robo,0,2026-03-02T14:29:54.780383403Z
,robo,1,2026-03-02T14:34:55.338032016Z
,robo,1,2026-03-02T14:39:55.972165096Z
,robo,0,2026-03-02T14:44:56.517813925Z
,robo,0,2026-03-02T14:49:57.068655159Z
,robo,2,2026-03-02T14:54:57.723355377Z
,robo,0,2026-03-02T14:59:58.257972035Z
,robo,1,2026-03-02T15:04:58.919575463Z
,robo,0,2026-03-02T15:09:59.467103154Z
,robo,2,2026-03-02T15:15:00.016743741Z
,robo,0,2026-03-02T15:20:00.575178054Z
,robo,2,2026-03-02T15:25:01.105666819Z
,robo,0,2026-03-02T15:30:01.763399627Z
,robo,0,2026-03-02T15:35:02.300016207Z
,robo,0,2026-03-02T15:40:02.849498442Z
,robo,0,2026-03-02T15:45:03.496955651Z
,robo,0,2026-03-02T15:50:04.55803622Z
,robo,0,2026-03-02T15:55:05.110876286Z
,robo,0,2026-03-02T16:00:05.753985556Z
,robo,0,2026-03-02T16:05:06.208079277Z
,robo,1,2026-03-02T16:10:06.849992942Z
,robo,0,2026-03-02T16:15:07.503511398Z
,robo,0,2026-03-02T16:20:08.054675083Z
,robo,0,2026-03-02T16:25:08.59519574Z
,robo,0,2026-03-02T16:30:09.249136719Z
,robo,0,2026-03-02T16:35:09.796193085Z
,robo,0,2026-03-02T16:40:10.446348309Z
,robo,0,2026-03-02T16:45:10.994178986Z
,robo,0,2026-03-02T16:50:11.548343324Z
,robo,0,2026-03-02T16:55:12.195335568Z
,robo,0,2026-03-02T17:00:12.745805303Z
,robo,0,2026-03-02T17:05:13.285508841Z
,robo,0,2026-03-02T17:10:13.838609234Z
,robo,0,2026-03-02T17:15:14.380082689Z
,robo,0,2026-03-02T17:20:15.03923066Z
,robo,0,2026-03-02T17:25:15.582148456Z
,robo,0,2026-03-02T17:30:16.126116689Z
,robo,0,2026-03-02T17:35:16.673844892Z
,robo,0,2026-03-02T17:40:17.330340377Z
,robo,1,2026-03-02T17:45:17.975304244Z
,robo,0,2026-03-02T17:50:18.639924372Z
,robo,0,2026-03-02T17:55:19.173670458Z
,robo,0,2026-03-02T18:00:19.816337599Z
,robo,1,2026-03-02T18:05:20.374150745Z
,robo,0,2026-03-02T18:10:21.027330646Z
,robo,0,2026-03-02T18:15:21.574442442Z
,robo,0,2026-03-02T18:20:22.734122864Z
,robo,2,2026-03-02T18:25:23.275587429Z
,robo,0,2026-03-02T18:30:23.929198927Z
,robo,0,2026-03-02T18:35:24.478425947Z
,robo,0,2026-03-02T18:40:25.127432928Z
,robo,0,2026-03-02T18:45:25.678357515Z
,robo,0,2026-03-02T18:50:26.327479845Z
,robo,0,2026-03-02T18:55:26.981268058Z
,robo,0,2026-03-02T19:00:27.520961577Z
,robo,0,2026-03-02T19:05:28.16777329Z
,robo,0,2026-03-02T19:10:28.728255248Z
,robo,0,2026-03-02T19:15:29.370715895Z
,robo,0,2026-03-02T19:20:29.91743016Z
,robo,0,2026-03-02T19:25:30.467247283Z
,robo,0,2026-03-02T19:30:31.127766318Z
,robo,0,2026-03-02T19:35:31.772892497Z
,robo,0,2026-03-02T19:40:32.523281078Z
,robo,0,2026-03-02T19:45:32.960846266Z
,robo,0,2026-03-02T19:50:33.506783338Z
,robo,0,2026-03-02T19:55:34.260995413Z
,robo,0,2026-03-02T20:00:34.696990863Z
,robo,0,2026-03-02T20:05:35.358494793Z
,robo,0,2026-03-02T20:10:35.907805304Z
,robo,0,2026-03-02T20:15:36.558328476Z
,robo,0,2026-03-02T20:20:37.112187123Z
,robo,0,2026-03-02T20:25:37.758065885Z
,robo,0,2026-03-02T20:30:38.298203844Z
,robo,0,2026-03-02T20:35:38.954633301Z
,robo,0,2026-03-02T20:40:39.497839109Z
,robo,0,2026-03-02T20:45:40.047263149Z
,robo,0,2026-03-02T20:50:41.208668579Z
,robo,0,2026-03-02T20:55:41.75484861Z
,robo,0,2026-03-02T21:00:42.30850779Z
,robo,0,2026-03-02T21:05:42.858260815Z
,robo,0,2026-03-02T21:10:43.506768665Z
,robo,0,2026-03-02T21:15:44.049534525Z
,robo,0,2026-03-02T21:20:44.597769241Z
,robo,0,2026-03-02T21:25:45.247657669Z
,robo,0,2026-03-02T21:30:45.796095968Z
,robo,0,2026-03-02T21:35:46.448049861Z
,robo,0,2026-03-02T21:40:46.990437491Z
,robo,0,2026-03-02T21:45:47.638002805Z
,robo,0,2026-03-02T21:50:48.187067627Z
,robo,0,2026-03-02T21:55:48.731000258Z
,robo,0,2026-03-02T22:00:49.386548224Z
,robo,0,2026-03-02T22:05:49.958430783Z
,robo,0,2026-03-02T22:10:50.587438872Z
,robo,0,2026-03-02T22:15:51.1383458Z
,robo,0,2026-03-02T22:20:51.697649284Z
,robo,0,2026-03-02T22:25:52.326828355Z
,robo,0,2026-03-02T22:30:52.977158455Z
,robo,0,2026-03-02T22:35:53.520269687Z
,robo,0,2026-03-02T22:40:54.076799432Z
,robo,0,2026-03-02T22:45:54.628230303Z
,robo,0,2026-03-02T22:50:55.177120887Z
,robo,0,2026-03-02T22:55:55.819373901Z
,robo,0,2026-03-02T23:00:56.366529001Z
,robo,0,2026-03-02T23:05:56.952160375Z
,robo,0,2026-03-02T23:10:57.570255475Z
,robo,0,2026-03-02T23:15:58.223520114Z
,robo,0,2026-03-02T23:20:59.280041517Z
,robo,0,2026-03-02T23:25:59.92757959Z
,robo,0,2026-03-02T23:31:00.468161807Z
,robo,0,2026-03-02T23:36:01.026981549Z
,robo,0,2026-03-02T23:41:01.679960449Z
,robo,0,2026-03-02T23:46:02.218761408Z
,robo,0,2026-03-02T23:51:02.862157744Z
,robo,0,2026-03-02T23:56:03.419750856Z
,robo,0,2026-03-03T00:01:03.970109019Z
,robo,0,2026-03-03T00:06:04.618188307Z
,robo,0,2026-03-03T00:11:05.158940233Z
,robo,0,2026-03-03T00:16:05.717448759Z
,robo,0,2026-03-03T00:21:06.365561692Z
,robo,0,2026-03-03T00:26:06.908226598Z
,robo,0,2026-03-03T00:31:07.45834234Z
,robo,0,2026-03-03T00:36:08.008187428Z
,robo,0,2026-03-03T00:41:08.663168604Z
,robo,0,2026-03-03T00:46:09.197823196Z
,robo,0,2026-03-03T00:51:09.853154726Z
,robo,0,2026-03-03T00:56:10.40276558Z
,robo,0,2026-03-03T01:01:10.943273177Z
,robo,0,2026-03-03T01:06:11.812105773Z
,robo,0,2026-03-03T01:11:12.346814428Z
,robo,0,2026-03-03T01:16:13.004641544Z
,robo,0,2026-03-03T01:21:13.551374659Z
,robo,0,2026-03-03T01:26:14.10263681Z
,robo,0,2026-03-03T01:31:14.637539416Z
,robo,0,2026-03-03T01:36:15.287456751Z
,robo,0,2026-03-03T01:41:15.843552657Z
,robo,0,2026-03-03T01:46:16.379478844Z
,robo,0,2026-03-03T01:51:17.548422044Z
,robo,0,2026-03-03T01:56:18.096376511Z
,robo,0,2026-03-03T02:01:18.647703741Z
,robo,0,2026-03-03T02:06:19.197310521Z
,robo,0,2026-03-03T02:11:19.836708214Z
,robo,0,2026-03-03T02:16:20.397354946Z
,robo,0,2026-03-03T02:21:21.04467676Z
,robo,0,2026-03-03T02:26:21.588227248Z
,robo,0,2026-03-03T02:31:22.137437066Z
,robo,0,2026-03-03T02:36:22.78721901Z
,robo,0,2026-03-03T02:41:23.337470926Z
,robo,0,2026-03-03T02:46:23.929900484Z
,robo,0,2026-03-03T02:51:24.637081876Z
,robo,0,2026-03-03T02:56:25.186790032Z
,robo,0,2026-03-03T03:01:25.836053994Z
,robo,0,2026-03-03T03:06:26.376199304Z
,robo,0,2026-03-03T03:11:27.027089917Z
,robo,0,2026-03-03T03:16:27.577311939Z
,robo,0,2026-03-03T03:21:28.229589556Z
,robo,0,2026-03-03T03:26:28.77457326Z
,robo,0,2026-03-03T03:31:29.323672918Z
,robo,0,2026-03-03T03:36:29.967292657Z
,robo,0,2026-03-03T03:41:30.512152118Z
,robo,0,2026-03-03T03:46:31.167385586Z
,robo,0,2026-03-03T03:51:31.726780469Z
,robo,0,2026-03-03T03:56:32.369358114Z
,robo,0,2026-03-03T04:01:33.019685175Z
,robo,0,2026-03-03T04:06:33.57579798Z
,robo,0,2026-03-03T04:11:34.223490528Z
,robo,0,2026-03-03T04:16:34.868618121Z
,robo,0,2026-03-03T04:21:35.927848131Z
,robo,0,2026-03-03T04:26:36.577908046Z
,robo,0,2026-03-03T04:31:37.128462587Z
,robo,0,2026-03-03T04:36:37.778604533Z
,robo,0,2026-03-03T04:41:38.423124971Z
,robo,0,2026-03-03T04:46:38.969191104Z
,robo,0,2026-03-03T04:51:39.519570188Z
,robo,0,2026-03-03T04:56:40.169454227Z
,robo,0,2026-03-03T05:01:40.723791666Z
,robo,0,2026-03-03T05:06:41.368364499Z
,robo,0,2026-03-03T05:11:41.919544962Z
,robo,0,2026-03-03T05:16:42.571645947Z
,robo,0,2026-03-03T05:21:43.108786966Z
,robo,0,2026-03-03T05:26:43.658874589Z
,robo,0,2026-03-03T05:31:44.210367268Z
,robo,0,2026-03-03T05:36:44.867135704Z
,robo,0,2026-03-03T05:41:45.425243958Z
,robo,0,2026-03-03T05:46:45.949924506Z
,robo,0,2026-03-03T05:51:46.603712953Z
,robo,0,2026-03-03T05:56:47.150346778Z
,robo,0,2026-03-03T06:01:47.697987319Z
,robo,0,2026-03-03T06:06:48.345111469Z
,robo,0,2026-03-03T06:11:48.897485056Z
,robo,0,2026-03-03T06:16:49.43953191Z
,robo,0,2026-03-03T06:21:49.988054066Z
,robo,0,2026-03-03T06:26:50.639532662Z
,robo,0,2026-03-03T06:31:51.286793118Z
,robo,0,2026-03-03T06:36:51.842294043Z
,robo,0,2026-03-03T06:41:52.58295442Z
,robo,0,2026-03-03T06:46:53.138835847Z
,robo,0,2026-03-03T06:51:54.30702331Z
,robo,0,2026-03-03T06:56:54.84672853Z
,robo,0,2026-03-03T07:01:55.49703874Z
,robo,0,2026-03-03T07:06:56.15222738Z
,robo,0,2026-03-03T07:11:56.702504534Z
,robo,0,2026-03-03T07:16:57.348439615Z
,robo,0,2026-03-03T07:21:57.886471917Z
,robo,0,2026-03-03T07:26:58.544376581Z
,robo,0,2026-03-03T07:31:59.088724446Z
,robo,2,2026-03-03T07:36:59.743545178Z
,robo,1,2026-03-03T07:42:00.287877583Z
,robo,2,2026-03-03T07:47:00.929767311Z
,robo,0,2026-03-03T07:52:01.495214707Z
,robo,0,2026-03-03T07:57:02.141704232Z
,robo,3,2026-03-03T08:02:02.779163815Z
,robo,0,2026-03-03T08:07:03.326415957Z
,robo,0,2026-03-03T08:12:03.987881052Z
,robo,0,2026-03-03T08:17:04.643780272Z
,robo,0,2026-03-03T08:22:05.177680025Z
,robo,0,2026-03-03T08:27:05.837914865Z
,robo,0,2026-03-03T08:32:06.377995692Z
,robo,0,2026-03-03T08:37:07.02751363Z
,robo,0,2026-03-03T08:42:07.577042611Z
,robo,4,2026-03-03T08:47:08.218773163Z
,robo,2,2026-03-03T08:52:08.867051381Z
,robo,2,2026-03-03T08:57:09.426932313Z
,robo,0,2026-03-03T09:02:10.082407542Z
,robo,5,2026-03-03T09:07:10.63308886Z
,robo,0,2026-03-03T09:12:11.279643147Z
,robo,0,2026-03-03T09:17:11.932105478Z
,robo,0,2026-03-03T09:22:12.979384935Z
,robo,0,2026-03-03T09:27:13.637706245Z
,robo,0,2026-03-03T09:32:14.290847974Z
,robo,3,2026-03-03T09:37:14.82714009Z
,robo,2,2026-03-03T09:42:15.48261571Z
,robo,6,2026-03-03T09:47:16.017532288Z
,robo,1,2026-03-03T09:52:16.678786303Z
,robo,2,2026-03-03T09:57:17.232440012Z
,robo,2,2026-03-03T10:02:17.877099091Z
,robo,1,2026-03-03T10:07:18.419958511Z
,robo,1,2026-03-03T10:12:18.971977539Z
,robo,1,2026-03-03T10:17:19.620919767Z
,robo,0,2026-03-03T10:22:20.167453076Z
,robo,0,2026-03-03T10:27:20.822740558Z
,robo,0,2026-03-03T10:32:21.365605157Z
,robo,1,2026-03-03T10:37:22.016577882Z
,robo,1,2026-03-03T10:42:22.666572784Z
,robo,0,2026-03-03T10:47:23.21803246Z
,robo,0,2026-03-03T10:52:23.862597091Z
,robo,3,2026-03-03T10:57:24.509558191Z
,robo,3,2026-03-03T11:02:25.167219052Z
,robo,1,2026-03-03T11:07:25.710069869Z
,robo,1,2026-03-03T11:12:26.47847102Z
,robo,2,2026-03-03T11:17:27.11788096Z
,robo,1,2026-03-03T11:22:27.757562738Z
,robo,3,2026-03-03T11:27:28.408612741Z
,robo,2,2026-03-03T11:32:29.071054025Z
,robo,2,2026-03-03T11:37:29.719560569Z
,robo,2,2026-03-03T11:42:30.259442252Z
,robo,1,2026-03-03T11:47:30.909576794Z
,robo,1,2026-03-03T11:52:32.07876806Z
,robo,0,2026-03-03T11:57:32.727446171Z
,robo,0,2026-03-03T12:02:33.377476194Z
,robo,2,2026-03-03T12:07:34.03750086Z
,robo,0,2026-03-03T12:12:34.577312801Z
,robo,0,2026-03-03T12:17:35.22335574Z
,robo,1,2026-03-03T12:22:35.784597308Z
,robo,0,2026-03-03T12:27:36.42725157Z
,robo,7,2026-03-03T12:32:36.975927137Z
,robo,2,2026-03-03T12:37:37.521546464Z
,robo,0,2026-03-03T12:42:38.170502249Z
,robo,6,2026-03-03T12:47:38.720761245Z
,robo,2,2026-03-03T12:52:39.366876206Z
,robo,1,2026-03-03T12:57:40.01865235Z
,robo,1,2026-03-03T13:02:40.563006617Z
,robo,8,2026-03-03T13:07:41.214475615Z
,robo,1,2026-03-03T13:12:41.86338563Z
,robo,2,2026-03-03T13:17:42.4084012Z
,robo,2,2026-03-03T13:22:42.964877983Z
,robo,2,2026-03-03T13:27:43.609000362Z
,robo,1,2026-03-03T13:32:44.170829587Z
,robo,1,2026-03-03T13:37:44.806627243Z
,robo,0,2026-03-03T13:42:45.35127946Z
,robo,4,2026-03-03T13:47:45.999132893Z
,robo,6,2026-03-03T13:52:46.760448067Z
,robo,3,2026-03-03T13:57:47.395181586Z
,robo,0,2026-03-03T14:02:47.960464414Z
,robo,2,2026-03-03T14:07:48.600755879Z
,robo,1,2026-03-03T14:12:49.243236941Z
,robo,2,2026-03-03T14:17:49.91549481Z
,robo,3,2026-03-03T14:22:51.072960069Z
,robo,1,2026-03-03T14:27:51.718572135Z
,robo,1,2026-03-03T14:32:52.418972319Z
,robo,1,2026-03-03T14:37:53.017194747Z
,robo,0,2026-03-03T14:42:53.667336211Z
,robo,2,2026-03-03T14:47:54.317868619Z
,robo,4,2026-03-03T14:52:54.995926958Z
,robo,4,2026-03-03T14:57:55.615535095Z
,robo,0,2026-03-03T15:02:56.259161787Z
,robo,0,2026-03-03T15:07:56.811534389Z
,robo,0,2026-03-03T15:12:57.467418738Z
,robo,0,2026-03-03T15:17:58.123339302Z
,robo,0,2026-03-03T15:22:58.659503246Z
,robo,0,2026-03-03T15:27:59.304775933Z
,robo,0,2026-03-03T15:32:59.85898331Z
,robo,0,2026-03-03T15:38:00.507990432Z
,robo,0,2026-03-03T15:43:01.057476407Z
,robo,0,2026-03-03T15:48:01.617772821Z
,robo,6,2026-03-03T15:53:02.261579123Z
,robo,1,2026-03-03T15:58:02.835107149Z
,robo,1,2026-03-03T16:03:03.447128068Z
,robo,0,2026-03-03T16:08:03.994676623Z
,robo,0,2026-03-03T16:13:04.647143609Z
,robo,0,2026-03-03T16:18:05.291194082Z
,robo,0,2026-03-03T16:23:05.855039266Z
,robo,0,2026-03-03T16:28:06.503678037Z
,robo,0,2026-03-03T16:33:07.147440581Z
,robo,0,2026-03-03T16:38:07.698931564Z
,robo,0,2026-03-03T16:43:08.343092493Z
,robo,1,2026-03-03T16:48:09.00179364Z
,robo,0,2026-03-03T16:53:10.15805896Z
,robo,0,2026-03-03T16:58:10.799212231Z
,robo,3,2026-03-03T17:03:11.46729131Z
,robo,0,2026-03-03T17:08:12.108669188Z
,robo,0,2026-03-03T17:13:12.75830548Z
,robo,0,2026-03-03T17:18:13.420583291Z
,robo,0,2026-03-03T17:23:13.971316591Z
,robo,1,2026-03-03T17:28:14.60763244Z
,robo,0,2026-03-03T17:33:15.274047305Z
,robo,0,2026-03-03T17:38:15.913826069Z
,robo,0,2026-03-03T17:43:16.46318413Z
,robo,0,2026-03-03T17:48:17.000027128Z
,robo,0,2026-03-03T17:53:17.659541184Z
,robo,0,2026-03-03T17:58:18.325181146Z
,robo,0,2026-03-03T18:03:18.960609123Z
,robo,0,2026-03-03T18:08:19.59773187Z
,robo,0,2026-03-03T18:13:20.26003834Z
,robo,0,2026-03-03T18:18:20.911697253Z
,robo,0,2026-03-03T18:23:21.550018376Z
,robo,0,2026-03-03T18:28:22.198338688Z
,robo,2,2026-03-03T18:33:22.864356467Z
,robo,0,2026-03-03T18:38:23.496601501Z
,robo,1,2026-03-03T18:43:24.154603238Z
,robo,0,2026-03-03T18:48:24.798771141Z
,robo,0,2026-03-03T18:53:25.560860515Z
,robo,0,2026-03-03T18:58:26.210105896Z
,robo,0,2026-03-03T19:03:26.857748102Z
,robo,0,2026-03-03T19:08:27.508498805Z
,robo,0,2026-03-03T19:13:28.157798737Z
,robo,0,2026-03-03T19:18:28.808156785Z
,robo,0,2026-03-03T19:23:29.969469076Z
,robo,0,2026-03-03T19:28:30.623816154Z
,robo,0,2026-03-03T19:33:31.368637642Z
,robo,0,2026-03-03T19:38:31.927204081Z
,robo,0,2026-03-03T19:43:32.673042094Z
,robo,0,2026-03-03T19:48:33.215798422Z
,robo,0,2026-03-03T19:53:33.875110431Z
,robo,0,2026-03-03T19:58:34.520774528Z
,robo,0,2026-03-03T20:03:35.167339176Z
,robo,0,2026-03-03T20:08:35.715522208Z
,robo,0,2026-03-03T20:13:36.250179355Z
,robo,0,2026-03-03T20:18:37.025614884Z
,robo,0,2026-03-03T20:23:37.570236393Z
,robo,0,2026-03-03T20:28:38.21817829Z
,robo,0,2026-03-03T20:33:38.856418798Z
,robo,0,2026-03-03T20:38:39.407760953Z
,robo,0,2026-03-03T20:43:40.058053474Z
,robo,0,2026-03-03T20:48:40.551123952Z
,robo,0,2026-03-03T20:53:41.250553189Z
,robo,0,2026-03-03T20:58:41.812164926Z
,robo,0,2026-03-03T21:03:42.461164816Z
,robo,0,2026-03-03T21:08:43.010587032Z
,robo,0,2026-03-03T21:13:43.661695353Z
,robo,0,2026-03-03T21:18:44.310000614Z
,robo,0,2026-03-03T21:23:44.958752975Z
,robo,0,2026-03-03T21:28:45.498461485Z
,robo,0,2026-03-03T21:33:46.157288678Z
,robo,0,2026-03-03T21:38:46.698059543Z
,robo,0,2026-03-03T21:43:47.347772276Z
,robo,0,2026-03-03T21:48:48.010145757Z
,robo,0,2026-03-03T21:53:49.163977425Z
,robo,0,2026-03-03T21:58:49.81007326Z
,robo,0,2026-03-03T22:03:50.47149083Z
,robo,0,2026-03-03T22:08:51.126902313Z
,robo,0,2026-03-03T22:13:51.651113644Z
,robo,0,2026-03-03T22:18:52.309473107Z
,robo,0,2026-03-03T22:23:52.958761935Z
,robo,0,2026-03-03T22:28:53.609691001Z
,robo,0,2026-03-03T22:33:54.265124584Z
,robo,0,2026-03-03T22:38:54.806016527Z
,robo,0,2026-03-03T22:43:55.458280399Z
,robo,0,2026-03-03T22:48:56.106180557Z
,robo,0,2026-03-03T22:53:56.679073756Z
,robo,0,2026-03-03T22:58:57.307918229Z
,robo,0,2026-03-03T23:03:57.860130804Z
,robo,0,2026-03-03T23:08:58.496420153Z
,robo,0,2026-03-03T23:13:59.048466985Z
,robo,0,2026-03-03T23:18:59.700158317Z
,robo,0,2026-03-03T23:24:00.25943702Z
,robo,0,2026-03-03T23:29:00.898203134Z
,robo,0,2026-03-03T23:34:01.554138879Z
,robo,0,2026-03-03T23:39:02.10172498Z
,robo,0,2026-03-03T23:44:02.754096147Z
,robo,0,2026-03-03T23:49:03.39888216Z
,robo,0,2026-03-03T23:54:03.947442146Z
,robo,0,2026-03-03T23:59:04.602244591Z
,robo,0,2026-03-04T00:04:05.249345223Z
,robo,0,2026-03-04T00:09:05.803631549Z
,robo,0,2026-03-04T00:14:06.338996525Z
,robo,0,2026-03-04T00:19:06.989521081Z
,robo,0,2026-03-04T00:24:08.157813159Z
,robo,0,2026-03-04T00:29:08.913520157Z
,robo,0,2026-03-04T00:34:09.558994927Z
,robo,0,2026-03-04T00:39:10.09059439Z
,robo,0,2026-03-04T00:44:10.74912035Z
,robo,0,2026-03-04T00:49:11.397676162Z
,robo,0,2026-03-04T00:54:12.049033723Z
,robo,0,2026-03-04T00:59:12.698868647Z
,robo,0,2026-03-04T01:04:13.356889444Z
,robo,0,2026-03-04T01:09:13.999402426Z
,robo,0,2026-03-04T01:14:14.550948968Z
,robo,0,2026-03-04T01:19:15.19693573Z
,robo,0,2026-03-04T01:24:15.852776716Z
,robo,0,2026-03-04T01:29:16.490740353Z
,robo,0,2026-03-04T01:34:17.046914584Z
,robo,0,2026-03-04T01:39:17.696278443Z
,robo,0,2026-03-04T01:44:18.350189838Z
,robo,0,2026-03-04T01:49:18.898196392Z
,robo,0,2026-03-04T01:54:19.548155166Z
,robo,0,2026-03-04T01:59:20.189250696Z
,robo,0,2026-03-04T02:04:20.753399537Z
,robo,0,2026-03-04T02:09:21.399753745Z
,robo,0,2026-03-04T02:14:22.041741322Z
,robo,0,2026-03-04T02:19:22.59707865Z
,robo,0,2026-03-04T02:24:23.243038564Z
,robo,0,2026-03-04T02:29:23.78742975Z
,robo,0,2026-03-04T02:34:24.448795858Z
,robo,0,2026-03-04T02:39:24.989479346Z
,robo,0,2026-03-04T02:44:25.638154017Z
,robo,0,2026-03-04T02:49:26.287269133Z
,robo,0,2026-03-04T02:54:27.446442548Z
,robo,0,2026-03-04T02:59:28.094005434Z
,robo,0,2026-03-04T03:04:28.646047722Z
,robo,0,2026-03-04T03:09:29.295054592Z
,robo,0,2026-03-04T03:14:29.857510157Z
,robo,0,2026-03-04T03:19:30.498643766Z
,robo,0,2026-03-04T03:24:31.047857296Z
,robo,0,2026-03-04T03:29:31.601610889Z
,robo,0,2026-03-04T03:34:32.143126895Z
,robo,0,2026-03-04T03:39:32.688401476Z
,robo,0,2026-03-04T03:44:33.231221049Z
,robo,0,2026-03-04T03:49:33.88725705Z
,robo,0,2026-03-04T03:54:34.430682896Z
,robo,0,2026-03-04T03:59:34.977589343Z
,robo,0,2026-03-04T04:04:35.639301361Z
,robo,0,2026-03-04T04:09:36.177371162Z
,robo,0,2026-03-04T04:14:36.838165564Z
,robo,0,2026-03-04T04:19:37.478300645Z
,robo,0,2026-03-04T04:24:38.017566791Z
,robo,0,2026-03-04T04:29:38.777056675Z
,robo,0,2026-03-04T04:34:39.320055759Z
,robo,0,2026-03-04T04:39:39.968609818Z
,robo,0,2026-03-04T04:44:40.563162447Z
,robo,0,2026-03-04T04:49:41.266862801Z
,robo,0,2026-03-04T04:54:41.919183838Z
,robo,0,2026-03-04T04:59:42.467852771Z
,robo,0,2026-03-04T05:04:43.017126938Z
,robo,0,2026-03-04T05:09:43.673168Z
,robo,0,2026-03-04T05:14:44.321036386Z
,robo,0,2026-03-04T05:19:44.867835877Z
,robo,0,2026-03-04T05:24:46.027097775Z
,robo,0,2026-03-04T05:29:46.683051662Z
,robo,0,2026-03-04T05:34:47.236286978Z
,robo,0,2026-03-04T05:39:47.876404657Z
,robo,0,2026-03-04T05:44:48.522222021Z
,robo,0,2026-03-04T05:49:49.076774236Z
,robo,0,2026-03-04T05:54:49.731902215Z
,robo,0,2026-03-04T05:59:50.278321601Z
,robo,0,2026-03-04T06:04:50.943184218Z
,robo,0,2026-03-04T06:09:51.570378591Z
,robo,0,2026-03-04T06:14:52.127434852Z
,robo,0,2026-03-04T06:19:52.669548287Z
,robo,0,2026-03-04T06:24:53.326668842Z
,robo,0,2026-03-04T06:29:53.977945559Z
,robo,0,2026-03-04T06:34:54.517416246Z
,robo,0,2026-03-04T06:39:55.16983535Z
,robo,0,2026-03-04T06:44:55.706782369Z
,robo,0,2026-03-04T06:49:56.367939599Z
,robo,0,2026-03-04T06:54:56.905968595Z
,robo,0,2026-03-04T06:59:57.457062753Z
,robo,4,2026-03-04T07:04:58.114091112Z
,robo,7,2026-03-04T07:09:58.659205473Z
,robo,4,2026-03-04T07:14:59.320431385Z
,robo,2,2026-03-04T07:20:00.267069309Z
,robo,1,2026-03-04T07:25:00.916919825Z
,robo,0,2026-03-04T07:30:01.467283753Z
,robo,1,2026-03-04T07:35:02.106535796Z
,robo,2,2026-03-04T07:40:02.661852831Z
,robo,6,2026-03-04T07:45:03.227106832Z
,robo,1,2026-03-04T07:50:03.859333712Z
,robo,0,2026-03-04T07:55:05.018321702Z
,robo,0,2026-03-04T08:00:05.670133756Z
,robo,4,2026-03-04T08:05:06.31949693Z
,robo,0,2026-03-04T08:10:06.868906284Z
,robo,0,2026-03-04T08:15:07.523424552Z
,robo,0,2026-03-04T08:20:08.067118723Z
,robo,3,2026-03-04T08:25:08.717651033Z
,robo,3,2026-03-04T08:30:09.270910307Z
,robo,4,2026-03-04T08:35:09.906392905Z
,robo,5,2026-03-04T08:40:10.459365715Z
,robo,3,2026-03-04T08:45:11.108559074Z
,robo,2,2026-03-04T08:50:11.762742332Z
,robo,0,2026-03-04T08:55:12.306802263Z
,robo,5,2026-03-04T09:00:12.958927067Z
,robo,1,2026-03-04T09:05:13.511180117Z
,robo,2,2026-03-04T09:10:14.159041576Z
,robo,2,2026-03-04T09:15:14.698313803Z
,robo,0,2026-03-04T09:20:15.359514856Z
,robo,0,2026-03-04T09:25:16.007606379Z
,robo,1,2026-03-04T09:30:16.553868167Z
,robo,2,2026-03-04T09:35:17.206843527Z
,robo,1,2026-03-04T09:40:17.760464125Z
,robo,1,2026-03-04T09:45:18.399192619Z
,robo,4,2026-03-04T09:50:19.05356277Z
,robo,2,2026-03-04T09:55:19.68562356Z
,robo,7,2026-03-04T10:00:20.3753932Z
,robo,2,2026-03-04T10:05:20.900062896Z
,robo,3,2026-03-04T10:10:21.574187912Z
,robo,0,2026-03-04T10:15:22.204789571Z
,robo,2,2026-03-04T10:20:22.867242114Z
,robo,0,2026-03-04T10:25:24.00600026Z
,robo,0,2026-03-04T10:30:24.664945317Z
,robo,1,2026-03-04T10:35:25.303074786Z
,robo,1,2026-03-04T10:40:26.066414229Z
,robo,0,2026-03-04T10:45:26.709039419Z
,robo,1,2026-03-04T10:50:27.259258975Z
,robo,0,2026-03-04T10:55:27.906984179Z
,robo,2,2026-03-04T11:00:28.56624537Z
,robo,2,2026-03-04T11:05:29.20862398Z
,robo,1,2026-03-04T11:10:29.855180468Z
,robo,0,2026-03-04T11:15:30.414747381Z
,robo,0,2026-03-04T11:20:31.072783568Z
,robo,0,2026-03-04T11:25:31.80880972Z
,robo,0,2026-03-04T11:30:32.461369477Z
,robo,0,2026-03-04T11:35:33.020805214Z
,robo,3,2026-03-04T11:40:33.657578868Z
,robo,0,2026-03-04T11:45:34.303493757Z
,robo,1,2026-03-04T11:50:34.957773857Z
,robo,1,2026-03-04T11:55:35.710577719Z
,robo,0,2026-03-04T12:00:36.357143628Z
,robo,2,2026-03-04T12:05:37.101477026Z
,robo,1,2026-03-04T12:10:37.762777933Z
,robo,0,2026-03-04T12:15:38.413849436Z
,robo,2,2026-03-04T12:20:38.961078202Z
,robo,0,2026-03-04T12:25:39.608278691Z
,robo,0,2026-03-04T12:30:40.259775698Z
,robo,0,2026-03-04T12:35:40.809571758Z
,robo,2,2026-03-04T12:40:41.457562837Z
,robo,1,2026-03-04T12:45:42.050254742Z
,robo,0,2026-03-04T12:50:42.755303448Z
,robo,3,2026-03-04T12:55:43.919762242Z
,robo,6,2026-03-04T13:00:44.571969629Z
,robo,2,2026-03-04T13:05:45.218984438Z
,robo,2,2026-03-04T13:10:45.897928617Z
,robo,2,2026-03-04T13:15:46.527114113Z
,robo,0,2026-03-04T13:20:47.194725405Z
,robo,0,2026-03-04T13:25:47.826003435Z
,robo,0,2026-03-04T13:30:48.468913918Z
,robo,1,2026-03-04T13:35:49.006859558Z
,robo,2,2026-03-04T13:43:22.857060341Z
,robo,0,2026-03-04T13:48:23.411429566Z
,robo,4,2026-03-04T13:53:24.160099462Z
,robo,3,2026-03-04T13:58:24.806389724Z
,robo,5,2026-03-04T14:03:25.462036984Z
,robo,1,2026-03-04T14:08:26.211744541Z
,robo,5,2026-03-04T14:13:26.787695634Z
,robo,2,2026-03-04T14:18:27.617975018Z
,robo,2,2026-03-04T14:23:28.2682636Z
,robo,1,2026-03-04T14:28:28.928598839Z
,robo,3,2026-03-04T14:33:29.688102955Z
,robo,3,2026-03-04T14:38:30.324404188Z
,robo,0,2026-03-04T14:43:30.959330355Z
,robo,4,2026-03-04T14:48:31.62766663Z
,robo,1,2026-03-04T14:53:32.266732385Z
,robo,0,2026-03-04T14:58:32.92362159Z
,robo,1,2026-03-04T15:03:33.66924468Z
,robo,0,2026-03-04T15:08:34.319044337Z
,robo,5,2026-03-04T15:13:34.978844882Z
,robo,1,2026-03-04T15:18:35.71972783Z
,robo,1,2026-03-04T15:23:36.374346963Z
,robo,1,2026-03-04T15:28:37.031217937Z
,robo,1,2026-03-04T15:33:37.672073085Z
,robo,0,2026-03-04T15:38:38.317292407Z
,robo,0,2026-03-04T15:43:38.974049132Z
,robo,0,2026-03-04T15:48:39.632344491Z
,robo,1,2026-03-04T15:53:40.277940996Z
,robo,0,2026-03-04T15:58:41.031557916Z
,robo,0,2026-03-04T16:03:41.683648354Z
,robo,0,2026-03-04T16:08:42.327416596Z
,robo,2,2026-03-04T16:13:43.488552548Z
,robo,0,2026-03-04T16:18:44.239503038Z
,robo,4,2026-03-04T16:23:44.887195779Z
,robo,1,2026-03-04T16:28:45.536906723Z
,robo,1,2026-03-04T16:33:46.186878389Z
,robo,3,2026-03-04T16:38:46.953737444Z
,robo,0,2026-03-04T16:43:47.595520009Z
,robo,0,2026-03-04T16:48:48.253317708Z
,robo,0,2026-03-04T16:53:48.89496844Z
,robo,0,2026-03-04T16:58:49.544500364Z
,robo,0,2026-03-04T17:03:50.292087326Z
,robo,0,2026-03-04T17:08:51.038694031Z
,robo,0,2026-03-04T17:13:51.589105356Z
,robo,0,2026-03-04T17:18:52.240819153Z
,robo,0,2026-03-04T17:23:52.896455463Z
,robo,5,2026-03-04T17:28:53.547807062Z
,robo,0,2026-03-04T17:33:54.297384561Z
,robo,0,2026-03-04T17:38:54.947612039Z
,robo,0,2026-03-04T17:43:55.597264589Z
,robo,0,2026-03-04T17:48:56.247954916Z
,robo,0,2026-03-04T17:53:56.902987461Z
,robo,0,2026-03-04T17:58:57.554152885Z
,robo,3,2026-03-04T18:03:58.19907534Z
,robo,0,2026-03-04T18:08:58.773726024Z
,robo,0,2026-03-04T18:13:59.498996478Z
,robo,0,2026-03-04T18:19:00.054503225Z
,robo,2,2026-03-04T18:24:00.698262942Z
,robo,0,2026-03-04T18:29:01.339495945Z
,robo,8,2026-03-04T18:34:01.996213703Z
,robo,0,2026-03-04T18:39:02.643353068Z
,robo,0,2026-03-04T18:44:03.809923576Z
,robo,0,2026-03-04T18:49:04.356651805Z
,robo,0,2026-03-04T18:54:05.017896565Z
,robo,0,2026-03-04T18:59:05.667231538Z
,robo,0,2026-03-04T19:04:06.324304113Z
,robo,0,2026-03-04T19:09:06.965871731Z
,robo,0,2026-03-04T19:14:07.716914441Z
,robo,0,2026-03-04T19:19:08.257573203Z
,robo,0,2026-03-04T19:24:08.914272167Z
,robo,0,2026-03-04T19:29:09.563196409Z
,robo,0,2026-03-04T19:34:10.208256071Z
,robo,0,2026-03-04T19:39:10.85756782Z
,robo,0,2026-03-04T19:44:11.506389417Z
,robo,0,2026-03-04T19:49:12.159299009Z
,robo,0,2026-03-04T19:54:12.808874765Z
,robo,0,2026-03-04T19:59:13.467224563Z
,robo,0,2026-03-04T20:04:14.108719559Z
,robo,0,2026-03-04T20:09:14.85882402Z
,robo,0,2026-03-04T20:14:15.518593444Z
,robo,0,2026-03-04T20:19:16.158332561Z
,robo,0,2026-03-04T20:24:16.814956675Z
,robo,0,2026-03-04T20:29:17.469798472Z
,robo,0,2026-03-04T20:34:18.103339664Z
,robo,0,2026-03-04T20:39:18.768007133Z
,robo,0,2026-03-04T20:44:19.404073305Z
,robo,0,2026-03-04T20:49:20.058230794Z
,robo,0,2026-03-04T20:54:20.716201508Z
,robo,0,2026-03-04T20:59:21.360445109Z
,robo,0,2026-03-04T21:04:22.008671476Z
,robo,0,2026-03-04T21:09:22.666043709Z
,robo,0,2026-03-04T21:14:23.935716499Z
,robo,0,2026-03-04T21:19:24.684080056Z
,robo,0,2026-03-04T21:24:25.230019364Z
,robo,0,2026-03-04T21:29:25.879447661Z
,robo,0,2026-03-04T21:34:26.530219029Z
,robo,0,2026-03-04T21:39:27.174504025Z
,robo,0,2026-03-04T21:44:27.829778815Z
,robo,0,2026-03-04T21:49:28.586550848Z
,robo,0,2026-03-04T21:54:29.239161448Z
,robo,0,2026-03-04T21:59:29.882970663Z
,robo,0,2026-03-04T22:04:30.52605372Z
,robo,0,2026-03-04T22:09:31.177601339Z
,robo,0,2026-03-04T22:14:31.928852959Z
,robo,0,2026-03-04T22:19:32.58324273Z
,robo,0,2026-03-04T22:24:33.246736083Z
,robo,0,2026-03-04T22:29:33.879461377Z
,robo,0,2026-03-04T22:34:34.642029836Z
,robo,0,2026-03-04T22:39:35.283175658Z
,robo,0,2026-03-04T22:44:35.929791197Z
,robo,0,2026-03-04T22:49:36.588396645Z
,robo,0,2026-03-04T22:54:37.233968984Z
,robo,0,2026-03-04T22:59:37.888870858Z
,robo,0,2026-03-04T23:04:38.539220754Z
,robo,0,2026-03-04T23:09:39.288052014Z
,robo,0,2026-03-04T23:14:39.943368375Z
,robo,0,2026-03-04T23:19:40.698299854Z
,robo,0,2026-03-04T23:24:41.342543692Z
,robo,0,2026-03-04T23:29:41.986849533Z
,robo,0,2026-03-04T23:34:42.637861763Z
,robo,0,2026-03-04T23:39:43.396627855Z
,robo,0,2026-03-04T23:44:44.668307141Z
,robo,0,2026-03-04T23:49:45.319682568Z
,robo,0,2026-03-04T23:54:45.960890696Z
,robo,0,2026-03-04T23:59:46.710993937Z
,robo,0,2026-03-05T00:04:47.374060522Z
,robo,0,2026-03-05T00:09:48.004763236Z
,robo,0,2026-03-05T00:14:48.656607301Z
,robo,0,2026-03-05T00:19:49.314751076Z
,robo,0,2026-03-05T00:24:49.961474214Z
,robo,0,2026-03-05T00:29:51.01828313Z
,robo,0,2026-03-05T00:34:51.671933182Z
,robo,0,2026-03-05T00:39:52.319139531Z
,robo,0,2026-03-05T00:44:52.969779751Z
,robo,0,2026-03-05T00:49:53.628210803Z
,robo,0,2026-03-05T00:54:54.267401255Z
,robo,0,2026-03-05T00:59:54.919611099Z
,robo,0,2026-03-05T01:04:55.56841504Z
,robo,0,2026-03-05T01:09:56.223788316Z
,robo,0,2026-03-05T01:14:56.970764415Z
,robo,0,2026-03-05T01:19:57.624225697Z
,robo,0,2026-03-05T01:24:58.279189235Z
,robo,0,2026-03-05T01:29:58.940892758Z
,robo,0,2026-03-05T01:34:59.575264815Z
,robo,0,2026-03-05T01:40:00.228574251Z
,robo,0,2026-03-05T01:45:00.880473687Z
,robo,0,2026-03-05T01:50:01.525237938Z
,robo,0,2026-03-05T01:55:02.265355277Z
,robo,0,2026-03-05T02:00:02.935257972Z
,robo,0,2026-03-05T02:05:03.577160806Z
,robo,0,2026-03-05T02:10:04.23723741Z
,robo,0,2026-03-05T02:15:05.385066308Z
,robo,0,2026-03-05T02:20:06.037709164Z
,robo,0,2026-03-05T02:25:06.786520307Z
,robo,0,2026-03-05T02:30:07.452584671Z
,robo,0,2026-03-05T02:35:08.089895405Z
,robo,0,2026-03-05T02:40:08.738751555Z
,robo,0,2026-03-05T02:45:09.387366578Z
,robo,0,2026-03-05T02:50:10.033920206Z
,robo,0,2026-03-05T02:55:10.685490617Z
,robo,0,2026-03-05T03:00:11.338043573Z
,robo,0,2026-03-05T03:05:12.096054977Z
,robo,0,2026-03-05T03:10:12.743227958Z
,robo,0,2026-03-05T03:15:13.293574686Z
,robo,0,2026-03-05T03:20:14.048416999Z
,robo,0,2026-03-05T03:25:14.696857856Z
,robo,0,2026-03-05T03:30:15.347619559Z
,robo,0,2026-03-05T03:35:15.996523532Z
,robo,0,2026-03-05T03:40:16.648188078Z
,robo,0,2026-03-05T03:45:17.296784458Z
,robo,0,2026-03-05T03:50:17.947511942Z
,robo,0,2026-03-05T03:55:18.697367949Z
,robo,0,2026-03-05T04:00:19.347877605Z
,robo,0,2026-03-05T04:05:19.990648325Z
,robo,0,2026-03-05T04:10:20.653022694Z
,robo,0,2026-03-05T04:15:21.295208767Z
,robo,0,2026-03-05T04:20:21.943129021Z
,robo,0,2026-03-05T04:25:22.59727019Z
,robo,0,2026-03-05T04:30:23.259053065Z
,robo,0,2026-03-05T04:35:23.900652472Z
,robo,0,2026-03-05T04:40:24.447033019Z
,robo,0,2026-03-05T04:45:25.706931183Z
,robo,0,2026-03-05T04:50:26.318457434Z
,robo,0,2026-03-05T04:55:27.006860312Z
,robo,0,2026-03-05T05:00:27.663398375Z
,robo,0,2026-03-05T05:05:28.314870675Z
,robo,0,2026-03-05T05:10:28.964736646Z
,robo,0,2026-03-05T05:15:29.612695485Z
,robo,0,2026-03-05T05:20:30.267064935Z
,robo,0,2026-03-05T05:25:30.91300668Z
,robo,0,2026-03-05T05:30:31.562314124Z
,robo,0,2026-03-05T05:35:32.212795627Z
,robo,0,2026-03-05T05:40:32.966021684Z
,robo,0,2026-03-05T05:45:33.614678151Z
,robo,0,2026-03-05T05:50:34.254445741Z
,robo,0,2026-03-05T05:55:35.015886699Z
,robo,0,2026-03-05T06:00:35.667051865Z
,robo,0,2026-03-05T06:05:36.316524964Z
,robo,0,2026-03-05T06:10:36.96798249Z
,robo,0,2026-03-05T06:15:37.619689162Z
,robo,0,2026-03-05T06:20:38.268412079Z
,robo,0,2026-03-05T06:25:39.017652528Z
,robo,0,2026-03-05T06:30:39.675181133Z
,robo,0,2026-03-05T06:35:40.412322394Z
,robo,0,2026-03-05T06:40:40.963135226Z
,robo,0,2026-03-05T06:45:41.714415231Z
,robo,0,2026-03-05T06:50:42.367166826Z
,robo,0,2026-03-05T06:55:43.02394154Z
,robo,0,2026-03-05T07:00:43.776955598Z
,robo,0,2026-03-05T07:05:44.429402781Z
,robo,0,2026-03-05T07:10:45.076134594Z
,robo,5,2026-03-05T07:15:46.336464018Z
,robo,0,2026-03-05T07:20:46.987838826Z
,robo,0,2026-03-05T07:25:47.634338498Z
,robo,0,2026-03-05T07:30:48.289192625Z
,robo,1,2026-03-05T07:35:48.940223545Z
,robo,2,2026-03-05T07:40:49.688206457Z
,robo,1,2026-03-05T07:45:50.349727856Z
,robo,0,2026-03-05T07:50:50.997789822Z
,robo,3,2026-03-05T07:55:51.641398972Z
,robo,0,2026-03-05T08:00:52.328933908Z
,robo,1,2026-03-05T08:05:52.83940566Z
,robo,0,2026-03-05T08:10:53.487490247Z
,robo,1,2026-03-05T08:15:54.240677426Z
,robo,3,2026-03-05T08:20:54.796695967Z
,robo,1,2026-03-05T08:25:55.541043103Z
,robo,3,2026-03-05T08:30:56.08799066Z
,robo,3,2026-03-05T08:35:56.859164386Z
,robo,1,2026-03-05T08:40:57.347878496Z
,robo,1,2026-03-05T08:45:58.134395087Z
,robo,0,2026-03-05T08:50:58.788154059Z
,robo,0,2026-03-05T08:55:59.435877761Z
,robo,15,2026-03-05T09:01:00.089618656Z
,robo,0,2026-03-05T09:06:00.738864771Z
,robo,21,2026-03-05T09:11:01.395250679Z
,robo,19,2026-03-05T09:16:02.036182262Z
,robo,0,2026-03-05T09:21:02.694162267Z
,robo,1,2026-03-05T09:26:03.336079638Z
,robo,0,2026-03-05T09:31:03.988080257Z
,robo,3,2026-03-05T09:36:04.63731573Z
,robo,2,2026-03-05T09:41:05.286190829Z
,robo,2,2026-03-05T09:46:06.560038482Z
,robo,0,2026-03-05T09:51:07.209409704Z
,robo,0,2026-03-05T09:56:07.865827655Z
,robo,0,2026-03-05T10:01:08.608929413Z
,robo,0,2026-03-05T10:06:09.259591869Z
,robo,0,2026-03-05T10:11:09.914151046Z
,robo,0,2026-03-05T10:16:10.556245Z
,robo,1,2026-03-05T10:21:11.313669669Z
,robo,2,2026-03-05T10:26:11.959165801Z
,robo,4,2026-03-05T10:31:12.60705438Z
,robo,0,2026-03-05T10:36:13.363595263Z
,robo,1,2026-03-05T10:41:14.020581282Z
,robo,0,2026-03-05T10:46:14.66055623Z
,robo,1,2026-03-05T10:51:15.41909523Z
,robo,0,2026-03-05T10:56:16.010879082Z
,robo,1,2026-03-05T11:01:16.811333547Z
,robo,0,2026-03-05T11:06:17.466590442Z
,robo,0,2026-03-05T11:11:18.116497134Z
,robo,1,2026-03-05T11:16:18.869109297Z
,robo,1,2026-03-05T11:21:19.518496824Z
,robo,0,2026-03-05T11:26:20.168661863Z
,robo,1,2026-03-05T11:31:20.825591447Z
,robo,2,2026-03-05T11:36:21.567848904Z
,robo,1,2026-03-05T11:41:22.219613003Z
,robo,0,2026-03-05T11:46:22.877340992Z
,robo,3,2026-03-05T11:51:23.519532886Z
,robo,0,2026-03-05T11:56:24.278930539Z
,robo,1,2026-03-05T12:01:24.923398776Z
,robo,0,2026-03-05T12:06:25.579853819Z
,robo,1,2026-03-05T12:11:26.327661631Z
,robo,2,2026-03-05T12:16:27.488152279Z
,robo,4,2026-03-05T12:21:28.14973359Z
,robo,2,2026-03-05T12:26:28.805333947Z
,robo,0,2026-03-05T12:31:29.453917437Z
,robo,2,2026-03-05T12:36:30.197831009Z
,robo,0,2026-03-05T12:41:30.737186949Z
,robo,2,2026-03-05T12:46:31.498496153Z
,robo,2,2026-03-05T12:51:32.147407325Z
,robo,5,2026-03-05T12:56:33.54950628Z
,robo,0,2026-03-05T13:01:33.446856965Z
,robo,2,2026-03-05T13:06:34.094043091Z
,robo,2,2026-03-05T13:11:34.74520281Z
,robo,1,2026-03-05T13:16:35.398574892Z
,robo,0,2026-03-05T13:21:36.042416866Z
,robo,0,2026-03-05T13:26:36.699206147Z
,robo,1,2026-03-05T13:31:37.348649812Z
,robo,2,2026-03-05T13:36:37.998965288Z
,robo,3,2026-03-05T13:41:38.753757869Z
,robo,8,2026-03-05T13:46:39.397754853Z
,robo,1,2026-03-05T13:51:39.953686658Z
,robo,2,2026-03-05T13:56:40.622778968Z
,robo,1,2026-03-05T14:01:41.262283793Z
,robo,1,2026-03-05T14:06:41.798294934Z
,robo,0,2026-03-05T14:11:42.448023514Z
,robo,0,2026-03-05T14:16:42.986959956Z
,robo,2,2026-03-05T14:21:43.637354164Z
,robo,3,2026-03-05T14:26:44.291737143Z
,robo,1,2026-03-05T14:31:44.946447645Z
,robo,1,2026-03-05T14:36:45.581603787Z
,robo,3,2026-03-05T14:41:46.346599669Z
,robo,0,2026-03-05T14:46:47.409621843Z
,robo,0,2026-03-05T14:51:48.157842014Z
,robo,0,2026-03-05T14:56:48.797359777Z
,robo,3,2026-03-05T15:01:49.464611764Z
,robo,0,2026-03-05T15:06:50.009332627Z
,robo,0,2026-03-05T15:11:50.656672799Z
,robo,2,2026-03-05T15:16:51.296288629Z
,robo,2,2026-03-05T15:21:51.847610071Z
,robo,4,2026-03-05T15:26:52.510217784Z
,robo,10,2026-03-05T15:31:53.14908725Z
,robo,10,2026-03-05T15:36:53.805862908Z
,robo,0,2026-03-05T15:41:54.352190306Z
,robo,0,2026-03-05T15:46:54.999092436Z
,robo,5,2026-03-05T15:51:55.646247162Z
,robo,0,2026-03-05T15:56:56.200659254Z
,robo,0,2026-03-05T16:01:56.864207997Z
,robo,0,2026-03-05T16:06:57.496939819Z
,robo,1,2026-03-05T16:11:58.145594791Z
,robo,0,2026-03-05T16:16:58.799846039Z
,robo,1,2026-03-05T16:21:59.448479059Z
,robo,0,2026-03-05T16:27:00.092137705Z
,robo,0,2026-03-05T16:32:00.647544129Z
,robo,3,2026-03-05T16:37:01.298848606Z
,robo,0,2026-03-05T16:42:01.952659018Z
,robo,0,2026-03-05T16:47:02.497445739Z
,robo,0,2026-03-05T16:52:02.988233443Z
,robo,0,2026-03-05T16:57:03.801403169Z
,robo,0,2026-03-05T17:02:04.451421082Z
,robo,0,2026-03-05T17:07:04.988510007Z
,robo,0,2026-03-05T17:12:05.646541754Z
,robo,0,2026-03-05T17:17:06.795138855Z
,robo,0,2026-03-05T17:22:07.454034068Z
,robo,0,2026-03-05T17:27:08.004707673Z
,robo,0,2026-03-05T17:32:08.654682476Z
,robo,0,2026-03-05T17:37:09.398655278Z
,robo,0,2026-03-05T17:42:09.955057963Z
,robo,0,2026-03-05T17:47:10.605248893Z
,robo,0,2026-03-05T17:52:11.246863538Z
,robo,0,2026-03-05T17:57:11.903569471Z
,robo,0,2026-03-05T18:02:12.545245333Z
,robo,0,2026-03-05T18:07:13.104210176Z
,robo,0,2026-03-05T18:12:13.761675008Z
,robo,0,2026-03-05T18:17:14.505732591Z
,robo,0,2026-03-05T18:22:15.0587316Z
,robo,0,2026-03-05T18:27:15.695443307Z
,robo,0,2026-03-05T18:32:16.359573856Z
,robo,0,2026-03-05T18:37:17.120504601Z
,robo,0,2026-03-05T18:42:17.653448967Z
,robo,1,2026-03-05T18:47:18.302677302Z
,robo,0,2026-03-05T18:52:19.052936042Z
,robo,2,2026-03-05T18:57:19.714796538Z
,robo,0,2026-03-05T19:02:20.354049061Z
,robo,0,2026-03-05T19:07:21.00351897Z
,robo,0,2026-03-05T19:12:21.653466872Z
,robo,0,2026-03-05T19:17:22.299471636Z
,robo,2,2026-03-05T19:22:22.949905956Z
,robo,0,2026-03-05T19:27:23.472482454Z
,robo,0,2026-03-05T19:32:24.155921372Z
,robo,0,2026-03-05T19:37:24.907562454Z
,robo,0,2026-03-05T19:42:25.452682615Z
,robo,0,2026-03-05T19:47:26.53636604Z
,robo,0,2026-03-05T19:52:27.282637928Z
,robo,0,2026-03-05T19:57:27.914696953Z
,robo,0,2026-03-05T20:02:28.465407882Z
,robo,0,2026-03-05T20:07:29.11386724Z
,robo,0,2026-03-05T20:12:29.760419601Z
,robo,0,2026-03-05T20:17:30.416231389Z
,robo,0,2026-03-05T20:22:30.966934285Z
,robo,0,2026-03-05T20:27:31.615127824Z
,robo,0,2026-03-05T20:32:32.262763807Z
,robo,0,2026-03-05T20:37:32.914358105Z
,robo,0,2026-03-05T20:42:33.453974377Z
,robo,0,2026-03-05T20:47:34.104169224Z
,robo,0,2026-03-05T20:52:34.753941344Z
,robo,0,2026-03-05T20:57:35.405013998Z
,robo,0,2026-03-05T21:02:35.953018602Z
,robo,0,2026-03-05T21:07:36.604261988Z
,robo,0,2026-03-05T21:12:37.252724828Z
,robo,0,2026-03-05T21:17:37.903301685Z
,robo,0,2026-03-05T21:22:38.556000177Z
,robo,0,2026-03-05T21:27:39.203335122Z
,robo,0,2026-03-05T21:32:39.845883237Z
,robo,0,2026-03-05T21:37:40.503993909Z
,robo,0,2026-03-05T21:42:41.15388957Z
,robo,0,2026-03-05T21:47:41.694615472Z
,robo,0,2026-03-05T21:52:42.359659782Z
,robo,0,2026-03-05T21:57:43.004466018Z
,robo,0,2026-03-05T22:02:43.654758839Z
,robo,0,2026-03-05T22:07:44.308864197Z
,robo,0,2026-03-05T22:12:44.952424938Z
,robo,0,2026-03-05T22:17:46.113699508Z
,robo,0,2026-03-05T22:22:46.774286228Z
,robo,0,2026-03-05T22:27:47.423421923Z
,robo,0,2026-03-05T22:32:48.06743744Z
,robo,0,2026-03-05T22:37:48.720235947Z
,robo,0,2026-03-05T22:42:49.365736776Z
,robo,0,2026-03-05T22:47:50.008435802Z
,robo,0,2026-03-05T22:52:50.668739112Z
,robo,0,2026-03-05T22:57:51.423267765Z
,robo,0,2026-03-05T23:02:52.074856032Z
,robo,0,2026-03-05T23:07:52.623247626Z
,robo,0,2026-03-05T23:12:53.56492082Z
,robo,0,2026-03-05T23:17:54.223797865Z
,robo,0,2026-03-05T23:22:54.774458675Z
,robo,0,2026-03-05T23:27:55.353657916Z
,robo,0,2026-03-05T23:32:56.080212102Z
,robo,0,2026-03-05T23:37:56.72948562Z
,robo,0,2026-03-05T23:42:57.373508117Z
,robo,0,2026-03-05T23:47:58.027500558Z
,robo,0,2026-03-05T23:52:58.673527985Z
,robo,0,2026-03-05T23:57:59.259412361Z
,robo,0,2026-03-06T00:02:59.974144625Z
,robo,0,2026-03-06T00:08:00.626507752Z
,robo,0,2026-03-06T00:13:01.275860127Z
,robo,0,2026-03-06T00:18:01.923716607Z
,robo,0,2026-03-06T00:23:02.67912131Z
,robo,0,2026-03-06T00:28:03.324802997Z
,robo,0,2026-03-06T00:33:03.984672487Z
,robo,0,2026-03-06T00:38:04.729518472Z
,robo,0,2026-03-06T00:43:05.390200024Z
,robo,0,2026-03-06T00:48:06.553844373Z
,robo,0,2026-03-06T00:53:07.196835047Z
,robo,0,2026-03-06T00:58:07.835981282Z
,robo,0,2026-03-06T01:03:08.492822678Z
,robo,0,2026-03-06T01:08:09.148558826Z
,robo,0,2026-03-06T01:13:09.796599091Z
,robo,0,2026-03-06T01:18:10.444806906Z
,robo,0,2026-03-06T01:23:11.192854071Z
,robo,0,2026-03-06T01:28:11.837432238Z
,robo,0,2026-03-06T01:33:12.494175446Z
,robo,0,2026-03-06T01:38:13.148089824Z
,robo,0,2026-03-06T01:43:13.69721692Z
,robo,0,2026-03-06T01:48:14.356669826Z
,robo,0,2026-03-06T01:53:14.985162976Z
,robo,0,2026-03-06T01:58:15.650480692Z
,robo,0,2026-03-06T02:03:16.298420914Z
,robo,0,2026-03-06T02:08:16.958618127Z
,robo,0,2026-03-06T02:13:17.598917079Z
,robo,0,2026-03-06T02:38:20.758169701Z
,robo,0,2026-03-06T02:48:22.0390969Z
,robo,0,2026-03-06T03:03:24.098478414Z
,robo,0,2026-03-06T03:18:26.559143677Z
,robo,0,2026-03-06T03:43:29.715866232Z
,robo,0,2026-03-06T04:23:35.223695858Z
,robo,0,2026-03-06T04:28:35.858972372Z
,robo,0,2026-03-06T04:33:36.307554786Z
,robo,0,2026-03-06T04:38:37.059463418Z
,robo,0,2026-03-06T04:43:37.617217772Z
,robo,0,2026-03-06T04:48:38.353012205Z
,robo,0,2026-03-06T04:53:39.008333698Z
,robo,0,2026-03-06T04:58:39.658059688Z
,robo,0,2026-03-06T05:03:40.318388304Z
,robo,0,2026-03-06T05:08:40.969401237Z
,robo,0,2026-03-06T05:13:41.607754985Z
,robo,0,2026-03-06T05:18:42.258851141Z
,robo,0,2026-03-06T05:23:43.010377194Z
,robo,0,2026-03-06T05:28:43.668757736Z
,robo,0,2026-03-06T05:33:44.211895956Z
,robo,0,2026-03-06T05:38:44.879971901Z
,robo,0,2026-03-06T05:43:45.616964564Z
,robo,0,2026-03-06T05:48:46.770987897Z
,robo,0,2026-03-06T05:53:47.446230322Z
,robo,0,2026-03-06T05:58:48.178776478Z
,robo,0,2026-03-06T06:03:48.827516308Z
,robo,0,2026-03-06T06:08:49.367924834Z
,robo,0,2026-03-06T06:13:50.247396614Z
,robo,0,2026-03-06T06:18:50.66713958Z
,robo,0,2026-03-06T06:23:51.420857674Z
,robo,0,2026-03-06T06:28:52.189703016Z
,robo,0,2026-03-06T06:33:52.727165931Z
,robo,0,2026-03-06T06:38:53.378833915Z
,robo,0,2026-03-06T06:43:54.120642367Z
,robo,0,2026-03-06T06:48:54.888688291Z
,robo,0,2026-03-06T06:53:55.537659361Z
,robo,0,2026-03-06T06:58:56.07865864Z
,robo,2,2026-03-06T07:03:56.728716781Z
,robo,1,2026-03-06T07:08:57.387475166Z
,robo,0,2026-03-06T07:13:58.022598965Z
,robo,1,2026-03-06T07:18:58.677458902Z
,robo,0,2026-03-06T07:23:59.544103938Z
,robo,0,2026-03-06T07:29:00.288542743Z
,robo,0,2026-03-06T07:34:00.847202801Z
,robo,1,2026-03-06T07:39:01.596663705Z
,robo,0,2026-03-06T07:44:02.238974164Z
,robo,2,2026-03-06T07:49:02.88742337Z
,robo,0,2026-03-06T07:54:03.538824226Z
,robo,0,2026-03-06T07:59:04.188306803Z
,robo,0,2026-03-06T08:04:04.737372508Z
,robo,0,2026-03-06T08:09:05.387791786Z
,robo,1,2026-03-06T08:14:06.122805239Z
,robo,0,2026-03-06T08:19:07.213263327Z
,robo,0,2026-03-06T08:24:07.846913515Z
,robo,0,2026-03-06T08:29:08.399260333Z
,robo,1,2026-03-06T08:34:09.047900692Z
,robo,0,2026-03-06T08:39:09.698321065Z
,robo,0,2026-03-06T08:44:10.349606547Z
,robo,7,2026-03-06T08:49:10.997976788Z
,robo,0,2026-03-06T08:54:11.548566614Z
,robo,3,2026-03-06T08:59:12.298117533Z
,robo,0,2026-03-06T09:04:12.955916597Z
,robo,0,2026-03-06T09:09:13.598386917Z
,robo,0,2026-03-06T09:14:14.038578039Z
,robo,0,2026-03-06T09:19:14.681398589Z
,robo,2,2026-03-06T09:24:15.349585916Z
,robo,0,2026-03-06T09:29:16.01263013Z
,robo,0,2026-03-06T09:34:16.747710336Z
,robo,1,2026-03-06T09:39:17.387389441Z
,robo,0,2026-03-06T09:44:17.937977481Z
,robo,1,2026-03-06T09:49:18.602490712Z
,robo,2,2026-03-06T09:54:19.238868334Z
,robo,1,2026-03-06T09:59:19.799203329Z
,robo,0,2026-03-06T10:04:20.443146183Z
,robo,2,2026-03-06T10:09:21.090233794Z
,robo,1,2026-03-06T10:14:21.732558441Z
,robo,1,2026-03-06T10:19:22.393913608Z
,robo,0,2026-03-06T10:24:22.844733443Z
,robo,2,2026-03-06T10:29:23.608854647Z
,robo,3,2026-03-06T10:34:24.265049184Z
,robo,4,2026-03-06T10:39:24.888817696Z
,robo,0,2026-03-06T10:44:25.561093334Z
,robo,0,2026-03-06T10:49:26.699447519Z
,robo,1,2026-03-06T10:54:27.448594048Z
,robo,0,2026-03-06T10:59:28.106867407Z
,robo,0,2026-03-06T11:04:28.750333474Z
,robo,0,2026-03-06T11:09:29.397087594Z
,robo,0,2026-03-06T11:14:29.959575261Z
,robo,0,2026-03-06T11:19:30.600182197Z
,robo,0,2026-03-06T11:24:31.248199806Z
,robo,0,2026-03-06T11:29:31.991376631Z
,robo,1,2026-03-06T11:34:32.659688582Z
,robo,2,2026-03-06T11:39:33.208577627Z
,robo,1,2026-03-06T11:44:33.952668938Z
,robo,4,2026-03-06T11:49:34.598458142Z
,robo,0,2026-03-06T11:54:35.263470716Z
,robo,0,2026-03-06T11:59:35.896196902Z
,robo,0,2026-03-06T12:04:36.452100764Z
,robo,0,2026-03-06T12:09:37.201117387Z
,robo,1,2026-03-06T12:14:37.741911155Z
,robo,0,2026-03-06T12:19:38.353199642Z
,robo,0,2026-03-06T12:24:39.048042408Z
,robo,0,2026-03-06T12:29:39.637106991Z
,robo,0,2026-03-06T12:34:40.460330898Z
,robo,2,2026-03-06T12:39:40.992312789Z
,robo,1,2026-03-06T12:44:41.768308293Z
,robo,1,2026-03-06T12:49:42.405127545Z
,robo,1,2026-03-06T12:54:43.057645156Z
,robo,1,2026-03-06T12:59:43.693864309Z
,robo,1,2026-03-06T13:04:44.451434431Z
,robo,1,2026-03-06T13:09:45.002715587Z
,robo,0,2026-03-06T13:14:45.646116534Z
,robo,0,2026-03-06T13:19:46.833036297Z
,robo,3,2026-03-06T13:24:47.459142621Z
,robo,0,2026-03-06T13:29:48.119541842Z
,robo,0,2026-03-06T13:34:48.711703543Z
,robo,0,2026-03-06T13:39:49.353527482Z
,robo,1,2026-03-06T13:44:50.079753905Z
,robo,0,2026-03-06T13:49:50.723110675Z
,robo,0,2026-03-06T13:54:51.373751814Z
,robo,0,2026-03-06T13:59:52.024115981Z
,robo,3,2026-03-06T14:04:52.67092921Z
,robo,1,2026-03-06T14:09:53.345304393Z
,robo,0,2026-03-06T14:14:53.985262793Z
,robo,0,2026-03-06T14:19:54.609519478Z
,robo,1,2026-03-06T14:24:55.2691014Z
,robo,1,2026-03-06T14:29:55.915913884Z
,robo,0,2026-03-06T14:34:56.459793689Z
,robo,0,2026-03-06T14:39:57.222855497Z
,robo,1,2026-03-06T14:44:57.867547864Z
,robo,1,2026-03-06T14:49:58.523444248Z
,robo,4,2026-03-06T14:54:59.191692982Z
,robo,2,2026-03-06T14:59:59.811043418Z
,robo,1,2026-03-06T15:05:00.468941108Z
,robo,0,2026-03-06T15:10:01.112338973Z
,robo,0,2026-03-06T15:15:01.889174376Z
,robo,0,2026-03-06T15:20:02.519714643Z
,robo,1,2026-03-06T15:25:03.073704021Z
,robo,0,2026-03-06T15:30:03.827247177Z
,robo,0,2026-03-06T15:35:04.374970644Z
,robo,0,2026-03-06T15:40:05.122453063Z
,robo,0,2026-03-06T15:45:05.768574751Z
,robo,0,2026-03-06T15:50:07.039659703Z
,robo,0,2026-03-06T15:55:07.790489893Z
,robo,0,2026-03-06T16:00:08.440056721Z
,robo,0,2026-03-06T16:05:09.096524157Z
,robo,0,2026-03-06T16:10:09.747523256Z
,robo,0,2026-03-06T16:15:10.39377336Z
,robo,0,2026-03-06T16:20:11.040485873Z
,robo,0,2026-03-06T16:25:11.679805753Z
,robo,0,2026-03-06T16:30:12.339673116Z
,robo,3,2026-03-06T16:35:12.999835049Z
,robo,0,2026-03-06T16:40:13.541475898Z
,robo,3,2026-03-06T16:45:14.392759753Z
,robo,4,2026-03-06T16:50:15.039460682Z
,robo,0,2026-03-06T16:55:15.590706056Z
,robo,0,2026-03-06T17:00:16.240933932Z
,robo,0,2026-03-06T17:05:16.894433388Z
,robo,0,2026-03-06T17:10:17.543689538Z
,robo,0,2026-03-06T17:15:18.200968713Z
,robo,0,2026-03-06T17:20:18.750317559Z
,robo,0,2026-03-06T17:25:19.389301622Z
,robo,0,2026-03-06T17:30:20.04232301Z
,robo,0,2026-03-06T17:35:20.797918461Z
,robo,0,2026-03-06T17:40:21.33913425Z
,robo,0,2026-03-06T17:45:22.10068162Z
,robo,0,2026-03-06T17:50:22.749002658Z
,robo,0,2026-03-06T17:55:23.288827997Z
,robo,0,2026-03-06T18:00:23.940082844Z
,robo,0,2026-03-06T18:05:24.590098738Z
,robo,0,2026-03-06T18:10:25.237905653Z
,robo,0,2026-03-06T18:15:25.904923626Z
,robo,0,2026-03-06T18:20:27.048093212Z
,robo,0,2026-03-06T18:25:27.810813206Z
,robo,0,2026-03-06T18:30:28.350277577Z
,robo,0,2026-03-06T18:35:29.111786491Z
,robo,0,2026-03-06T18:40:29.768254245Z
,robo,0,2026-03-06T18:45:30.408583827Z
,robo,0,2026-03-06T18:50:31.06949042Z
,robo,0,2026-03-06T18:55:31.526156761Z
,robo,0,2026-03-06T19:00:32.268362157Z
,robo,0,2026-03-06T19:05:32.901718806Z
,robo,0,2026-03-06T19:10:33.550057509Z
,robo,0,2026-03-06T19:15:34.207629189Z
,robo,0,2026-03-06T19:20:34.851576411Z
,robo,0,2026-03-06T19:25:35.498370277Z
,robo,0,2026-03-06T19:30:36.042810801Z
,robo,0,2026-03-06T19:35:36.799156002Z
,robo,0,2026-03-06T19:40:37.448528409Z
,robo,0,2026-03-06T19:45:38.109221816Z
,robo,0,2026-03-06T19:50:38.649051217Z
,robo,0,2026-03-06T19:55:39.297100921Z
,robo,0,2026-03-06T20:00:39.948977439Z
,robo,0,2026-03-06T20:05:40.600733793Z
,robo,0,2026-03-06T20:10:41.244274146Z
,robo,0,2026-03-06T20:15:41.898758008Z
,robo,0,2026-03-06T20:20:42.563327143Z
,robo,0,2026-03-06T20:25:43.202517578Z
,robo,0,2026-03-06T20:30:43.951943152Z
,robo,0,2026-03-06T20:35:44.598883742Z
,robo,0,2026-03-06T20:40:45.147621618Z
,robo,0,2026-03-06T20:45:45.799318943Z
,robo,0,2026-03-06T20:50:47.090144396Z
,robo,0,2026-03-06T20:55:47.611046583Z
,robo,0,2026-03-06T21:00:48.261237176Z
,robo,0,2026-03-06T21:05:48.907628782Z
,robo,0,2026-03-06T21:10:49.556530538Z
,robo,0,2026-03-06T21:15:50.230016695Z
,robo,0,2026-03-06T21:20:50.85382754Z
,robo,0,2026-03-06T21:25:51.5079119Z
,robo,0,2026-03-06T21:30:52.15955525Z
,robo,0,2026-03-06T21:35:52.657532016Z
,robo,0,2026-03-06T21:40:53.457517229Z
,robo,0,2026-03-06T21:45:54.108554341Z
,robo,0,2026-03-06T21:50:54.66066505Z
,robo,0,2026-03-06T21:55:55.307600044Z
,robo,0,2026-03-06T22:00:55.969665415Z
,robo,0,2026-03-06T22:05:56.619231425Z
,robo,0,2026-03-06T22:10:57.268977637Z
,robo,0,2026-03-06T22:15:57.816081937Z
,robo,0,2026-03-06T22:20:58.560590612Z
,robo,0,2026-03-06T22:25:59.209454028Z
,robo,0,2026-03-06T22:30:59.874665051Z
,robo,0,2026-03-06T22:36:00.521895834Z
,robo,0,2026-03-06T22:41:01.158861313Z
,robo,0,2026-03-06T22:46:01.918461563Z
,robo,0,2026-03-06T22:51:02.568574873Z
,robo,0,2026-03-06T22:56:03.226585831Z
,robo,0,2026-03-06T23:06:27.757190993Z
,robo,0,2026-03-06T23:11:28.40058835Z
,robo,0,2026-03-06T23:16:29.062000691Z
,robo,0,2026-03-06T23:21:30.436786466Z
,robo,0,2026-03-06T23:26:30.978249994Z
,robo,0,2026-03-06T23:31:31.844661532Z
,robo,0,2026-03-06T23:36:32.480421943Z
,robo,0,2026-03-06T23:41:33.12763485Z
,robo,0,2026-03-06T23:46:33.882930861Z
,robo,0,2026-03-06T23:51:34.435950845Z
,robo,0,2026-03-06T23:56:35.189389075Z
,robo,0,2026-03-07T00:01:35.842391956Z
,robo,0,2026-03-07T00:06:36.383249045Z
,robo,0,2026-03-07T00:11:37.137940431Z
,robo,0,2026-03-07T00:16:37.876206411Z
,robo,0,2026-03-07T00:21:38.538567723Z
,robo,0,2026-03-07T00:26:39.196140265Z
,robo,0,2026-03-07T00:31:39.824582935Z
,robo,0,2026-03-07T00:36:40.478941853Z
,robo,0,2026-03-07T00:41:41.148824954Z
,robo,0,2026-03-07T00:46:41.781105417Z
,robo,0,2026-03-07T00:51:42.538250934Z
,robo,0,2026-03-07T00:56:43.188819423Z
,robo,0,2026-03-07T01:01:43.738688154Z
,robo,0,2026-03-07T01:06:44.475588318Z
,robo,0,2026-03-07T01:11:45.137696788Z
,robo,0,2026-03-07T01:16:45.787760044Z
,robo,0,2026-03-07T01:21:46.3305144Z
,robo,0,2026-03-07T01:26:46.988861747Z
,robo,0,2026-03-07T01:31:47.535772114Z
,robo,0,2026-03-07T01:36:48.290729092Z
,robo,0,2026-03-07T01:41:48.9281206Z
,robo,0,2026-03-07T01:46:49.587507864Z
,robo,0,2026-03-07T01:51:50.737863366Z
,robo,0,2026-03-07T01:56:51.301117836Z
,robo,0,2026-03-07T02:01:51.949900873Z
,robo,0,2026-03-07T02:06:52.599788609Z
,robo,0,2026-03-07T02:11:53.249504563Z
,robo,0,2026-03-07T02:16:53.898596571Z
,robo,0,2026-03-07T02:21:54.478306371Z
,robo,0,2026-03-07T02:26:55.197838779Z
,robo,0,2026-03-07T02:31:55.836643819Z
,robo,0,2026-03-07T02:36:56.506903948Z
,robo,0,2026-03-07T02:41:57.149626899Z
,robo,0,2026-03-07T02:46:57.706153213Z
,robo,0,2026-03-07T02:51:58.347807203Z
,robo,0,2026-03-07T02:56:59.209621918Z
,robo,0,2026-03-07T03:01:59.639431718Z
,robo,0,2026-03-07T03:07:00.306098777Z
,robo,0,2026-03-07T03:12:00.939233062Z
,robo,0,2026-03-07T03:17:01.699558774Z
,robo,0,2026-03-07T03:22:02.336246324Z
,robo,0,2026-03-07T03:27:02.997847545Z
,robo,0,2026-03-07T03:32:03.653246986Z
,robo,0,2026-03-07T03:37:04.298247374Z
,robo,0,2026-03-07T03:42:04.955892183Z
,robo,0,2026-03-07T03:47:05.598182097Z
,robo,0,2026-03-07T03:52:06.248193817Z
,robo,0,2026-03-07T03:57:07.311790159Z
,robo,0,2026-03-07T04:02:07.960081199Z
,robo,0,2026-03-07T04:07:08.499146012Z
,robo,0,2026-03-07T04:12:09.057399568Z
,robo,0,2026-03-07T04:17:09.706236309Z
,robo,0,2026-03-07T04:22:10.868694363Z
,robo,0,2026-03-07T04:27:11.509371828Z
,robo,0,2026-03-07T04:32:12.165921927Z
,robo,0,2026-03-07T04:37:12.905387223Z
,robo,0,2026-03-07T04:42:13.459235883Z
,robo,0,2026-03-07T04:47:14.218637033Z
,robo,0,2026-03-07T04:52:14.758784123Z
,robo,0,2026-03-07T04:57:15.518351014Z
,robo,0,2026-03-07T05:02:16.16856995Z
,robo,0,2026-03-07T05:07:16.819536244Z
,robo,0,2026-03-07T05:12:17.455431219Z
,robo,0,2026-03-07T05:17:17.909121638Z
,robo,0,2026-03-07T05:22:18.558417218Z
,robo,0,2026-03-07T05:27:19.218154472Z
,robo,0,2026-03-07T05:32:19.88227353Z
,robo,0,2026-03-07T05:37:20.401105593Z
,robo,0,2026-03-07T05:42:21.05761633Z
,robo,0,2026-03-07T05:47:21.71057342Z
,robo,0,2026-03-07T05:52:22.357997744Z
,robo,0,2026-03-07T05:57:23.00797364Z
,robo,0,2026-03-07T06:02:23.648990255Z
,robo,0,2026-03-07T06:07:24.308508408Z
,robo,0,2026-03-07T06:12:24.95834876Z
,robo,0,2026-03-07T06:17:25.600227081Z
,robo,0,2026-03-07T06:22:26.358376131Z
,robo,0,2026-03-07T06:27:26.907997388Z
,robo,0,2026-03-07T06:32:27.460930073Z
,robo,0,2026-03-07T06:37:28.318531691Z
,robo,0,2026-03-07T06:42:28.758668749Z
,robo,0,2026-03-07T06:47:29.6198147Z
,robo,0,2026-03-07T06:52:30.898564474Z
,robo,0,2026-03-07T06:57:31.536893178Z
,robo,0,2026-03-07T07:02:32.177976827Z
,robo,0,2026-03-07T07:07:32.828196935Z
,robo,0,2026-03-07T07:12:33.580372289Z
,robo,0,2026-03-07T07:17:34.22708546Z
,robo,0,2026-03-07T07:22:34.881139312Z
,robo,0,2026-03-07T07:27:35.535985745Z
,robo,0,2026-03-07T07:32:36.186387245Z
,robo,0,2026-03-07T07:37:36.94160761Z
,robo,0,2026-03-07T07:42:37.588750907Z
,robo,0,2026-03-07T07:47:38.222789559Z
,robo,0,2026-03-07T07:52:38.89115972Z
,robo,0,2026-03-07T07:57:39.539887102Z
,robo,0,2026-03-07T08:02:40.18819339Z
,robo,0,2026-03-07T08:07:40.72829651Z
,robo,0,2026-03-07T08:12:41.380331953Z
,robo,0,2026-03-07T08:17:42.037786823Z
,robo,0,2026-03-07T08:22:42.67853529Z
,robo,0,2026-03-07T08:27:43.328911305Z
,robo,0,2026-03-07T08:32:44.189749328Z
,robo,0,2026-03-07T08:37:44.738439423Z
,robo,0,2026-03-07T08:42:45.293377935Z
,robo,0,2026-03-07T08:47:45.938471882Z
,robo,0,2026-03-07T08:52:46.612843409Z
,robo,0,2026-03-07T08:57:47.250694472Z
,robo,0,2026-03-07T09:02:47.878346375Z
,robo,0,2026-03-07T09:07:48.534887565Z
,robo,0,2026-03-07T09:12:49.180540293Z
,robo,0,2026-03-07T09:17:49.828616433Z
,robo,0,2026-03-07T09:22:51.106058185Z
,robo,0,2026-03-07T09:27:51.638824354Z
,robo,0,2026-03-07T09:32:52.28887221Z
,robo,0,2026-03-07T09:37:52.937692624Z
,robo,0,2026-03-07T09:42:53.496133621Z
,robo,0,2026-03-07T09:47:54.138606184Z
,robo,0,2026-03-07T09:52:54.77966003Z
,robo,0,2026-03-07T09:57:55.437842885Z
,robo,0,2026-03-07T10:02:56.08821715Z
,robo,0,2026-03-07T10:07:56.848992871Z
,robo,0,2026-03-07T10:12:57.388082699Z
,robo,0,2026-03-07T10:17:58.137796121Z
,robo,0,2026-03-07T10:22:58.787326629Z
,robo,0,2026-03-07T10:27:59.331673845Z
,robo,0,2026-03-07T10:32:59.887710825Z
,robo,0,2026-03-07T10:38:00.53949319Z
,robo,0,2026-03-07T10:43:01.1895093Z
,robo,0,2026-03-07T10:48:01.840939882Z
,robo,0,2026-03-07T10:53:02.48802148Z
,robo,0,2026-03-07T10:58:03.026397365Z
,robo,0,2026-03-07T11:03:03.587939549Z
,robo,0,2026-03-07T11:08:04.228265041Z
,robo,0,2026-03-07T11:13:04.887605104Z
,robo,0,2026-03-07T11:18:05.638327609Z
,robo,0,2026-03-07T11:23:06.30062365Z
,robo,0,2026-03-07T11:28:06.938996677Z
,robo,0,2026-03-07T11:33:07.584817367Z
,robo,0,2026-03-07T11:38:08.237971616Z
,robo,0,2026-03-07T11:43:08.888801414Z
,robo,0,2026-03-07T11:48:09.538259992Z
,robo,0,2026-03-07T11:53:10.699504188Z
,robo,0,2026-03-07T11:58:11.347778928Z
,robo,0,2026-03-07T12:03:11.9937843Z
,robo,0,2026-03-07T12:08:12.957508545Z
,robo,0,2026-03-07T12:13:13.609685703Z
,robo,0,2026-03-07T12:18:14.360299144Z
,robo,0,2026-03-07T12:23:15.008125501Z
,robo,0,2026-03-07T12:28:15.558587361Z
,robo,0,2026-03-07T12:33:16.2169321Z
,robo,0,2026-03-07T12:38:16.868545352Z
,robo,0,2026-03-07T12:43:17.501440558Z
,robo,0,2026-03-07T12:48:18.158140774Z
,robo,0,2026-03-07T12:53:18.810586616Z
,robo,0,2026-03-07T12:58:19.487395933Z
,robo,0,2026-03-07T13:03:20.115583692Z
,robo,0,2026-03-07T13:08:20.758437398Z
,robo,0,2026-03-07T13:13:21.316347854Z
,robo,0,2026-03-07T13:18:21.968297303Z
,robo,0,2026-03-07T13:23:22.625077004Z
,robo,0,2026-03-07T13:28:23.259884196Z
,robo,0,2026-03-07T13:33:23.907799148Z
,robo,0,2026-03-07T13:38:24.441328401Z
,robo,0,2026-03-07T13:43:24.998193742Z
,robo,0,2026-03-07T13:48:25.656347497Z
,robo,0,2026-03-07T13:53:26.311294559Z
,robo,0,2026-03-07T13:58:26.948744386Z
,robo,0,2026-03-07T14:03:27.605015443Z
,robo,0,2026-03-07T14:08:28.244347736Z
,robo,0,2026-03-07T14:13:28.898338972Z
,robo,0,2026-03-07T14:18:29.556381764Z
,robo,0,2026-03-07T14:23:30.817720978Z
,robo,0,2026-03-07T14:28:31.266733341Z
,robo,0,2026-03-07T14:33:32.12080416Z
,robo,0,2026-03-07T14:38:32.767795943Z
,robo,0,2026-03-07T14:43:33.201329515Z
,robo,0,2026-03-07T14:48:33.857406132Z
,robo,0,2026-03-07T14:53:34.50860339Z
,robo,0,2026-03-07T14:58:35.159947267Z
,robo,0,2026-03-07T15:03:35.727619847Z
,robo,0,2026-03-07T15:08:36.576759587Z
,robo,0,2026-03-07T15:13:37.227144718Z
,robo,0,2026-03-07T15:18:37.876314842Z
,robo,0,2026-03-07T15:23:38.41619811Z
,robo,0,2026-03-07T15:28:39.167915723Z
,robo,0,2026-03-07T15:33:39.708601413Z
,robo,0,2026-03-07T15:38:40.35902777Z
,robo,0,2026-03-07T15:43:41.005900666Z
,robo,0,2026-03-07T15:48:41.65551273Z
,robo,0,2026-03-07T15:53:42.308213216Z
,robo,0,2026-03-07T15:58:43.176050093Z
,robo,0,2026-03-07T16:03:43.6095433Z
,robo,0,2026-03-07T16:08:44.359760773Z
,robo,0,2026-03-07T16:13:45.00834358Z
,robo,0,2026-03-07T16:18:45.659853833Z
,robo,0,2026-03-07T16:23:46.305343876Z
,robo,0,2026-03-07T16:28:47.166424134Z
,robo,0,2026-03-07T16:33:47.626545529Z
,robo,0,2026-03-07T16:38:48.276286421Z
,robo,0,2026-03-07T16:43:48.930872018Z
,robo,0,2026-03-07T16:48:49.578567301Z
,robo,0,2026-03-07T16:53:50.828246866Z
,robo,0,2026-03-07T16:58:51.477772382Z
,robo,0,2026-03-07T17:03:51.93844474Z
,robo,0,2026-03-07T17:08:52.567466682Z
,robo,0,2026-03-07T17:13:53.227853828Z
,robo,0,2026-03-07T17:18:53.870171931Z
,robo,0,2026-03-07T17:23:54.636674812Z
,robo,0,2026-03-07T17:28:55.278334148Z
,robo,0,2026-03-07T17:33:55.827629489Z
,robo,0,2026-03-07T17:38:56.565830415Z
,robo,0,2026-03-07T17:43:57.233430761Z
,robo,0,2026-03-07T17:48:57.879250851Z
,robo,0,2026-03-07T17:53:58.528838375Z
,robo,0,2026-03-07T17:58:59.279156699Z
,robo,0,2026-03-07T18:03:59.925409735Z
,robo,0,2026-03-07T18:09:00.512057653Z
,robo,0,2026-03-07T18:14:01.229773856Z
,robo,0,2026-03-07T18:19:01.889057537Z
,robo,0,2026-03-07T18:24:02.637870323Z
,robo,0,2026-03-07T18:29:03.278365248Z
,robo,0,2026-03-07T18:34:03.920282473Z
,robo,0,2026-03-07T18:39:04.697327878Z
,robo,0,2026-03-07T18:44:05.236203763Z
,robo,0,2026-03-07T18:49:06.003506575Z
,robo,0,2026-03-07T18:54:06.629770707Z
,robo,0,2026-03-07T18:59:07.390228939Z
,robo,0,2026-03-07T19:04:08.037960112Z
,robo,0,2026-03-07T19:09:08.688388033Z
,robo,0,2026-03-07T19:14:09.239864113Z
,robo,0,2026-03-07T19:19:10.200423274Z
,robo,0,2026-03-07T19:24:11.26003094Z
,robo,0,2026-03-07T19:29:11.916314954Z
,robo,0,2026-03-07T19:34:12.759652155Z
,robo,0,2026-03-07T19:39:13.217650114Z
,robo,0,2026-03-07T19:44:13.866424811Z
,robo,0,2026-03-07T19:49:14.507815913Z
,robo,0,2026-03-07T19:54:15.147861633Z
,robo,0,2026-03-07T19:59:15.758137302Z
,robo,0,2026-03-07T20:04:16.558785812Z
,robo,0,2026-03-07T20:09:17.208803819Z
,robo,0,2026-03-07T20:14:17.733222408Z
,robo,0,2026-03-07T20:19:18.508874878Z
,robo,0,2026-03-07T20:24:19.20064844Z
,robo,0,2026-03-07T20:29:19.795043289Z
,robo,0,2026-03-07T20:34:20.358991602Z
,robo,0,2026-03-07T20:39:21.015716598Z
,robo,0,2026-03-07T20:44:21.885771722Z
,robo,0,2026-03-07T20:49:22.49741583Z
,robo,0,2026-03-07T20:54:22.959452898Z
,robo,0,2026-03-07T20:59:23.808092578Z
,robo,0,2026-03-07T21:04:24.249111851Z
,robo,0,2026-03-07T21:09:24.909017032Z
,robo,0,2026-03-07T21:14:25.729229875Z
,robo,0,2026-03-07T21:19:26.198189596Z
,robo,0,2026-03-07T21:24:26.848343407Z
,robo,0,2026-03-07T21:29:27.398079068Z
,robo,0,2026-03-07T21:34:28.057404843Z
,robo,0,2026-03-07T21:39:28.699310884Z
,robo,0,2026-03-07T21:44:29.478363532Z
,robo,0,2026-03-07T21:49:29.998313579Z
,robo,0,2026-03-07T21:54:31.158744354Z
,robo,0,2026-03-07T21:59:31.718299153Z
,robo,0,2026-03-07T22:04:32.351064324Z
,robo,0,2026-03-07T22:09:33.008246206Z
,robo,0,2026-03-07T22:14:33.659349408Z
,robo,0,2026-03-07T22:19:34.310519878Z
,robo,0,2026-03-07T22:24:34.96699163Z
,robo,0,2026-03-07T22:29:36.380702397Z
,robo,0,2026-03-07T22:34:36.250813852Z
,robo,0,2026-03-07T22:39:36.906908441Z
,robo,0,2026-03-07T22:44:37.550935355Z
,robo,0,2026-03-07T22:49:38.007511747Z
,robo,0,2026-03-07T22:54:38.658840236Z
,robo,0,2026-03-07T22:59:39.295547893Z
,robo,0,2026-03-07T23:04:39.958096095Z
,robo,0,2026-03-07T23:09:40.519937062Z
,robo,0,2026-03-07T23:14:41.146996129Z
,robo,0,2026-03-07T23:19:41.809640629Z
,robo,0,2026-03-07T23:24:42.467388669Z
,robo,0,2026-03-07T23:29:43.108246781Z
,robo,0,2026-03-07T23:34:43.76731269Z
,robo,0,2026-03-07T23:39:44.409629508Z
,robo,0,2026-03-07T23:44:45.057830677Z
,robo,0,2026-03-07T23:49:45.608125316Z
,robo,0,2026-03-07T23:54:46.366112157Z
,robo,0,2026-03-07T23:59:46.903403827Z
,robo,0,2026-03-08T00:04:47.557821609Z
,robo,0,2026-03-08T00:09:48.098016758Z
,robo,0,2026-03-08T00:14:48.749004459Z
,robo,0,2026-03-08T00:19:49.399985192Z
,robo,0,2026-03-08T00:24:50.668336927Z
,robo,0,2026-03-08T00:29:51.32593768Z
,robo,0,2026-03-08T00:34:51.969602362Z
,robo,0,2026-03-08T00:39:52.408975549Z
,robo,0,2026-03-08T00:44:53.065893523Z
,robo,0,2026-03-08T00:49:53.69915719Z
,robo,0,2026-03-08T00:54:54.367092639Z
,robo,0,2026-03-08T00:59:54.818132872Z
,robo,0,2026-03-08T01:04:55.558099832Z
,robo,0,2026-03-08T01:09:56.318209562Z
,robo,0,2026-03-08T01:14:56.974097947Z
,robo,0,2026-03-08T01:19:57.702529159Z
,robo,0,2026-03-08T01:24:58.256868279Z
,robo,0,2026-03-08T01:29:58.90728836Z
,robo,0,2026-03-08T01:34:59.55842766Z
,robo,0,2026-03-08T01:40:00.209526643Z
,robo,0,2026-03-08T01:45:00.867152417Z
,robo,0,2026-03-08T01:50:01.507200316Z
,robo,0,2026-03-08T01:55:02.166190978Z
,robo,0,2026-03-08T02:00:02.918106015Z
,robo,0,2026-03-08T02:05:03.46306092Z
,robo,0,2026-03-08T02:10:04.225608026Z
,robo,0,2026-03-08T02:15:05.266736755Z
,robo,0,2026-03-08T02:20:05.919357825Z
,robo,0,2026-03-08T02:25:06.679461797Z
,robo,0,2026-03-08T02:30:07.328631624Z
,robo,0,2026-03-08T02:35:07.868445415Z
,robo,0,2026-03-08T02:40:08.528820363Z
,robo,0,2026-03-08T02:45:09.178069198Z
,robo,0,2026-03-08T02:50:10.028270441Z
,robo,0,2026-03-08T02:55:11.096898866Z
,robo,0,2026-03-08T03:00:11.737739912Z
,robo,0,2026-03-08T03:05:12.39621835Z
,robo,0,2026-03-08T03:10:13.047338776Z
,robo,0,2026-03-08T03:15:13.682029602Z
,robo,0,2026-03-08T03:20:14.239281075Z
,robo,0,2026-03-08T03:25:14.987534396Z
,robo,0,2026-03-08T03:30:15.638213328Z
,robo,0,2026-03-08T03:35:16.291877815Z
,robo,0,2026-03-08T03:40:16.839796477Z
,robo,0,2026-03-08T03:45:17.718528825Z
,robo,0,2026-03-08T03:50:18.339745572Z
,robo,0,2026-03-08T03:55:18.990768094Z
,robo,0,2026-03-08T04:00:19.638922583Z
,robo,0,2026-03-08T04:05:20.197669126Z
,robo,0,2026-03-08T04:10:20.838310233Z
,robo,0,2026-03-08T04:15:21.488695417Z
,robo,0,2026-03-08T04:20:22.040594584Z
,robo,0,2026-03-08T04:25:22.699533972Z
,robo,0,2026-03-08T04:30:23.238264631Z
,robo,0,2026-03-08T04:35:23.888582477Z
,robo,0,2026-03-08T04:40:24.52804047Z
,robo,0,2026-03-08T04:45:25.201609903Z
,robo,0,2026-03-08T04:50:25.838916706Z
,robo,0,2026-03-08T04:55:26.475258819Z
,robo,0,2026-03-08T05:00:27.126323852Z
,robo,0,2026-03-08T05:05:27.78743223Z
,robo,0,2026-03-08T05:10:28.426402529Z
,robo,0,2026-03-08T05:15:29.095315642Z
,robo,0,2026-03-08T05:20:29.633142048Z
,robo,0,2026-03-08T05:25:30.989219998Z
,robo,0,2026-03-08T05:30:31.450096961Z
,robo,0,2026-03-08T05:35:32.090134918Z
,robo,0,2026-03-08T05:40:32.735352685Z
,robo,0,2026-03-08T05:45:33.398849614Z
,robo,0,2026-03-08T05:50:34.048496847Z
,robo,0,2026-03-08T05:55:34.588955042Z
,robo,0,2026-03-08T06:00:35.139498458Z
,robo,0,2026-03-08T06:05:35.788029577Z
,robo,0,2026-03-08T06:10:36.338378906Z
,robo,0,2026-03-08T06:15:37.09043829Z
,robo,0,2026-03-08T06:20:37.538163146Z
,robo,0,2026-03-08T06:25:38.277160607Z
,robo,0,2026-03-08T06:30:38.838961087Z
,robo,0,2026-03-08T06:35:39.491124363Z
,robo,0,2026-03-08T06:40:40.034858969Z
,robo,0,2026-03-08T06:45:40.688950312Z
,robo,0,2026-03-08T06:50:41.3311558Z
,robo,0,2026-03-08T06:55:41.996030123Z
,robo,0,2026-03-08T07:00:42.627913797Z
,robo,0,2026-03-08T07:05:43.284341548Z
,robo,0,2026-03-08T07:10:43.946371523Z
,robo,0,2026-03-08T07:15:44.588210818Z
,robo,0,2026-03-08T07:20:45.236025577Z
,robo,0,2026-03-08T07:25:45.897588652Z
,robo,0,2026-03-08T07:30:46.547578619Z
,robo,0,2026-03-08T07:35:47.290417397Z
,robo,0,2026-03-08T07:40:47.829082473Z
,robo,0,2026-03-08T07:45:48.588010428Z
,robo,0,2026-03-08T07:50:49.138488017Z
,robo,0,2026-03-08T07:55:50.400074945Z
,robo,0,2026-03-08T08:00:51.148076597Z
,robo,0,2026-03-08T08:05:51.69929329Z
,robo,0,2026-03-08T08:10:52.448519583Z
,robo,0,2026-03-08T08:15:52.998672987Z
,robo,0,2026-03-08T08:20:53.650253994Z
,robo,0,2026-03-08T08:25:54.288982295Z
,robo,0,2026-03-08T08:30:54.949511632Z
,robo,0,2026-03-08T08:35:55.598767107Z
,robo,0,2026-03-08T08:40:56.249584653Z
,robo,0,2026-03-08T08:45:56.906020783Z
,robo,0,2026-03-08T08:50:57.463347173Z
,robo,0,2026-03-08T08:55:58.121358971Z
,robo,0,2026-03-08T09:00:58.848470363Z
,robo,0,2026-03-08T09:05:59.399282147Z
,robo,0,2026-03-08T09:11:00.047263742Z
,robo,0,2026-03-08T09:16:00.697507605Z
,robo,0,2026-03-08T09:21:01.348319098Z
,robo,0,2026-03-08T09:26:02.01859861Z
,robo,0,2026-03-08T09:31:02.649543331Z
,robo,0,2026-03-08T09:36:03.300705408Z
,robo,0,2026-03-08T09:41:03.855482202Z
,robo,0,2026-03-08T09:46:04.598311465Z
,robo,0,2026-03-08T09:51:05.249593072Z
,robo,0,2026-03-08T09:56:05.798036074Z
,robo,0,2026-03-08T10:01:06.337633348Z
,robo,0,2026-03-08T10:06:06.987130584Z
,robo,0,2026-03-08T10:11:07.538321888Z
,robo,0,2026-03-08T10:16:08.219918858Z
,robo,0,2026-03-08T10:21:08.872023205Z
,robo,0,2026-03-08T10:26:10.108943136Z
,robo,0,2026-03-08T10:31:10.685108526Z
,robo,0,2026-03-08T10:36:11.298486576Z
,robo,0,2026-03-08T10:41:12.260984596Z
,robo,0,2026-03-08T10:46:13.001633118Z
,robo,0,2026-03-08T10:51:13.55870625Z
,robo,0,2026-03-08T10:56:14.210881711Z
,robo,0,2026-03-08T11:01:14.867232293Z
,robo,0,2026-03-08T11:06:15.409069771Z
,robo,0,2026-03-08T11:11:16.166394122Z
,robo,0,2026-03-08T11:16:16.71503752Z
,robo,0,2026-03-08T11:21:17.361723604Z
,robo,0,2026-03-08T11:26:18.016215905Z
,robo,0,2026-03-08T11:31:18.649726154Z
,robo,0,2026-03-08T11:36:19.219147416Z
,robo,0,2026-03-08T11:41:19.869485432Z
,robo,0,2026-03-08T11:46:20.512348329Z
,robo,0,2026-03-08T11:51:21.159379Z
,robo,0,2026-03-08T11:56:21.911412106Z
,robo,0,2026-03-08T12:01:22.568759534Z
,robo,0,2026-03-08T12:06:23.119078644Z
,robo,0,2026-03-08T12:11:23.783793403Z
,robo,0,2026-03-08T12:16:24.412847199Z
,robo,0,2026-03-08T12:21:25.260695836Z
,robo,0,2026-03-08T12:26:25.712452971Z
,robo,0,2026-03-08T12:31:26.358466648Z
,robo,0,2026-03-08T12:36:27.010932479Z
,robo,0,2026-03-08T12:41:27.552009475Z
,robo,0,2026-03-08T12:46:28.311688501Z
,robo,0,2026-03-08T12:51:28.946335254Z
,robo,0,2026-03-08T12:56:30.227418144Z
,robo,0,2026-03-08T13:01:30.668319373Z
,robo,0,2026-03-08T13:06:31.519546904Z
,robo,0,2026-03-08T13:11:32.073100759Z
,robo,0,2026-03-08T13:16:32.6266897Z
,robo,0,2026-03-08T13:21:33.368303766Z
,robo,0,2026-03-08T13:26:34.021774296Z
,robo,0,2026-03-08T13:31:34.458103326Z
,robo,0,2026-03-08T13:36:35.112028488Z
,robo,0,2026-03-08T13:41:35.869650153Z
,robo,0,2026-03-08T13:46:36.434687536Z
,robo,0,2026-03-08T13:51:37.075350371Z
,robo,1,2026-03-08T13:56:37.606528071Z
,robo,3,2026-03-08T14:01:38.262022964Z
,robo,1,2026-03-08T14:06:38.906822515Z
,robo,0,2026-03-08T14:11:39.561039751Z
,robo,0,2026-03-08T14:16:40.107198865Z
,robo,3,2026-03-08T14:21:40.752183463Z
,robo,0,2026-03-08T14:26:41.408160041Z
,robo,0,2026-03-08T14:31:42.056791173Z
,robo,0,2026-03-08T14:36:42.708934667Z
,robo,0,2026-03-08T14:41:43.262361289Z
,robo,0,2026-03-08T14:46:43.907751219Z
,robo,1,2026-03-08T14:51:44.55805986Z
,robo,0,2026-03-08T14:56:45.106424502Z
,robo,0,2026-03-08T15:01:45.74638842Z
,robo,0,2026-03-08T15:06:46.409875711Z
,robo,0,2026-03-08T15:11:46.948342479Z
,robo,0,2026-03-08T15:16:47.596677392Z
,robo,0,2026-03-08T15:21:48.148979736Z
,robo,0,2026-03-08T15:26:49.324612697Z
,robo,0,2026-03-08T15:31:49.957321646Z
,robo,0,2026-03-08T15:36:50.507759917Z
,robo,0,2026-03-08T15:41:51.156855397Z
,robo,0,2026-03-08T15:46:51.807640944Z
,robo,0,2026-03-08T15:51:52.356474476Z
,robo,0,2026-03-08T15:56:53.012281078Z
,robo,0,2026-03-08T16:01:53.657688376Z
,robo,0,2026-03-08T16:06:54.203191305Z
,robo,1,2026-03-08T16:11:54.759588936Z
,robo,0,2026-03-08T16:16:55.402614317Z
,robo,0,2026-03-08T16:21:56.058910928Z
,robo,0,2026-03-08T16:26:56.597474964Z
,robo,0,2026-03-08T16:31:57.247715905Z
,robo,0,2026-03-08T16:36:57.786010416Z
,robo,0,2026-03-08T16:41:58.44813639Z
,robo,0,2026-03-08T16:46:59.097753613Z
,robo,0,2026-03-08T16:51:59.64822628Z
,robo,0,2026-03-08T16:57:00.297401307Z
,robo,4,2026-03-08T17:02:00.957245887Z
,robo,0,2026-03-08T17:07:01.596262295Z
,robo,0,2026-03-08T17:12:02.249986516Z
,robo,0,2026-03-08T17:17:02.891537468Z
,robo,0,2026-03-08T17:22:03.441608068Z
,robo,0,2026-03-08T17:27:04.087665404Z
,robo,0,2026-03-08T17:32:04.637515559Z
,robo,0,2026-03-08T17:37:05.290974383Z
,robo,0,2026-03-08T17:42:05.930993063Z
,robo,0,2026-03-08T17:47:06.587048026Z
,robo,0,2026-03-08T17:52:07.236602414Z
,robo,0,2026-03-08T17:57:08.406548348Z
,robo,0,2026-03-08T18:02:08.952065326Z
,robo,0,2026-03-08T18:07:09.6040686Z
,robo,0,2026-03-08T18:12:10.247277186Z
,robo,0,2026-03-08T18:17:10.964201777Z
,robo,0,2026-03-08T18:22:11.548239508Z
,robo,0,2026-03-08T18:27:12.298256942Z
,robo,0,2026-03-08T18:32:12.957774238Z
,robo,0,2026-03-08T18:37:13.60872415Z
,robo,0,2026-03-08T18:42:14.25766001Z
,robo,0,2026-03-08T18:47:14.902621755Z
,robo,0,2026-03-08T18:52:15.559828122Z
,robo,0,2026-03-08T18:57:16.197444389Z
,robo,0,2026-03-08T19:02:16.950014412Z
,robo,0,2026-03-08T19:07:17.61082695Z
,robo,0,2026-03-08T19:12:18.26799149Z
,robo,0,2026-03-08T19:17:19.218837587Z
,robo,0,2026-03-08T19:22:19.867533688Z
,robo,0,2026-03-08T19:27:20.519269842Z
,robo,0,2026-03-08T19:32:21.271131963Z
,robo,0,2026-03-08T19:37:21.962267761Z
,robo,0,2026-03-08T19:42:22.464588935Z
,robo,0,2026-03-08T19:47:23.119157568Z
,robo,0,2026-03-08T19:52:23.758123464Z
,robo,0,2026-03-08T19:57:24.420104003Z
,robo,0,2026-03-08T20:02:25.06867883Z
,robo,0,2026-03-08T20:07:25.723897498Z
,robo,0,2026-03-08T20:12:26.373225796Z
,robo,0,2026-03-08T20:17:27.01827431Z
,robo,0,2026-03-08T20:22:27.667473907Z
,robo,0,2026-03-08T20:27:28.824360971Z
,robo,0,2026-03-08T20:32:29.472823593Z
,robo,0,2026-03-08T20:37:30.135474629Z
,robo,0,2026-03-08T20:42:30.886141754Z
,robo,0,2026-03-08T20:47:31.52763721Z
,robo,0,2026-03-08T20:52:32.169028497Z
,robo,0,2026-03-08T20:57:32.831749591Z
,robo,0,2026-03-08T21:02:33.47811239Z
,robo,0,2026-03-08T21:07:34.118231946Z
,robo,0,2026-03-08T21:12:34.778994586Z
,robo,0,2026-03-08T21:17:35.329199785Z
,robo,0,2026-03-08T21:22:35.878329324Z
,robo,0,2026-03-08T21:27:36.628341686Z
,robo,0,2026-03-08T21:32:37.278729868Z
,robo,0,2026-03-08T21:37:37.927677118Z
,robo,0,2026-03-08T21:42:38.577907483Z
,robo,0,2026-03-08T21:47:39.227903479Z
,robo,0,2026-03-08T21:52:39.879346683Z
,robo,0,2026-03-08T21:57:40.526712393Z
,robo,0,2026-03-08T22:02:41.076704169Z
,robo,0,2026-03-08T22:07:41.727871239Z
,robo,0,2026-03-08T22:12:42.480644671Z
,robo,0,2026-03-08T22:17:43.02336183Z
,robo,0,2026-03-08T22:22:43.678905377Z
,robo,0,2026-03-08T22:27:44.433230943Z
,robo,0,2026-03-08T22:32:45.078916716Z
,robo,0,2026-03-08T22:37:45.724374493Z
,robo,0,2026-03-08T22:42:46.366494764Z
,robo,0,2026-03-08T22:47:47.02874029Z
,robo,0,2026-03-08T22:52:47.677993127Z
,robo,0,2026-03-08T22:57:48.838453699Z
,robo,0,2026-03-08T23:02:49.489303951Z
,robo,0,2026-03-08T23:07:50.138285574Z
,robo,0,2026-03-08T23:12:50.79038906Z
,robo,0,2026-03-08T23:17:51.390183173Z
,robo,0,2026-03-08T23:22:52.087673346Z
,robo,0,2026-03-08T23:27:52.748280891Z
,robo,0,2026-03-08T23:32:53.39222301Z
,robo,0,2026-03-08T23:37:54.038188599Z
,robo,0,2026-03-08T23:42:54.687452934Z
,robo,0,2026-03-08T23:47:55.338101777Z
,robo,0,2026-03-08T23:52:55.992508788Z
,robo,0,2026-03-08T23:57:56.538457709Z
,robo,0,2026-03-09T00:02:57.188516576Z
,robo,0,2026-03-09T00:07:57.948424725Z
,robo,0,2026-03-09T00:12:58.593485744Z
,robo,0,2026-03-09T00:17:59.249458559Z
,robo,0,2026-03-09T00:22:59.887980508Z
,robo,0,2026-03-09T00:28:00.548511547Z
,robo,0,2026-03-09T00:33:01.197351797Z
,robo,0,2026-03-09T00:38:01.839480933Z
,robo,0,2026-03-09T00:43:02.498260826Z
,robo,0,2026-03-09T00:48:03.038400331Z
,robo,0,2026-03-09T00:53:03.687468441Z
,robo,0,2026-03-09T00:58:04.346670155Z
,robo,0,2026-03-09T01:03:04.90252794Z
,robo,0,2026-03-09T01:08:05.547408353Z
,robo,0,2026-03-09T01:13:06.189713629Z
,robo,0,2026-03-09T01:18:06.737889127Z
,robo,0,2026-03-09T01:23:07.388191165Z
,robo,0,2026-03-09T01:28:08.546654474Z
,robo,0,2026-03-09T01:33:09.199339223Z
,robo,0,2026-03-09T01:38:09.848625761Z
,robo,0,2026-03-09T01:43:10.497769839Z
,robo,0,2026-03-09T01:48:11.148371335Z
,robo,0,2026-03-09T01:53:11.80327535Z
,robo,0,2026-03-09T01:58:12.437765431Z
,robo,0,2026-03-09T02:03:13.097649779Z
,robo,0,2026-03-09T02:08:13.747880559Z
,robo,0,2026-03-09T02:13:14.297072045Z
,robo,0,2026-03-09T02:18:14.94889581Z
,robo,0,2026-03-09T02:23:15.58782456Z
,robo,0,2026-03-09T02:28:16.239620483Z
,robo,0,2026-03-09T02:33:16.901226969Z
,robo,0,2026-03-09T02:38:17.537973712Z
,robo,0,2026-03-09T02:43:18.196945545Z
,robo,0,2026-03-09T02:48:18.747666021Z
,robo,0,2026-03-09T02:53:19.287850798Z
,robo,0,2026-03-09T02:58:20.058959792Z
,robo,0,2026-03-09T03:03:20.58745129Z
,robo,0,2026-03-09T03:08:21.23740763Z
,robo,0,2026-03-09T03:13:21.894689844Z
,robo,0,2026-03-09T03:18:22.439415866Z
,robo,0,2026-03-09T03:23:23.098915953Z
,robo,0,2026-03-09T03:28:23.640449082Z
,robo,0,2026-03-09T03:33:24.288027294Z
,robo,0,2026-03-09T03:38:24.934872558Z
,robo,0,2026-03-09T03:43:25.592664407Z
,robo,0,2026-03-09T03:48:26.170947602Z
,robo,0,2026-03-09T03:53:26.887431837Z
,robo,0,2026-03-09T03:58:28.053147874Z
,robo,0,2026-03-09T04:03:28.697302467Z
,robo,0,2026-03-09T04:08:29.248310122Z
,robo,0,2026-03-09T04:13:29.887706894Z
,robo,0,2026-03-09T04:18:30.553670986Z
,robo,0,2026-03-09T04:23:31.198055067Z
,robo,0,2026-03-09T04:28:31.749406578Z
,robo,0,2026-03-09T04:33:32.398122842Z
,robo,0,2026-03-09T04:38:33.064499031Z
,robo,0,2026-03-09T04:43:33.598198579Z
,robo,0,2026-03-09T04:48:34.248868401Z
,robo,0,2026-03-09T04:53:34.903399828Z
,robo,0,2026-03-09T04:58:35.547856427Z
,robo,0,2026-03-09T05:03:36.202855335Z
,robo,0,2026-03-09T05:08:36.847319597Z
,robo,2,2026-03-09T05:13:37.49721799Z
,robo,0,2026-03-09T05:18:38.149631172Z
,robo,0,2026-03-09T05:23:38.795485597Z
,robo,0,2026-03-09T05:28:39.342549648Z
,robo,0,2026-03-09T05:33:39.987505262Z
,robo,0,2026-03-09T05:38:40.638610097Z
,robo,0,2026-03-09T05:43:41.29475541Z
,robo,0,2026-03-09T05:48:41.948405729Z
,robo,0,2026-03-09T05:53:42.388881758Z
,robo,0,2026-03-09T05:58:43.13734864Z
,robo,0,2026-03-09T06:03:43.780160668Z
,robo,1,2026-03-09T06:08:44.437439673Z
,robo,0,2026-03-09T06:13:45.088634078Z
,robo,0,2026-03-09T06:18:45.735773968Z
,robo,0,2026-03-09T06:23:46.38954308Z
,robo,0,2026-03-09T06:28:47.657235808Z
,robo,0,2026-03-09T06:33:48.312671205Z
,robo,2,2026-03-09T06:38:48.958003591Z
,robo,0,2026-03-09T06:43:49.599234494Z
,robo,0,2026-03-09T06:48:50.262406903Z
,robo,1,2026-03-09T06:53:50.808829546Z
,robo,2,2026-03-09T06:58:51.457186752Z
,robo,1,2026-03-09T07:03:52.012604195Z
,robo,2,2026-03-09T07:08:52.750356486Z
,robo,0,2026-03-09T07:13:53.293096556Z
,robo,4,2026-03-09T07:18:53.848388196Z
,robo,2,2026-03-09T07:23:54.503183633Z
,robo,0,2026-03-09T07:28:55.138392312Z
,robo,1,2026-03-09T07:33:55.78978452Z
,robo,3,2026-03-09T07:38:56.447956541Z
,robo,0,2026-03-09T07:43:57.002687162Z
,robo,0,2026-03-09T07:48:57.646544084Z
,robo,1,2026-03-09T07:53:58.302561581Z
,robo,0,2026-03-09T07:58:58.937136181Z
,robo,1,2026-03-09T08:03:59.596222097Z
,robo,2,2026-03-09T08:09:00.246961887Z
,robo,0,2026-03-09T08:14:00.897653622Z
,robo,1,2026-03-09T08:19:01.543691305Z
,robo,0,2026-03-09T08:24:02.295627885Z
,robo,1,2026-03-09T08:29:02.847830921Z
,robo,0,2026-03-09T08:34:03.494532822Z
,robo,0,2026-03-09T08:39:04.245485108Z
,robo,0,2026-03-09T08:44:04.896548717Z
,robo,2,2026-03-09T08:49:05.447875879Z
,robo,0,2026-03-09T08:54:05.995380568Z
,robo,2,2026-03-09T08:59:07.164701404Z
,robo,3,2026-03-09T09:04:07.813789494Z
,robo,3,2026-03-09T09:09:08.347458717Z
,robo,2,2026-03-09T09:14:09.008867348Z
,robo,2,2026-03-09T09:19:09.65923826Z
,robo,0,2026-03-09T09:24:10.21551492Z
,robo,1,2026-03-09T09:29:10.858427293Z
,robo,3,2026-03-09T09:34:11.508461274Z
,robo,5,2026-03-09T09:39:12.157964577Z
,robo,2,2026-03-09T09:44:12.696996236Z
,robo,2,2026-03-09T09:49:13.34839049Z
,robo,2,2026-03-09T09:54:13.996902307Z
,robo,3,2026-03-09T09:59:14.647493634Z
,robo,1,2026-03-09T10:04:15.188305292Z
,robo,0,2026-03-09T10:09:15.858702177Z
,robo,0,2026-03-09T10:14:16.399314022Z
,robo,2,2026-03-09T10:19:17.048240228Z
,robo,1,2026-03-09T10:24:17.601915464Z
,robo,1,2026-03-09T10:29:18.252725779Z
,robo,4,2026-03-09T10:34:18.898206323Z
,robo,3,2026-03-09T10:39:19.548870881Z
,robo,2,2026-03-09T10:44:20.202297297Z
,robo,2,2026-03-09T10:49:20.85252031Z
,robo,0,2026-03-09T10:54:21.395973342Z
,robo,6,2026-03-09T10:59:22.037426943Z
,robo,0,2026-03-09T11:04:22.701740204Z
,robo,0,2026-03-09T11:09:23.34724379Z
,robo,0,2026-03-09T11:14:23.89678321Z
,robo,0,2026-03-09T11:19:24.541654522Z
,robo,3,2026-03-09T11:24:25.193508377Z
,robo,3,2026-03-09T11:29:26.206234657Z
,robo,4,2026-03-09T11:34:27.208280616Z
,robo,2,2026-03-09T11:39:27.857076156Z
,robo,0,2026-03-09T11:44:28.508963809Z
,robo,5,2026-03-09T11:49:29.157618412Z
,robo,1,2026-03-09T11:54:29.709061284Z
,robo,2,2026-03-09T11:59:30.359532556Z
,robo,7,2026-03-09T12:04:31.006819237Z
,robo,3,2026-03-09T12:09:31.677773153Z
,robo,4,2026-03-09T12:14:32.307739577Z
,robo,1,2026-03-09T12:19:32.957774109Z
,robo,1,2026-03-09T12:24:33.510625397Z
,robo,2,2026-03-09T12:29:34.157625113Z
,robo,2,2026-03-09T12:34:34.808784796Z
,robo,1,2026-03-09T12:39:35.678514914Z
,robo,5,2026-03-09T12:44:35.998974425Z
,robo,0,2026-03-09T12:49:36.6600716Z
,robo,5,2026-03-09T12:54:37.195287703Z
,robo,4,2026-03-09T12:59:37.957796552Z
,robo,15,2026-03-09T13:04:38.607411543Z
,robo,5,2026-03-09T13:09:39.273184754Z
,robo,11,2026-03-09T13:14:39.908915636Z
,robo,2,2026-03-09T13:19:40.557675348Z
,robo,3,2026-03-09T13:24:41.207497109Z
,robo,1,2026-03-09T13:29:41.856955013Z
,robo,0,2026-03-09T13:34:42.50711067Z
,robo,2,2026-03-09T13:39:43.162607292Z
,robo,4,2026-03-09T13:44:43.807068387Z
,robo,1,2026-03-09T13:49:44.456363641Z
,robo,5,2026-03-09T13:54:45.106047855Z
,robo,3,2026-03-09T13:59:46.209234784Z
,robo,4,2026-03-09T14:04:46.921274502Z
,robo,1,2026-03-09T14:09:47.667284154Z
,robo,0,2026-03-09T14:14:48.320013939Z
,robo,2,2026-03-09T14:19:48.865026164Z
,robo,1,2026-03-09T14:24:49.613905775Z
,robo,0,2026-03-09T14:29:50.264092104Z
,robo,1,2026-03-09T14:34:50.915998599Z
,robo,1,2026-03-09T14:39:51.567693757Z
,robo,0,2026-03-09T14:44:52.222642901Z
,robo,7,2026-03-09T14:49:52.970062454Z
,robo,7,2026-03-09T14:54:53.631157128Z
,robo,6,2026-03-09T14:59:54.26317137Z
,robo,6,2026-03-09T15:04:54.922378143Z
,robo,4,2026-03-09T15:09:55.579352129Z
,robo,2,2026-03-09T15:14:56.217063073Z
,robo,4,2026-03-09T15:19:56.878128744Z
,robo,3,2026-03-09T15:24:57.528270629Z
,robo,2,2026-03-09T15:29:58.279371106Z
,robo,0,2026-03-09T15:34:58.929266765Z
,robo,0,2026-03-09T15:39:59.57118874Z
,robo,0,2026-03-09T15:45:00.228755829Z
,robo,0,2026-03-09T15:50:00.878528635Z
,robo,1,2026-03-09T15:55:01.527464461Z
,robo,2,2026-03-09T16:00:02.186603588Z
,robo,0,2026-03-09T16:05:02.928739715Z
,robo,0,2026-03-09T16:10:03.578229164Z
,robo,0,2026-03-09T16:15:04.234295608Z
,robo,1,2026-03-09T16:20:04.978660289Z
,robo,1,2026-03-09T16:25:05.631154097Z
,robo,0,2026-03-09T16:30:06.798405941Z
,robo,0,2026-03-09T16:35:07.553292835Z
,robo,4,2026-03-09T16:40:08.193095422Z
,robo,0,2026-03-09T16:45:08.84782534Z
,robo,0,2026-03-09T16:50:09.592514Z
,robo,0,2026-03-09T16:55:10.148268685Z
,robo,0,2026-03-09T17:00:10.899005425Z
,robo,0,2026-03-09T17:05:11.555842586Z
,robo,0,2026-03-09T17:10:12.198239951Z
,robo,0,2026-03-09T17:15:12.848387768Z
,robo,0,2026-03-09T17:20:13.398520976Z
,robo,1,2026-03-09T17:25:14.056519444Z
,robo,0,2026-03-09T17:30:14.696889323Z
,robo,1,2026-03-09T17:35:15.346194955Z
,robo,1,2026-03-09T17:40:16.005821532Z
,robo,0,2026-03-09T17:45:16.646488263Z
,robo,0,2026-03-09T17:50:17.296823719Z
,robo,0,2026-03-09T17:55:17.944872817Z
,robo,0,2026-03-09T18:00:18.596163504Z
,robo,0,2026-03-09T18:05:19.14890809Z
,robo,0,2026-03-09T18:10:19.795850254Z
,robo,0,2026-03-09T18:15:20.440922964Z
,robo,0,2026-03-09T18:20:21.096782981Z
,robo,0,2026-03-09T18:25:21.739680931Z
,robo,0,2026-03-09T18:30:22.394400455Z
,robo,0,2026-03-09T18:35:23.049998073Z
,robo,0,2026-03-09T18:40:23.694556547Z
,robo,0,2026-03-09T18:45:24.346094225Z
,robo,0,2026-03-09T18:50:24.992718178Z
,robo,5,2026-03-09T18:55:25.646145698Z
,robo,0,2026-03-09T19:00:26.803976353Z
,robo,0,2026-03-09T19:05:27.56581385Z
,robo,0,2026-03-09T19:10:28.223243574Z
,robo,0,2026-03-09T19:15:28.864073216Z
,robo,0,2026-03-09T19:20:29.52311904Z
,robo,0,2026-03-09T19:25:30.165519029Z
,robo,0,2026-03-09T19:30:30.808778465Z
,robo,0,2026-03-09T19:35:31.465237989Z
,robo,0,2026-03-09T19:40:32.006721839Z
,robo,0,2026-03-09T19:45:32.66431498Z
,robo,0,2026-03-09T19:50:33.41819213Z
,robo,0,2026-03-09T19:55:34.067168919Z
,robo,0,2026-03-09T20:00:34.717712738Z
,robo,0,2026-03-09T20:05:35.366833304Z
,robo,0,2026-03-09T20:10:36.021724657Z
,robo,0,2026-03-09T20:15:36.670015271Z
,robo,0,2026-03-09T20:20:37.210101905Z
,robo,0,2026-03-09T20:25:37.866549883Z
,robo,0,2026-03-09T20:30:38.517190792Z
,robo,0,2026-03-09T20:35:39.055493606Z
,robo,0,2026-03-09T20:40:39.706375281Z
,robo,0,2026-03-09T20:45:40.35584652Z
,robo,0,2026-03-09T20:50:41.006086343Z
,robo,0,2026-03-09T20:55:41.661093926Z
,robo,0,2026-03-09T21:00:42.306434156Z
,robo,0,2026-03-09T21:05:42.954861997Z
,robo,0,2026-03-09T21:10:43.604681801Z
,robo,0,2026-03-09T21:15:44.263876054Z
,robo,0,2026-03-09T21:20:44.903924304Z
,robo,0,2026-03-09T21:25:45.554139277Z
,robo,0,2026-03-09T21:30:46.825365271Z
,robo,0,2026-03-09T21:35:47.291135646Z
,robo,0,2026-03-09T21:40:48.025700661Z
,robo,0,2026-03-09T21:45:48.77475203Z
,robo,0,2026-03-09T21:50:49.427033009Z
,robo,0,2026-03-09T21:55:50.075525423Z
,robo,0,2026-03-09T22:00:50.725084634Z
,robo,0,2026-03-09T22:05:51.368588241Z
,robo,0,2026-03-09T22:10:52.017407389Z
,robo,0,2026-03-09T22:15:52.679287651Z
,robo,0,2026-03-09T22:20:53.324816915Z
,robo,0,2026-03-09T22:25:53.974200337Z
,robo,0,2026-03-09T22:30:54.526168466Z
,robo,0,2026-03-09T22:35:55.174260012Z
,robo,0,2026-03-09T22:40:55.826769059Z
,robo,0,2026-03-09T22:45:56.477150886Z
,robo,0,2026-03-09T22:50:57.124634721Z
,robo,0,2026-03-09T22:55:57.704332302Z
,robo,0,2026-03-09T23:00:58.424593577Z
,robo,0,2026-03-09T23:05:59.06827509Z
,robo,0,2026-03-09T23:10:59.626885444Z
,robo,0,2026-03-09T23:16:00.3750523Z
,robo,0,2026-03-09T23:21:00.924145876Z
,robo,0,2026-03-09T23:26:01.574429721Z
,robo,0,2026-03-09T23:31:02.219323248Z
,robo,0,2026-03-09T23:36:02.776420782Z
,robo,0,2026-03-09T23:41:03.420021095Z
,robo,0,2026-03-09T23:46:03.965122215Z
,robo,0,2026-03-09T23:51:04.615085656Z
,robo,0,2026-03-09T23:56:05.15945089Z
,robo,0,2026-03-10T00:01:06.325019525Z
,robo,0,2026-03-10T00:06:06.876370186Z
,robo,0,2026-03-10T00:11:07.526986871Z
,robo,0,2026-03-10T00:16:08.076580862Z
,robo,0,2026-03-10T00:21:08.724772379Z
,robo,0,2026-03-10T00:26:09.374629346Z
,robo,0,2026-03-10T00:31:09.916511187Z
,robo,0,2026-03-10T00:36:10.504289388Z
,robo,0,2026-03-10T00:41:11.215320083Z
,robo,0,2026-03-10T00:46:11.865005345Z
,robo,0,2026-03-10T00:51:12.419395343Z
,robo,0,2026-03-10T00:56:13.066810478Z
,robo,0,2026-03-10T01:01:13.715743608Z
,robo,0,2026-03-10T01:06:14.366653004Z
,robo,0,2026-03-10T01:11:15.127571699Z
,robo,0,2026-03-10T01:16:15.671280539Z
,robo,0,2026-03-10T01:21:16.32368788Z
,robo,0,2026-03-10T01:26:16.968859194Z
,robo,0,2026-03-10T01:31:17.61641506Z
,robo,0,2026-03-10T01:36:18.165094591Z
,robo,0,2026-03-10T01:41:18.817062952Z
,robo,0,2026-03-10T01:46:19.462126756Z
,robo,0,2026-03-10T01:51:20.117249123Z
,robo,0,2026-03-10T01:56:20.665014375Z
,robo,0,2026-03-10T02:01:21.314191431Z
,robo,0,2026-03-10T02:06:21.966190605Z
,robo,0,2026-03-10T02:11:22.615202914Z
,robo,0,2026-03-10T02:16:23.264423394Z
,robo,0,2026-03-10T02:21:23.823387802Z
,robo,0,2026-03-10T02:26:24.463769167Z
,robo,0,2026-03-10T02:31:25.626091588Z
,robo,0,2026-03-10T02:36:26.273668203Z
,robo,0,2026-03-10T02:41:26.93209602Z
,robo,0,2026-03-10T02:46:27.575970258Z
,robo,0,2026-03-10T02:51:28.22650501Z
,robo,0,2026-03-10T02:56:28.87497889Z
,robo,0,2026-03-10T03:01:29.524947205Z
,robo,0,2026-03-10T03:06:30.174742065Z
,robo,0,2026-03-10T03:11:30.830832262Z
,robo,0,2026-03-10T03:16:31.418550318Z
,robo,0,2026-03-10T03:21:32.135629782Z
,robo,0,2026-03-10T03:26:32.778254093Z
,robo,0,2026-03-10T03:31:33.32972625Z
,robo,0,2026-03-10T03:36:33.979299317Z
,robo,0,2026-03-10T03:41:34.557301285Z
,robo,0,2026-03-10T03:46:35.280587585Z
,robo,0,2026-03-10T03:51:35.924898497Z
,robo,0,2026-03-10T03:56:36.476093229Z
,robo,0,2026-03-10T04:01:37.01536437Z
,robo,0,2026-03-10T04:06:37.665824838Z
,robo,0,2026-03-10T04:11:38.31622547Z
,robo,0,2026-03-10T04:16:38.867128867Z
,robo,0,2026-03-10T04:21:39.511878919Z
,robo,0,2026-03-10T04:26:40.076699119Z
,robo,0,2026-03-10T04:31:40.720668237Z
,robo,0,2026-03-10T04:36:41.264881055Z
,robo,0,2026-03-10T04:41:41.915164191Z
,robo,0,2026-03-10T04:46:42.559805167Z
,robo,0,2026-03-10T04:51:43.219131208Z
,robo,0,2026-03-10T04:56:43.758850127Z
,robo,0,2026-03-10T05:01:44.924965153Z
,robo,0,2026-03-10T05:06:45.573235426Z
,robo,0,2026-03-10T05:11:46.223197204Z
,robo,0,2026-03-10T05:16:46.876923916Z
,robo,0,2026-03-10T05:21:47.419325398Z
,robo,0,2026-03-10T05:26:48.065007862Z
,robo,0,2026-03-10T05:31:48.714929892Z
,robo,0,2026-03-10T05:36:49.36491678Z
,robo,0,2026-03-10T05:41:49.913180714Z
,robo,0,2026-03-10T05:46:50.564326266Z
,robo,0,2026-03-10T05:51:51.215675193Z
,robo,0,2026-03-10T05:56:51.865986476Z
,robo,0,2026-03-10T06:01:52.413734689Z
,robo,0,2026-03-10T06:06:53.064235887Z
,robo,0,2026-03-10T06:11:53.714854407Z
,robo,0,2026-03-10T06:16:54.263875683Z
,robo,0,2026-03-10T06:21:54.785155781Z
,robo,0,2026-03-10T06:26:55.446818849Z
,robo,0,2026-03-10T06:31:56.115158536Z
,robo,0,2026-03-10T06:36:56.703467502Z
,robo,0,2026-03-10T06:41:57.407956363Z
,robo,0,2026-03-10T06:46:57.954874233Z
,robo,3,2026-03-10T06:51:58.604144878Z
,robo,1,2026-03-10T06:56:59.367332109Z
,robo,2,2026-03-10T07:01:59.914757794Z
,robo,2,2026-03-10T07:07:00.556410567Z
,robo,0,2026-03-10T07:12:01.206022883Z
,robo,0,2026-03-10T07:17:01.863225729Z
,robo,3,2026-03-10T07:22:02.505356496Z
,robo,0,2026-03-10T07:27:03.166504128Z
,robo,2,2026-03-10T07:32:04.314790854Z
,robo,1,2026-03-10T07:37:04.973772067Z
,robo,0,2026-03-10T07:42:05.514567879Z
,robo,0,2026-03-10T07:47:06.164150022Z
,robo,1,2026-03-10T07:52:06.814548028Z
,robo,0,2026-03-10T07:57:07.470098868Z
,robo,6,2026-03-10T08:02:08.133439491Z
,robo,0,2026-03-10T08:07:08.768050066Z
,robo,1,2026-03-10T08:12:09.425681563Z
,robo,1,2026-03-10T08:17:09.96448088Z
,robo,1,2026-03-10T08:22:10.616261559Z
,robo,2,2026-03-10T08:27:11.264013081Z
,robo,2,2026-03-10T08:32:11.923860959Z
,robo,0,2026-03-10T08:37:12.563366121Z
,robo,1,2026-03-10T08:42:13.057985359Z
,robo,0,2026-03-10T08:47:13.775235089Z
,robo,0,2026-03-10T08:52:14.413629446Z
,robo,0,2026-03-10T08:57:14.96331019Z
,robo,0,2026-03-10T09:02:15.617707082Z
,robo,2,2026-03-10T09:07:16.166785881Z
,robo,5,2026-03-10T09:12:16.815224734Z
,robo,0,2026-03-10T09:17:17.363802184Z
,robo,1,2026-03-10T09:22:17.903401131Z
,robo,1,2026-03-10T09:27:18.484186969Z
,robo,1,2026-03-10T09:32:19.206295611Z
,robo,0,2026-03-10T09:37:19.758260454Z
,robo,5,2026-03-10T09:42:20.510575046Z
,robo,0,2026-03-10T09:47:21.148501567Z
,robo,1,2026-03-10T09:52:21.813525583Z
,robo,1,2026-03-10T09:57:22.459724743Z
,robo,0,2026-03-10T10:02:23.630098916Z
,robo,0,2026-03-10T10:07:24.272940939Z
,robo,4,2026-03-10T10:12:24.82419788Z
,robo,1,2026-03-10T10:17:25.475410876Z
,robo,2,2026-03-10T10:22:26.029255277Z
,robo,2,2026-03-10T10:27:26.664374229Z
,robo,4,2026-03-10T10:32:27.221762486Z
,robo,1,2026-03-10T10:37:27.867612991Z
,robo,1,2026-03-10T10:42:28.412857547Z
,robo,1,2026-03-10T10:47:29.059943431Z
,robo,1,2026-03-10T10:52:29.606369922Z
,robo,0,2026-03-10T10:57:30.157373859Z
,robo,3,2026-03-10T11:02:30.702049372Z
,robo,0,2026-03-10T11:07:31.358797219Z
,robo,0,2026-03-10T11:12:32.007971735Z
,robo,2,2026-03-10T11:17:32.558556708Z
,robo,2,2026-03-10T11:22:33.101496248Z
,robo,0,2026-03-10T11:27:33.65407294Z
,robo,0,2026-03-10T11:32:34.288771288Z
,robo,0,2026-03-10T11:37:34.953843252Z
,robo,0,2026-03-10T11:42:35.498495173Z
,robo,1,2026-03-10T11:47:36.055274108Z
,robo,2,2026-03-10T11:52:36.700078108Z
,robo,1,2026-03-10T11:57:37.240601642Z
,robo,10,2026-03-10T12:02:37.788600379Z
,robo,1,2026-03-10T12:07:38.436011061Z
,robo,12,2026-03-10T12:12:38.986080647Z
,robo,3,2026-03-10T12:17:39.536673792Z
,robo,5,2026-03-10T12:22:40.189007006Z
,robo,0,2026-03-10T12:27:40.840680093Z
,robo,1,2026-03-10T12:32:41.898020995Z
,robo,1,2026-03-10T12:37:42.548142829Z
,robo,15,2026-03-10T12:42:43.099076084Z
,robo,0,2026-03-10T12:47:43.747906533Z
,robo,7,2026-03-10T12:52:44.389384135Z
,robo,4,2026-03-10T12:57:44.937776802Z
,robo,2,2026-03-10T13:02:45.582744081Z
,robo,1,2026-03-10T13:07:46.139373436Z
,robo,1,2026-03-10T13:12:46.788085587Z
,robo,3,2026-03-10T13:17:47.339521975Z
,robo,0,2026-03-10T13:22:47.961807509Z
,robo,1,2026-03-10T13:27:48.536149889Z
,robo,1,2026-03-10T13:32:49.188114898Z
,robo,2,2026-03-10T13:37:49.733435616Z
,robo,1,2026-03-10T13:42:50.279908603Z
,robo,2,2026-03-10T13:47:50.861101172Z
,robo,0,2026-03-10T13:52:51.58119667Z
,robo,4,2026-03-10T13:57:52.129389913Z
,robo,2,2026-03-10T14:02:52.682240607Z
,robo,3,2026-03-10T14:07:53.332823342Z
,robo,0,2026-03-10T14:12:53.868135954Z
,robo,0,2026-03-10T14:17:54.418918565Z
,robo,0,2026-03-10T14:22:55.068831977Z
,robo,0,2026-03-10T14:27:55.626415506Z
,robo,0,2026-03-10T14:32:56.268677264Z
,robo,1,2026-03-10T14:37:56.818274169Z
,robo,0,2026-03-10T14:42:57.358508634Z
,robo,0,2026-03-10T14:47:58.031112085Z
,robo,0,2026-03-10T14:52:58.558902885Z
,robo,0,2026-03-10T14:57:59.208353831Z
,robo,0,2026-03-10T15:03:00.269987412Z
,robo,0,2026-03-10T15:08:00.922483799Z
,robo,1,2026-03-10T15:13:01.575432223Z
,robo,2,2026-03-10T15:18:02.221147694Z
,robo,1,2026-03-10T15:23:02.769079811Z
,robo,1,2026-03-10T15:28:03.828468637Z
,robo,0,2026-03-10T15:33:04.478970772Z
,robo,0,2026-03-10T15:38:05.134149258Z
,robo,2,2026-03-10T15:43:05.677799583Z
,robo,0,2026-03-10T15:48:06.328800797Z
,robo,0,2026-03-10T15:53:06.999542385Z
,robo,0,2026-03-10T15:58:07.622763822Z
,robo,0,2026-03-10T16:03:08.277298532Z
,robo,0,2026-03-10T16:08:08.928803141Z
,robo,0,2026-03-10T16:13:09.570270263Z
,robo,1,2026-03-10T16:18:10.228398505Z
,robo,0,2026-03-10T16:23:10.878853193Z
,robo,0,2026-03-10T16:28:11.528519476Z
,robo,3,2026-03-10T16:33:12.179567644Z
,robo,1,2026-03-10T16:38:12.824087965Z
,robo,0,2026-03-10T16:43:13.49296451Z
,robo,0,2026-03-10T16:48:14.029114974Z
,robo,0,2026-03-10T16:53:14.681733887Z
,robo,0,2026-03-10T16:58:15.330336034Z
,robo,0,2026-03-10T17:03:15.88420294Z
,robo,0,2026-03-10T17:08:16.553360529Z
,robo,0,2026-03-10T17:13:17.083378181Z
,robo,2,2026-03-10T17:18:17.717758054Z
,robo,0,2026-03-10T17:23:18.267070012Z
,robo,0,2026-03-10T17:28:18.920552725Z
,robo,0,2026-03-10T17:33:20.087396417Z
,robo,0,2026-03-10T17:38:20.629171103Z
,robo,0,2026-03-10T17:43:21.282723009Z
,robo,3,2026-03-10T17:48:21.826611748Z
,robo,0,2026-03-10T17:53:22.478197314Z
,robo,0,2026-03-10T17:58:23.027684618Z
,robo,0,2026-03-10T18:03:23.671228857Z
,robo,0,2026-03-10T18:08:24.228052367Z
,robo,0,2026-03-10T18:13:24.883081236Z
,robo,0,2026-03-10T18:18:25.519005018Z
,robo,0,2026-03-10T18:23:26.169404424Z
,robo,0,2026-03-10T18:28:26.829601102Z
,robo,0,2026-03-10T18:33:27.357439545Z
,robo,0,2026-03-10T18:38:28.018273183Z
,robo,0,2026-03-10T18:43:28.677632293Z
,robo,0,2026-03-10T18:48:29.327890102Z
,robo,0,2026-03-10T18:53:29.968004972Z
,robo,0,2026-03-10T18:58:30.518859591Z
,robo,0,2026-03-10T19:03:31.167763584Z
,robo,0,2026-03-10T19:08:31.819967795Z
,robo,0,2026-03-10T19:13:32.466904184Z
,robo,0,2026-03-10T19:18:33.016890048Z
,robo,0,2026-03-10T19:23:33.667840915Z
,robo,0,2026-03-10T19:28:34.320151946Z
,robo,0,2026-03-10T19:33:34.868101889Z
,robo,0,2026-03-10T19:38:35.523615797Z
,robo,0,2026-03-10T19:43:36.072702554Z
,robo,0,2026-03-10T19:48:36.612892657Z
,robo,0,2026-03-10T19:53:37.25973476Z
,robo,0,2026-03-10T19:58:37.807336001Z
,robo,0,2026-03-10T20:03:38.969032705Z
,robo,0,2026-03-10T20:08:39.521045602Z
,robo,0,2026-03-10T20:13:40.16851562Z
,robo,0,2026-03-10T20:18:40.817794526Z
,robo,0,2026-03-10T20:23:41.29465953Z
,robo,0,2026-03-10T20:28:42.031930132Z
,robo,0,2026-03-10T20:33:42.568039016Z
,robo,0,2026-03-10T20:38:43.217611539Z
,robo,0,2026-03-10T20:43:43.759782761Z
,robo,0,2026-03-10T20:48:44.289022453Z
,robo,0,2026-03-10T20:53:44.96420004Z
,robo,0,2026-03-10T20:58:45.508793486Z
,robo,0,2026-03-10T21:03:46.158803572Z
,robo,0,2026-03-10T21:08:46.711068293Z
,robo,0,2026-03-10T21:13:47.259782412Z
,robo,0,2026-03-10T21:18:47.923533849Z
,robo,0,2026-03-10T21:23:48.450911879Z
,robo,0,2026-03-10T21:28:49.10131933Z
,robo,0,2026-03-10T21:33:49.648461067Z
,robo,0,2026-03-10T21:38:50.299817636Z
,robo,0,2026-03-10T21:43:50.857656863Z
,robo,0,2026-03-10T21:48:51.397924058Z
,robo,0,2026-03-10T21:53:52.048527974Z
,robo,0,2026-03-10T21:58:52.600987167Z
,robo,0,2026-03-10T22:03:53.239093578Z
,robo,0,2026-03-10T22:08:53.903063303Z
,robo,0,2026-03-10T22:13:54.43975488Z
,robo,0,2026-03-10T22:18:55.08798305Z
,robo,0,2026-03-10T22:23:55.648260967Z
,robo,0,2026-03-10T22:28:56.28171755Z
,robo,0,2026-03-10T22:33:57.448980287Z
,robo,0,2026-03-10T22:38:57.998774804Z
,robo,0,2026-03-10T22:43:58.63797785Z
,robo,0,2026-03-10T22:48:59.300684753Z
,robo,0,2026-03-10T22:53:59.948903321Z
,robo,0,2026-03-10T22:59:00.50218701Z
,robo,0,2026-03-10T23:04:01.14885203Z
,robo,0,2026-03-10T23:09:01.791054497Z
,robo,0,2026-03-10T23:14:02.299731986Z
,robo,0,2026-03-10T23:19:02.988248088Z
,robo,0,2026-03-10T23:24:03.647006344Z
,robo,0,2026-03-10T23:29:04.186483149Z
,robo,0,2026-03-10T23:34:04.838141427Z
,robo,0,2026-03-10T23:39:05.388718361Z
,robo,0,2026-03-10T23:44:05.928162495Z
,robo,0,2026-03-10T23:49:06.587977054Z
,robo,0,2026-03-10T23:54:07.137768992Z
,robo,0,2026-03-10T23:59:07.658576393Z
,robo,0,2026-03-11T00:04:08.339520339Z
,robo,0,2026-03-11T00:09:08.988157013Z
,robo,0,2026-03-11T00:14:09.5294274Z
,robo,0,2026-03-11T00:19:10.188674619Z
,robo,0,2026-03-11T00:24:10.731690724Z
,robo,0,2026-03-11T00:29:11.383191626Z
,robo,0,2026-03-11T00:34:11.919899868Z
,robo,0,2026-03-11T00:39:12.577292649Z
,robo,0,2026-03-11T00:44:13.127674106Z
,robo,0,2026-03-11T00:49:13.778024007Z
,robo,0,2026-03-11T00:54:14.424952438Z
,robo,0,2026-03-11T00:59:14.968816488Z
,robo,0,2026-03-11T01:04:16.138625241Z
,robo,0,2026-03-11T01:09:16.787983566Z
,robo,0,2026-03-11T01:14:17.436962891Z
,robo,0,2026-03-11T01:19:18.089548936Z
,robo,0,2026-03-11T01:24:18.638104393Z
,robo,0,2026-03-11T01:29:19.281335221Z
,robo,0,2026-03-11T01:34:19.937786593Z
,robo,0,2026-03-11T01:39:20.480159818Z
,robo,0,2026-03-11T01:44:21.127983867Z
,robo,0,2026-03-11T01:49:21.67708598Z
,robo,0,2026-03-11T01:54:22.228050071Z
,robo,0,2026-03-11T01:59:22.777712216Z
,robo,0,2026-03-11T02:04:23.427270442Z
,robo,0,2026-03-11T02:09:23.9740222Z
,robo,0,2026-03-11T02:14:24.518935782Z
,robo,0,2026-03-11T02:19:25.17889215Z
,robo,0,2026-03-11T02:24:25.718452393Z
,robo,0,2026-03-11T02:29:26.257217834Z
,robo,0,2026-03-11T02:34:26.913300803Z
,robo,0,2026-03-11T02:39:27.469273837Z
,robo,0,2026-03-11T02:44:28.009775078Z
,robo,0,2026-03-11T02:49:28.578213376Z
,robo,0,2026-03-11T02:54:29.307551538Z
,robo,0,2026-03-11T02:59:29.85315107Z
,robo,0,2026-03-11T03:04:30.509242436Z
,robo,0,2026-03-11T03:09:31.159386088Z
,robo,0,2026-03-11T03:14:31.711494576Z
,robo,0,2026-03-11T03:19:32.347957246Z
,robo,0,2026-03-11T03:24:33.007479946Z
,robo,0,2026-03-11T03:29:33.559832Z
,robo,0,2026-03-11T03:34:34.716680971Z
,robo,0,2026-03-11T03:39:35.368916836Z
,robo,0,2026-03-11T03:44:36.02291242Z
,robo,0,2026-03-11T03:49:36.567974729Z
,robo,0,2026-03-11T03:54:37.226703305Z
,robo,0,2026-03-11T03:59:37.86865258Z
,robo,0,2026-03-11T04:04:38.517995567Z
,robo,0,2026-03-11T04:09:39.066493879Z
,robo,0,2026-03-11T04:14:39.71420833Z
,robo,0,2026-03-11T04:19:40.36835757Z
,robo,0,2026-03-11T04:24:41.029461937Z
,robo,0,2026-03-11T04:29:41.657824478Z
,robo,0,2026-03-11T04:34:42.208250119Z
,robo,0,2026-03-11T04:39:42.858065399Z
,robo,0,2026-03-11T04:44:43.407790589Z
,robo,0,2026-03-11T04:49:44.056701039Z
,robo,0,2026-03-11T04:54:44.712128224Z
,robo,0,2026-03-11T04:59:45.259816016Z
,robo,0,2026-03-11T05:04:45.906623801Z
,robo,0,2026-03-11T05:09:46.459002888Z
,robo,0,2026-03-11T05:14:47.106707791Z
,robo,0,2026-03-11T05:19:47.748590464Z
,robo,2,2026-03-11T05:24:48.306936375Z
,robo,1,2026-03-11T05:29:48.962517049Z
,robo,0,2026-03-11T05:34:49.603113381Z
,robo,0,2026-03-11T05:39:50.149074346Z
,robo,0,2026-03-11T05:44:50.806520952Z
,robo,0,2026-03-11T05:49:51.347177322Z
,robo,0,2026-03-11T05:54:51.998362931Z
,robo,0,2026-03-11T05:59:52.44670917Z
,robo,0,2026-03-11T06:04:53.711119705Z
,robo,0,2026-03-11T06:09:54.248463368Z
,robo,0,2026-03-11T06:14:54.907123565Z
,robo,0,2026-03-11T06:19:55.557136639Z
,robo,0,2026-03-11T06:24:56.212257916Z
,robo,0,2026-03-11T06:29:56.858313174Z
,robo,3,2026-03-11T06:34:57.498876925Z
,robo,0,2026-03-11T06:39:58.059039412Z
,robo,0,2026-03-11T06:44:58.707473128Z
,robo,0,2026-03-11T06:49:59.359365803Z
,robo,1,2026-03-11T06:54:59.903679512Z
,robo,2,2026-03-11T07:00:00.54245499Z
,robo,0,2026-03-11T07:05:01.197867705Z
,robo,1,2026-03-11T07:10:01.754473115Z
,robo,2,2026-03-11T07:15:02.396118467Z
,robo,0,2026-03-11T07:20:03.054794377Z
,robo,1,2026-03-11T07:25:03.696671173Z
,robo,0,2026-03-11T07:30:04.34945622Z
,robo,0,2026-03-11T07:35:04.89851979Z
,robo,1,2026-03-11T07:40:05.552000849Z
,robo,0,2026-03-11T07:45:06.199365383Z
,robo,2,2026-03-11T07:50:06.849085571Z
,robo,5,2026-03-11T07:55:07.502854241Z
,robo,2,2026-03-11T08:00:08.147985418Z
,robo,0,2026-03-11T08:05:08.798212408Z
,robo,0,2026-03-11T08:10:09.345732281Z
,robo,0,2026-03-11T08:15:10.000037632Z
,robo,0,2026-03-11T08:20:10.646933875Z
,robo,0,2026-03-11T08:25:11.290216011Z
,robo,0,2026-03-11T08:30:11.945940626Z
,robo,0,2026-03-11T08:35:13.10603548Z
,robo,0,2026-03-11T08:40:13.75020823Z
,robo,1,2026-03-11T08:45:14.707471075Z
,robo,0,2026-03-11T08:50:15.363975599Z
,robo,0,2026-03-11T08:55:16.022292444Z
,robo,1,2026-03-11T09:00:16.666800613Z
,robo,4,2026-03-11T09:05:17.318011551Z
,robo,0,2026-03-11T09:10:17.95774414Z
,robo,2,2026-03-11T09:15:18.627324089Z
,robo,2,2026-03-11T09:20:19.271062241Z
,robo,3,2026-03-11T09:25:19.922514021Z
,robo,2,2026-03-11T09:30:20.567001932Z
,robo,1,2026-03-11T09:35:21.317830209Z
,robo,2,2026-03-11T09:40:21.967137697Z
,robo,2,2026-03-11T09:45:22.617230942Z
,robo,0,2026-03-11T09:50:23.267073966Z
,robo,0,2026-03-11T09:55:23.915999959Z
,robo,0,2026-03-11T10:00:24.573281415Z
,robo,0,2026-03-11T10:05:25.213913913Z
,robo,0,2026-03-11T10:10:25.870899737Z
,robo,0,2026-03-11T10:15:26.423455462Z
,robo,0,2026-03-11T10:20:27.064198346Z
,robo,0,2026-03-11T10:25:27.717880426Z
,robo,0,2026-03-11T10:30:28.367451202Z
,robo,0,2026-03-11T10:35:28.852202792Z
,robo,0,2026-03-11T10:40:29.56949262Z
,robo,2,2026-03-11T10:45:30.219622998Z
,robo,0,2026-03-11T10:50:30.868168718Z
,robo,0,2026-03-11T10:55:31.518772534Z
,robo,0,2026-03-11T11:00:32.267558062Z
,robo,3,2026-03-11T11:05:33.429109583Z
,robo,0,2026-03-11T11:10:33.979510257Z
,robo,0,2026-03-11T11:15:34.631423706Z
,robo,0,2026-03-11T11:20:35.279281675Z
,robo,0,2026-03-11T11:25:35.931832394Z
,robo,0,2026-03-11T11:30:36.575113792Z
,robo,1,2026-03-11T11:35:37.227373274Z
,robo,0,2026-03-11T11:40:37.977944517Z
,robo,0,2026-03-11T11:45:38.639624719Z
,robo,0,2026-03-11T11:50:39.285276378Z
,robo,1,2026-03-11T11:55:39.935836336Z
,robo,0,2026-03-11T12:00:40.588814889Z
,robo,0,2026-03-11T12:05:41.240573795Z
,robo,2,2026-03-11T12:10:41.889310944Z
,robo,0,2026-03-11T12:15:42.635567756Z
,robo,1,2026-03-11T12:20:43.188474042Z
,robo,0,2026-03-11T12:25:43.827765365Z
,robo,0,2026-03-11T12:30:44.584005272Z
,robo,2,2026-03-11T12:35:45.131554866Z
,robo,1,2026-03-11T12:40:45.781120821Z
,robo,1,2026-03-11T12:45:46.433675702Z
,robo,2,2026-03-11T12:50:47.092135212Z
,robo,2,2026-03-11T12:55:47.732111534Z
,robo,0,2026-03-11T13:00:48.381942543Z
,robo,0,2026-03-11T13:05:48.936310766Z
,robo,2,2026-03-11T13:10:49.583299524Z
,robo,0,2026-03-11T13:15:50.349780116Z
,robo,0,2026-03-11T13:20:50.887257289Z
,robo,0,2026-03-11T13:25:51.540130126Z
,robo,2,2026-03-11T13:30:52.183165646Z
,robo,0,2026-03-11T13:35:53.342775378Z
,robo,0,2026-03-11T13:40:54.007251928Z
,robo,2,2026-03-11T13:45:54.541419818Z
,robo,0,2026-03-11T13:50:55.192583492Z
,robo,0,2026-03-11T13:55:55.843943821Z
,robo,2,2026-03-11T14:00:56.393488792Z
,robo,1,2026-03-11T14:05:57.040835421Z
,robo,7,2026-03-11T14:10:57.692226724Z
,robo,0,2026-03-11T14:15:58.447993293Z
,robo,0,2026-03-11T14:20:58.837126928Z
,robo,0,2026-03-11T14:25:59.64836948Z
,robo,0,2026-03-11T14:31:00.294750958Z
,robo,0,2026-03-11T14:36:00.841600825Z
,robo,1,2026-03-11T14:41:01.498234023Z
,robo,1,2026-03-11T14:46:02.14336688Z
,robo,0,2026-03-11T14:51:02.798433059Z
,robo,0,2026-03-11T14:56:03.439206546Z
,robo,0,2026-03-11T15:01:04.092088831Z
,robo,0,2026-03-11T15:06:04.747277539Z
,robo,0,2026-03-11T15:11:05.404382917Z
,robo,2,2026-03-11T15:16:06.038768323Z
,robo,0,2026-03-11T15:21:06.690545096Z
,robo,1,2026-03-11T15:26:07.265990934Z
,robo,0,2026-03-11T15:31:07.89338185Z
,robo,1,2026-03-11T15:36:08.546971316Z
,robo,3,2026-03-11T15:41:09.296715232Z
,robo,0,2026-03-11T15:46:09.946438019Z
,robo,0,2026-03-11T15:51:10.595316174Z
,robo,0,2026-03-11T15:56:11.240496002Z
,robo,0,2026-03-11T16:01:11.89136755Z
,robo,0,2026-03-11T16:06:13.054362958Z
,robo,1,2026-03-11T16:11:13.706006862Z
,robo,0,2026-03-11T16:16:14.352424972Z
,robo,4,2026-03-11T16:21:15.0130371Z
,robo,2,2026-03-11T16:26:15.651553078Z
,robo,0,2026-03-11T16:31:16.306566627Z
,robo,3,2026-03-11T16:36:16.965410596Z
,robo,0,2026-03-11T16:41:17.606478753Z
,robo,0,2026-03-11T16:46:18.261643855Z
,robo,0,2026-03-11T16:51:18.903865517Z
,robo,1,2026-03-11T16:56:19.565718668Z
,robo,0,2026-03-11T17:01:20.210553238Z
,robo,0,2026-03-11T17:06:21.073832119Z
,robo,0,2026-03-11T17:11:21.719231223Z
,robo,0,2026-03-11T17:16:22.263731491Z
,robo,0,2026-03-11T17:21:22.910804611Z
,robo,3,2026-03-11T17:26:23.562430379Z
,robo,1,2026-03-11T17:31:24.202868024Z
,robo,0,2026-03-11T17:36:24.769507936Z
,robo,0,2026-03-11T17:41:25.41172527Z
,robo,0,2026-03-11T17:46:26.071140833Z
,robo,0,2026-03-11T17:51:26.716342691Z
,robo,1,2026-03-11T17:56:27.264792091Z
,robo,28,2026-03-11T18:01:27.898540171Z
,robo,0,2026-03-11T18:06:28.601252489Z
,robo,0,2026-03-11T18:11:29.096583437Z
,robo,0,2026-03-11T18:16:29.74758486Z
,robo,0,2026-03-11T18:21:30.39697339Z
,robo,0,2026-03-11T18:26:30.948419941Z
,robo,0,2026-03-11T18:31:31.487612217Z
,robo,0,2026-03-11T18:36:32.6631965Z
,robo,0,2026-03-11T18:41:33.309337759Z
,robo,0,2026-03-11T18:46:33.857577332Z
,robo,0,2026-03-11T18:51:34.510337526Z
,robo,0,2026-03-11T18:56:35.09865494Z
,robo,0,2026-03-11T19:01:35.812284569Z
,robo,0,2026-03-11T19:06:36.362725978Z
,robo,0,2026-03-11T19:11:37.009906913Z
,robo,0,2026-03-11T19:16:37.659603573Z
,robo,0,2026-03-11T19:21:38.30794063Z
,robo,0,2026-03-11T19:26:38.961231829Z
,robo,0,2026-03-11T19:31:39.607930236Z
,robo,0,2026-03-11T19:36:40.146624255Z
,robo,0,2026-03-11T19:41:40.799787869Z
,robo,0,2026-03-11T19:46:41.446883092Z
,robo,0,2026-03-11T19:51:42.100008493Z
,robo,0,2026-03-11T19:56:42.764790479Z
,robo,0,2026-03-11T20:01:43.320120895Z
,robo,0,2026-03-11T20:06:43.954060462Z
,robo,0,2026-03-11T20:11:44.590699928Z
,robo,0,2026-03-11T20:16:45.155325372Z
,robo,0,2026-03-11T20:21:45.797684992Z
,robo,0,2026-03-11T20:26:46.521320269Z
,robo,0,2026-03-11T20:31:47.103346934Z
,robo,0,2026-03-11T20:36:47.744393486Z
,robo,0,2026-03-11T20:41:48.310900841Z
,robo,0,2026-03-11T20:46:48.953607641Z
,robo,0,2026-03-11T20:51:49.598175141Z
,robo,0,2026-03-11T20:56:50.251257884Z
,robo,0,2026-03-11T21:01:50.903441772Z
,robo,0,2026-03-11T21:06:52.064511319Z
,robo,0,2026-03-11T21:11:52.608042858Z
,robo,0,2026-03-11T21:16:53.258219214Z
,robo,0,2026-03-11T21:21:53.82025439Z
,robo,0,2026-03-11T21:26:54.316375878Z
,robo,0,2026-03-11T21:31:55.117281772Z
,robo,0,2026-03-11T21:36:55.655803227Z
,robo,0,2026-03-11T21:41:56.307788724Z
,robo,0,2026-03-11T21:46:56.852691075Z
,robo,0,2026-03-11T21:51:57.50009973Z
,robo,0,2026-03-11T21:56:58.145772427Z
,robo,0,2026-03-11T22:01:58.801038347Z
,robo,0,2026-03-11T22:06:59.722125544Z
,robo,0,2026-03-11T22:12:00.006335328Z
,robo,0,2026-03-11T22:17:00.648802111Z
,robo,0,2026-03-11T22:22:01.295157339Z
,robo,0,2026-03-11T22:27:01.952537296Z
,robo,0,2026-03-11T22:32:02.595097557Z
,robo,0,2026-03-11T22:37:03.252937628Z
,robo,0,2026-03-11T22:42:03.805300334Z
,robo,0,2026-03-11T22:47:04.46956351Z
,robo,0,2026-03-11T22:52:05.098977058Z
,robo,0,2026-03-11T22:57:05.758716001Z
,robo,0,2026-03-11T23:02:06.198744049Z
,robo,0,2026-03-11T23:07:07.057022167Z
,robo,0,2026-03-11T23:12:07.709602036Z
,robo,0,2026-03-11T23:17:08.253578297Z
,robo,0,2026-03-11T23:22:08.790961078Z
,robo,0,2026-03-11T23:27:09.551743564Z
,robo,0,2026-03-11T23:32:10.099958422Z
,robo,0,2026-03-11T23:37:11.361256788Z
,robo,0,2026-03-11T23:42:11.910118215Z
,robo,0,2026-03-11T23:47:12.559454255Z
,robo,0,2026-03-11T23:52:13.098533602Z
,robo,0,2026-03-11T23:57:13.749312547Z
,robo,0,2026-03-12T00:02:14.398523683Z
,robo,0,2026-03-12T00:07:14.994523256Z
,robo,0,2026-03-12T00:12:15.700234157Z
,robo,0,2026-03-12T00:17:16.370512459Z
,robo,0,2026-03-12T00:22:17.001325226Z
,robo,0,2026-03-12T00:27:17.656902344Z
,robo,0,2026-03-12T00:32:18.297452071Z
,robo,0,2026-03-12T00:37:18.962448689Z
,robo,0,2026-03-12T00:42:19.599114492Z
,robo,0,2026-03-12T00:47:20.149503711Z
,robo,0,2026-03-12T00:52:20.797954142Z
,robo,0,2026-03-12T00:57:21.449278791Z
,robo,0,2026-03-12T01:02:22.098446528Z
,robo,0,2026-03-12T01:07:22.750780506Z
,robo,0,2026-03-12T01:12:23.408770779Z
,robo,0,2026-03-12T01:17:23.955721392Z
,robo,0,2026-03-12T01:22:24.59793007Z
,robo,0,2026-03-12T01:27:25.248999741Z
,robo,0,2026-03-12T01:32:25.899415425Z
,robo,0,2026-03-12T01:37:26.547380894Z
,robo,0,2026-03-12T01:42:27.199398758Z
,robo,0,2026-03-12T01:47:27.851049372Z
,robo,0,2026-03-12T01:52:28.403384999Z
,robo,0,2026-03-12T01:57:29.247499548Z
,robo,0,2026-03-12T02:02:30.215391504Z
,robo,0,2026-03-12T02:07:31.369229178Z
,robo,0,2026-03-12T02:12:32.020567021Z
,robo,0,2026-03-12T02:17:32.667315105Z
,robo,0,2026-03-12T02:22:33.318919294Z
,robo,0,2026-03-12T02:27:33.968105184Z
,robo,0,2026-03-12T02:32:34.617008969Z
,robo,0,2026-03-12T02:37:35.267795989Z
,robo,0,2026-03-12T02:42:36.018265751Z
,robo,0,2026-03-12T02:47:36.666384014Z
,robo,0,2026-03-12T02:52:37.324151556Z
,robo,0,2026-03-12T02:57:37.977558181Z
,robo,0,2026-03-12T03:02:38.522487221Z
,robo,0,2026-03-12T03:07:39.168279481Z
,robo,0,2026-03-12T03:12:39.817127151Z
,robo,0,2026-03-12T03:17:40.468105048Z
,robo,0,2026-03-12T03:22:41.118012517Z
,robo,0,2026-03-12T03:27:41.767380675Z
,robo,0,2026-03-12T03:32:42.419185328Z
,robo,0,2026-03-12T03:37:43.070444794Z
,robo,0,2026-03-12T03:42:43.620347519Z
,robo,0,2026-03-12T03:47:44.266314748Z
,robo,0,2026-03-12T03:52:44.919275644Z
,robo,0,2026-03-12T03:57:45.568875154Z
,robo,0,2026-03-12T04:02:46.227161408Z
,robo,0,2026-03-12T04:07:46.878897623Z
,robo,0,2026-03-12T04:12:47.422991345Z
,robo,0,2026-03-12T04:17:48.064045729Z
,robo,0,2026-03-12T04:22:48.621183813Z
,robo,0,2026-03-12T04:27:49.27264395Z
,robo,0,2026-03-12T04:32:49.827107351Z
,robo,0,2026-03-12T04:37:50.979987043Z
,robo,0,2026-03-12T04:42:51.629269863Z
,robo,0,2026-03-12T04:47:52.270379396Z
,robo,0,2026-03-12T04:52:52.827446408Z
,robo,0,2026-03-12T04:57:53.472674598Z
,robo,0,2026-03-12T05:02:54.118537874Z
,robo,0,2026-03-12T05:07:54.67017742Z
,robo,0,2026-03-12T05:12:55.25855016Z
,robo,0,2026-03-12T05:17:55.970077174Z
,robo,0,2026-03-12T05:22:56.619419206Z
,robo,0,2026-03-12T05:27:57.16786304Z
,robo,0,2026-03-12T05:32:57.819181448Z
,robo,0,2026-03-12T05:37:58.469880719Z
,robo,0,2026-03-12T05:42:59.12222482Z
,robo,0,2026-03-12T05:47:59.768523615Z
,robo,0,2026-03-12T05:53:00.417226079Z
,robo,0,2026-03-12T05:58:00.969178446Z
,robo,0,2026-03-12T06:03:01.619384448Z
,robo,0,2026-03-12T06:08:02.370375212Z
,robo,0,2026-03-12T06:13:03.021229168Z
,robo,0,2026-03-12T06:18:03.571200671Z
,robo,1,2026-03-12T06:23:04.221121322Z
,robo,1,2026-03-12T06:28:04.975697981Z
,robo,0,2026-03-12T06:33:05.519993066Z
,robo,0,2026-03-12T06:38:06.174466522Z
,robo,0,2026-03-12T06:43:06.823156263Z
,robo,0,2026-03-12T06:48:07.470859216Z
,robo,0,2026-03-12T06:53:08.018095273Z
,robo,0,2026-03-12T06:58:08.561815123Z
,robo,0,2026-03-12T07:03:09.219300086Z
,robo,0,2026-03-12T07:08:10.383491508Z
,robo,0,2026-03-12T07:13:10.918761625Z
,robo,0,2026-03-12T07:18:11.577374691Z
,robo,0,2026-03-12T07:23:12.118729774Z
,robo,0,2026-03-12T07:28:12.769898543Z
,robo,0,2026-03-12T07:33:13.317875558Z
,robo,0,2026-03-12T07:38:13.869367839Z
,robo,1,2026-03-12T07:43:14.617356019Z
,robo,4,2026-03-12T07:48:15.168144606Z
,robo,1,2026-03-12T07:53:15.811960999Z
,robo,1,2026-03-12T07:58:16.468020384Z
,robo,3,2026-03-12T08:03:17.018720614Z
,robo,1,2026-03-12T08:08:17.660393494Z
,robo,3,2026-03-12T08:13:18.320357155Z
,robo,0,2026-03-12T08:18:18.966544504Z
,robo,0,2026-03-12T08:23:19.619116569Z
,robo,0,2026-03-12T08:28:20.256691545Z
,robo,0,2026-03-12T08:33:20.91814142Z
,robo,3,2026-03-12T08:38:21.556913628Z
,robo,1,2026-03-12T08:43:22.217137629Z
,robo,0,2026-03-12T08:48:22.763424411Z
,robo,2,2026-03-12T08:53:23.422836433Z
,robo,4,2026-03-12T08:58:24.171181448Z
,robo,1,2026-03-12T09:03:24.81372825Z
,robo,0,2026-03-12T09:08:25.461648127Z
,robo,0,2026-03-12T09:13:26.119411237Z
,robo,3,2026-03-12T09:18:26.659722521Z
,robo,0,2026-03-12T09:23:27.310202996Z
,robo,1,2026-03-12T09:28:27.860235839Z
,robo,2,2026-03-12T09:33:28.500822938Z
,robo,0,2026-03-12T09:38:29.662523046Z
,robo,0,2026-03-12T09:43:30.317418296Z
,robo,2,2026-03-12T09:48:30.867611152Z
,robo,0,2026-03-12T09:53:31.517590741Z
,robo,1,2026-03-12T09:58:32.069265314Z
,robo,3,2026-03-12T10:03:32.720803057Z
,robo,0,2026-03-12T10:08:33.369807124Z
,robo,1,2026-03-12T10:13:34.018336492Z
,robo,3,2026-03-12T10:18:34.670018485Z
,robo,1,2026-03-12T10:23:35.321628967Z
,robo,1,2026-03-12T10:28:35.971313738Z
,robo,3,2026-03-12T10:33:37.034218691Z
,robo,1,2026-03-12T10:38:37.674644012Z
,robo,1,2026-03-12T10:43:38.318151447Z
,robo,0,2026-03-12T10:48:38.864654953Z
,robo,0,2026-03-12T10:53:39.529141982Z
,robo,0,2026-03-12T10:58:40.169735867Z
,robo,0,2026-03-12T11:03:40.717626805Z
,robo,1,2026-03-12T11:08:41.371911302Z
,robo,2,2026-03-12T11:13:42.015327522Z
,robo,1,2026-03-12T11:18:42.667780353Z
,robo,0,2026-03-12T11:23:43.32363839Z
,robo,0,2026-03-12T11:28:43.967959295Z
,robo,2,2026-03-12T11:33:44.518240942Z
,robo,1,2026-03-12T11:38:45.169081484Z
,robo,0,2026-03-12T11:43:45.818082618Z
,robo,0,2026-03-12T11:48:46.462967827Z
,robo,1,2026-03-12T11:53:47.024953795Z
,robo,1,2026-03-12T11:58:47.667046809Z
,robo,2,2026-03-12T12:03:48.351899812Z
,robo,1,2026-03-12T12:08:49.378650026Z
,robo,2,2026-03-12T12:13:50.038442846Z
,robo,3,2026-03-12T12:18:50.678869952Z
,robo,0,2026-03-12T12:23:51.227613598Z
,robo,0,2026-03-12T12:28:51.878618377Z
,robo,1,2026-03-12T12:33:52.553032182Z
,robo,2,2026-03-12T12:38:53.182523135Z
,robo,3,2026-03-12T12:43:53.728941486Z
,robo,2,2026-03-12T12:48:54.383734159Z
,robo,0,2026-03-12T12:53:54.935181237Z
,robo,0,2026-03-12T12:58:55.576718822Z
,robo,0,2026-03-12T13:03:56.231275344Z
,robo,0,2026-03-12T13:08:56.769030742Z
,robo,0,2026-03-12T13:13:57.315630991Z
,robo,1,2026-03-12T13:18:57.970040946Z
,robo,1,2026-03-12T13:23:58.521062595Z
,robo,1,2026-03-12T13:28:59.168795402Z
,robo,1,2026-03-12T13:33:59.709567322Z
,robo,0,2026-03-12T13:39:00.276454271Z
,robo,0,2026-03-12T13:44:00.908901853Z
,robo,1,2026-03-12T13:49:01.559442378Z
,robo,15,2026-03-12T13:54:02.109409202Z
,robo,1,2026-03-12T13:59:02.658506109Z
,robo,1,2026-03-12T14:04:03.308819663Z
,robo,1,2026-03-12T14:09:03.961566674Z
,robo,0,2026-03-12T14:14:04.498087281Z
,robo,2,2026-03-12T14:19:05.16447526Z
,robo,0,2026-03-12T14:24:05.699914975Z
,robo,0,2026-03-12T14:29:06.251206228Z
,robo,0,2026-03-12T14:34:06.90729592Z
,robo,0,2026-03-12T14:39:08.053280406Z
,robo,0,2026-03-12T14:44:08.609178339Z
,robo,0,2026-03-12T14:49:09.254794382Z
,robo,1,2026-03-12T14:54:09.80740286Z
,robo,0,2026-03-12T14:59:10.467344551Z
,robo,1,2026-03-12T15:04:11.010040192Z
,robo,0,2026-03-12T15:09:11.557871573Z
,robo,0,2026-03-12T15:14:12.2107194Z
,robo,1,2026-03-12T15:19:12.748382113Z
,robo,0,2026-03-12T15:24:13.301831055Z
,robo,0,2026-03-12T15:29:13.954437196Z
,robo,6,2026-03-12T15:34:14.490886244Z
,robo,1,2026-03-12T15:39:15.054207705Z
,robo,1,2026-03-12T15:44:15.702369476Z
,robo,0,2026-03-12T15:49:16.235031325Z
,robo,0,2026-03-12T15:54:16.811100071Z
,robo,0,2026-03-12T15:59:17.444288935Z
,robo,0,2026-03-12T16:04:17.989269079Z
,robo,0,2026-03-12T16:09:18.543164327Z
,robo,1,2026-03-12T16:14:19.188185834Z
,robo,2,2026-03-12T16:19:19.741626095Z
,robo,0,2026-03-12T16:24:20.467333495Z
,robo,0,2026-03-12T16:29:20.930444086Z
,robo,1,2026-03-12T16:34:21.594347006Z
,robo,0,2026-03-12T16:39:22.129140752Z
,robo,0,2026-03-12T16:44:22.782924112Z
,robo,0,2026-03-12T16:49:23.331236171Z
,robo,0,2026-03-12T16:54:23.991314807Z
,robo,0,2026-03-12T16:59:24.639047949Z
,robo,0,2026-03-12T17:04:25.229220076Z
,robo,0,2026-03-12T17:09:26.237849491Z
,robo,0,2026-03-12T17:14:26.790666549Z
,robo,0,2026-03-12T17:19:27.443459323Z
,robo,0,2026-03-12T17:24:27.979556598Z
,robo,0,2026-03-12T17:29:28.627138342Z
,robo,0,2026-03-12T17:34:29.176860652Z
,robo,0,2026-03-12T17:39:29.829838085Z
,robo,0,2026-03-12T17:44:30.275433858Z
,robo,0,2026-03-12T17:49:30.927786292Z
,robo,2,2026-03-12T17:54:31.473060996Z
,robo,0,2026-03-12T17:59:32.13234943Z
,robo,0,2026-03-12T18:04:32.668926986Z
,robo,0,2026-03-12T18:09:33.432364879Z
,robo,0,2026-03-12T18:14:33.870245675Z
,robo,0,2026-03-12T18:19:34.42130921Z
,robo,0,2026-03-12T18:24:35.068749082Z
,robo,0,2026-03-12T18:29:35.564362916Z
,robo,0,2026-03-12T18:34:36.258966608Z
,robo,0,2026-03-12T18:39:36.808550534Z
,robo,0,2026-03-12T18:44:37.457285342Z
,robo,0,2026-03-12T18:49:38.109538707Z
,robo,0,2026-03-12T18:54:38.574727884Z
,robo,0,2026-03-12T18:59:39.313255735Z
,robo,0,2026-03-12T19:04:39.962017138Z
,robo,0,2026-03-12T19:09:40.508862993Z
,robo,0,2026-03-12T19:14:41.161949926Z
,robo,0,2026-03-12T19:19:41.709301904Z
,robo,0,2026-03-12T19:24:42.359384421Z
,robo,4,2026-03-12T19:29:42.896706735Z
,robo,0,2026-03-12T19:34:43.550400503Z
,robo,0,2026-03-12T19:39:44.837840239Z
,robo,0,2026-03-12T19:44:45.261822793Z
,robo,0,2026-03-12T19:49:45.819277961Z
,robo,0,2026-03-12T19:54:46.463496428Z
,robo,0,2026-03-12T19:59:47.010565551Z
,robo,0,2026-03-12T20:04:47.556606665Z
,robo,0,2026-03-12T20:09:48.214991024Z
,robo,0,2026-03-12T20:14:48.761548257Z
,robo,0,2026-03-12T20:19:49.404646152Z
,robo,0,2026-03-12T20:24:49.960399253Z
,robo,0,2026-03-12T20:29:50.598424855Z
,robo,0,2026-03-12T20:34:51.258446295Z
,robo,0,2026-03-12T20:39:51.702036524Z
,robo,0,2026-03-12T20:44:52.452985574Z
,robo,0,2026-03-12T20:49:52.998112775Z
,robo,0,2026-03-12T20:54:53.549299298Z
,robo,0,2026-03-12T20:59:54.199843535Z
,robo,0,2026-03-12T21:04:54.739937107Z
,robo,0,2026-03-12T21:09:55.297740086Z
,robo,0,2026-03-12T21:14:55.945731281Z
,robo,0,2026-03-12T21:19:56.49557303Z
,robo,0,2026-03-12T21:24:57.03877331Z
,robo,0,2026-03-12T21:29:57.693372997Z
,robo,0,2026-03-12T21:34:58.238734768Z
,robo,0,2026-03-12T21:39:58.79867511Z
,robo,0,2026-03-12T21:44:59.428999327Z
,robo,0,2026-03-12T21:49:59.982433446Z
,robo,0,2026-03-12T21:55:00.528661883Z
,robo,0,2026-03-12T22:00:01.177806318Z
,robo,0,2026-03-12T22:05:01.829190987Z
,robo,0,2026-03-12T22:10:02.886588193Z
,robo,0,2026-03-12T22:15:03.53832536Z
,robo,0,2026-03-12T22:20:04.186130412Z
,robo,0,2026-03-12T22:25:04.728609097Z
,robo,0,2026-03-12T22:30:05.289540184Z
,robo,0,2026-03-12T22:35:05.828985495Z
,robo,0,2026-03-12T22:40:06.390070978Z
,robo,0,2026-03-12T22:45:07.031148079Z
,robo,0,2026-03-12T22:50:07.671653343Z
,robo,0,2026-03-12T22:55:08.173084771Z
,robo,0,2026-03-12T23:00:08.778882379Z
,robo,0,2026-03-12T23:05:09.425774013Z
,robo,0,2026-03-12T23:10:09.979462086Z
,robo,0,2026-03-12T23:15:10.618976968Z
,robo,0,2026-03-12T23:20:11.168606443Z
,robo,0,2026-03-12T23:25:11.820363183Z
,robo,0,2026-03-12T23:30:12.365372171Z
,robo,0,2026-03-12T23:35:13.328070162Z
,robo,0,2026-03-12T23:40:13.867732654Z
,robo,0,2026-03-12T23:45:14.419777145Z
,robo,0,2026-03-12T23:50:15.07214669Z
,robo,0,2026-03-12T23:55:15.623254749Z
,robo,0,2026-03-13T00:00:16.170500326Z
,robo,0,2026-03-13T00:05:16.818494998Z
,robo,0,2026-03-13T00:10:17.375170153Z
,robo,0,2026-03-13T00:15:18.00963601Z
,robo,0,2026-03-13T00:20:18.559203893Z
,robo,0,2026-03-13T00:25:19.216690128Z
,robo,0,2026-03-13T00:30:19.867537275Z
,robo,0,2026-03-13T00:35:20.411205361Z
,robo,0,2026-03-13T00:40:21.562382086Z
,robo,0,2026-03-13T00:45:22.119630081Z
,robo,0,2026-03-13T00:50:22.768823518Z
,robo,0,2026-03-13T00:55:23.418439333Z
,robo,0,2026-03-13T01:00:23.969997969Z
,robo,0,2026-03-13T01:05:24.62298009Z
,robo,0,2026-03-13T01:10:25.15922538Z
,robo,0,2026-03-13T01:15:25.814226755Z
,robo,0,2026-03-13T01:20:26.368365593Z
,robo,0,2026-03-13T01:25:27.115237283Z
,robo,0,2026-03-13T01:30:27.662248537Z
,robo,0,2026-03-13T01:35:28.211968964Z
,robo,0,2026-03-13T01:40:28.861886657Z
,robo,0,2026-03-13T01:45:29.501890666Z
,robo,0,2026-03-13T01:50:30.061468698Z
,robo,0,2026-03-13T01:55:30.697116923Z
,robo,0,2026-03-13T02:00:31.363390333Z
,robo,0,2026-03-13T02:05:32.008649066Z
,robo,0,2026-03-13T02:10:32.665418267Z
,robo,0,2026-03-13T02:15:33.209937669Z
,robo,0,2026-03-13T02:20:33.86067253Z
,robo,0,2026-03-13T02:25:34.509446663Z
,robo,0,2026-03-13T02:30:35.051389733Z
,robo,0,2026-03-13T02:35:35.708709921Z
,robo,0,2026-03-13T02:40:36.360083265Z
,robo,0,2026-03-13T02:45:36.89708492Z
,robo,0,2026-03-13T02:50:37.556917587Z
,robo,0,2026-03-13T02:55:38.118012151Z
,robo,0,2026-03-13T03:00:38.751771415Z
,robo,0,2026-03-13T03:05:39.415748816Z
,robo,0,2026-03-13T03:10:40.564578904Z
,robo,0,2026-03-13T03:15:41.117148191Z
,robo,0,2026-03-13T03:20:41.672177011Z
,robo,0,2026-03-13T03:25:42.313349745Z
,robo,0,2026-03-13T03:30:42.872072999Z
,robo,0,2026-03-13T03:35:43.511258297Z
,robo,0,2026-03-13T03:40:44.071227713Z
,robo,0,2026-03-13T03:45:44.71913883Z
,robo,0,2026-03-13T03:50:45.377750932Z
,robo,0,2026-03-13T03:55:45.911681261Z
,robo,0,2026-03-13T04:00:46.551973887Z
,robo,0,2026-03-13T04:05:47.105560735Z
,robo,0,2026-03-13T04:10:47.663204727Z
,robo,0,2026-03-13T04:15:48.309702106Z
,robo,0,2026-03-13T04:20:48.854560786Z
,robo,0,2026-03-13T04:25:49.503496137Z
,robo,0,2026-03-13T04:30:50.163413257Z
,robo,0,2026-03-13T04:35:50.693050594Z
,robo,0,2026-03-13T04:40:51.355586218Z
,robo,0,2026-03-13T04:45:51.893553678Z
,robo,0,2026-03-13T04:50:52.556744234Z
,robo,0,2026-03-13T04:55:53.094381359Z
,robo,0,2026-03-13T05:00:53.739208979Z
,robo,0,2026-03-13T05:05:54.398148196Z
,robo,0,2026-03-13T05:10:54.939516069Z
,robo,0,2026-03-13T05:15:55.597326639Z
,robo,0,2026-03-13T05:20:56.142851162Z
,robo,0,2026-03-13T05:25:56.81118573Z
,robo,0,2026-03-13T05:30:57.447369164Z
,robo,0,2026-03-13T05:35:58.09231585Z
,robo,0,2026-03-13T05:40:59.274809417Z
,robo,0,2026-03-13T05:45:59.936659794Z
,robo,0,2026-03-13T05:51:00.442884297Z
,robo,0,2026-03-13T05:56:01.101095771Z
,robo,0,2026-03-13T06:01:01.745521653Z
,robo,0,2026-03-13T06:06:02.29670431Z
,robo,0,2026-03-13T06:11:02.847607012Z
,robo,0,2026-03-13T06:16:03.487196764Z
,robo,0,2026-03-13T06:21:04.046207278Z
,robo,0,2026-03-13T06:26:04.700134329Z
,robo,0,2026-03-13T06:31:05.456193316Z
,robo,1,2026-03-13T06:36:05.892583751Z
,robo,0,2026-03-13T06:41:06.465327227Z
,robo,1,2026-03-13T06:46:07.087940476Z
,robo,0,2026-03-13T06:51:07.66884827Z
,robo,0,2026-03-13T06:56:08.297916933Z
,robo,0,2026-03-13T07:01:08.943645525Z
,robo,0,2026-03-13T07:06:09.495852767Z
,robo,0,2026-03-13T07:11:10.155784581Z
,robo,0,2026-03-13T07:16:10.6991834Z
,robo,0,2026-03-13T07:21:11.334393389Z
,robo,0,2026-03-13T07:26:11.979500722Z
,robo,0,2026-03-13T07:31:12.535348338Z
,robo,0,2026-03-13T07:36:13.184554414Z
,robo,0,2026-03-13T07:41:13.853317071Z
,robo,0,2026-03-13T07:46:14.488663657Z
,robo,5,2026-03-13T07:51:14.930982575Z
,robo,2,2026-03-13T07:56:15.5726866Z
,robo,0,2026-03-13T08:01:16.147920226Z
,robo,1,2026-03-13T08:06:16.688508804Z
,robo,0,2026-03-13T08:11:17.838747805Z
,robo,0,2026-03-13T08:16:18.375385296Z
,robo,0,2026-03-13T08:21:18.923928129Z
,robo,0,2026-03-13T08:26:19.891079569Z
,robo,0,2026-03-13T08:31:20.471284337Z
,robo,0,2026-03-13T08:36:21.106786352Z
,robo,0,2026-03-13T08:41:21.662936264Z
,robo,0,2026-03-13T08:46:22.303440219Z
,robo,0,2026-03-13T08:51:22.831701669Z
,robo,0,2026-03-13T08:56:23.506637631Z
,robo,0,2026-03-13T09:01:24.05049607Z
,robo,2,2026-03-13T09:06:24.576229805Z
,robo,1,2026-03-13T09:11:25.22504115Z
,robo,3,2026-03-13T09:16:25.785987856Z
,robo,0,2026-03-13T09:21:26.435119257Z
,robo,0,2026-03-13T09:26:26.994637922Z
,robo,1,2026-03-13T09:31:27.641425557Z
,robo,0,2026-03-13T09:36:28.183952999Z
,robo,0,2026-03-13T09:41:28.813351796Z
,robo,0,2026-03-13T09:46:29.37002238Z
,robo,0,2026-03-13T09:51:30.027480937Z
,robo,0,2026-03-13T09:56:30.696452978Z
,robo,2,2026-03-13T10:01:31.219100461Z
,robo,0,2026-03-13T10:06:31.777795018Z
,robo,2,2026-03-13T10:11:32.347691109Z
,robo,0,2026-03-13T10:16:32.96210537Z
,robo,0,2026-03-13T10:21:33.499585174Z
,robo,0,2026-03-13T10:26:34.167851538Z
,robo,1,2026-03-13T10:31:34.81085417Z
,robo,1,2026-03-13T10:36:35.458848384Z
,robo,1,2026-03-13T10:41:36.527473075Z
,robo,0,2026-03-13T10:46:37.072559803Z
,robo,3,2026-03-13T10:51:37.71539271Z
,robo,0,2026-03-13T10:56:38.263218066Z
,robo,0,2026-03-13T11:01:39.009474092Z
,robo,2,2026-03-13T11:06:39.450033707Z
,robo,0,2026-03-13T11:11:39.998228554Z
,robo,0,2026-03-13T11:16:40.77099202Z
,robo,0,2026-03-13T11:21:41.211191587Z
,robo,2,2026-03-13T11:26:41.859614404Z
,robo,0,2026-03-13T11:31:42.509665752Z
,robo,2,2026-03-13T11:36:42.950231544Z
,robo,1,2026-03-13T11:41:43.487490269Z
,robo,0,2026-03-13T11:46:44.059346864Z
,robo,3,2026-03-13T11:51:44.693326022Z
,robo,3,2026-03-13T11:56:45.256744576Z
,robo,0,2026-03-13T12:01:45.885483391Z
,robo,0,2026-03-13T12:06:46.45033137Z
,robo,0,2026-03-13T12:11:47.1261053Z
,robo,0,2026-03-13T12:16:47.661375744Z
,robo,1,2026-03-13T12:21:48.299214493Z
,robo,0,2026-03-13T12:26:48.829303723Z
,robo,0,2026-03-13T12:31:49.381833758Z
,robo,0,2026-03-13T12:36:49.941781856Z
,robo,0,2026-03-13T12:41:50.488167327Z
,robo,0,2026-03-13T12:46:51.123686065Z
,robo,0,2026-03-13T12:51:51.782401394Z
,robo,0,2026-03-13T12:56:52.431270989Z
,robo,0,2026-03-13T13:01:52.972234631Z
,robo,3,2026-03-13T13:06:53.549219637Z
,robo,2,2026-03-13T13:11:54.731324453Z
,robo,1,2026-03-13T13:16:55.258088095Z
,robo,1,2026-03-13T13:21:55.886041293Z
,robo,0,2026-03-13T13:26:56.442523599Z
,robo,1,2026-03-13T13:31:57.091268002Z
,robo,2,2026-03-13T13:36:57.669063231Z
,robo,0,2026-03-13T13:41:58.279005263Z
,robo,0,2026-03-13T13:46:58.938579841Z
,robo,0,2026-03-13T13:51:59.480769477Z
,robo,5,2026-03-13T13:57:00.143705161Z
,robo,1,2026-03-13T14:02:00.703395876Z
,robo,0,2026-03-13T14:07:01.337952879Z
,robo,0,2026-03-13T14:12:01.916262251Z
,robo,5,2026-03-13T14:17:02.512237034Z
,robo,0,2026-03-13T14:22:03.183586912Z
,robo,0,2026-03-13T14:27:03.739617529Z
,robo,2,2026-03-13T14:32:04.374861422Z
,robo,2,2026-03-13T14:37:04.910921175Z
,robo,0,2026-03-13T14:42:05.461796264Z
,robo,1,2026-03-13T14:47:06.011404354Z
,robo,0,2026-03-13T14:52:06.672850619Z
,robo,4,2026-03-13T14:57:07.236499788Z
,robo,4,2026-03-13T15:02:07.875559654Z
,robo,0,2026-03-13T15:07:08.406263783Z
,robo,0,2026-03-13T15:12:08.964334325Z
,robo,2,2026-03-13T15:17:09.658544229Z
,robo,0,2026-03-13T15:22:10.159491227Z
,robo,0,2026-03-13T15:27:10.705831712Z
,robo,0,2026-03-13T15:32:11.263827287Z
,robo,0,2026-03-13T15:37:11.906687893Z
,robo,1,2026-03-13T15:42:12.993439342Z
,robo,0,2026-03-13T15:47:13.627433145Z
,robo,0,2026-03-13T15:52:14.178261166Z
,robo,0,2026-03-13T15:57:14.712680356Z
,robo,0,2026-03-13T16:02:15.264835296Z
,robo,0,2026-03-13T16:07:15.816634822Z
,robo,0,2026-03-13T16:12:16.466590334Z
,robo,0,2026-03-13T16:17:17.006806815Z
,robo,0,2026-03-13T16:22:17.563308935Z
,robo,0,2026-03-13T16:27:18.20367283Z
,robo,0,2026-03-13T16:32:18.758028549Z
,robo,0,2026-03-13T16:37:19.395664837Z
,robo,0,2026-03-13T16:42:19.947417307Z
,robo,0,2026-03-13T16:47:20.498423645Z
,robo,0,2026-03-13T16:52:21.058729025Z
,robo,0,2026-03-13T16:57:21.589307748Z
,robo,0,2026-03-13T17:02:22.14235131Z
,robo,0,2026-03-13T17:07:22.818410022Z
,robo,0,2026-03-13T17:12:23.439941142Z
,robo,0,2026-03-13T17:17:23.984824201Z
,robo,0,2026-03-13T17:22:24.528543372Z
,robo,0,2026-03-13T17:27:25.088996203Z
,robo,0,2026-03-13T17:32:25.630881987Z
,robo,0,2026-03-13T17:37:26.16681514Z
,robo,0,2026-03-13T17:42:26.861798553Z
,robo,0,2026-03-13T17:47:27.363041846Z
,robo,0,2026-03-13T17:52:27.951562354Z
,robo,0,2026-03-13T17:57:28.467315644Z
,robo,0,2026-03-13T18:02:29.021631088Z
,robo,0,2026-03-13T18:07:29.640091645Z
,robo,0,2026-03-13T18:12:30.741179973Z
,robo,0,2026-03-13T18:17:31.271518512Z
,robo,0,2026-03-13T18:22:31.821719238Z
,robo,0,2026-03-13T18:27:32.500320535Z
,robo,0,2026-03-13T18:32:32.910743222Z
,robo,0,2026-03-13T18:37:33.554823749Z
,robo,0,2026-03-13T18:42:34.117985479Z
,robo,0,2026-03-13T18:47:34.66195402Z
,robo,0,2026-03-13T18:52:35.346451412Z
,robo,0,2026-03-13T18:57:35.852967831Z
,robo,0,2026-03-13T19:02:36.409880516Z
,robo,0,2026-03-13T19:07:36.970869931Z
,robo,0,2026-03-13T19:12:37.52233708Z
,robo,0,2026-03-13T19:17:38.050354678Z
,robo,0,2026-03-13T19:22:38.703685817Z
,robo,0,2026-03-13T19:27:39.240997631Z
,robo,0,2026-03-13T19:32:39.742426684Z
,robo,0,2026-03-13T19:37:40.459451547Z
,robo,0,2026-03-13T19:42:40.99926555Z
,robo,0,2026-03-13T19:47:41.548575863Z
,robo,0,2026-03-13T19:52:42.103595951Z
,robo,0,2026-03-13T19:57:42.663371135Z
,robo,0,2026-03-13T20:02:43.172749532Z
,robo,0,2026-03-13T20:07:43.83020283Z
,robo,0,2026-03-13T20:12:44.381897969Z
,robo,0,2026-03-13T20:17:44.83033168Z
,robo,0,2026-03-13T20:22:45.381269468Z
,robo,0,2026-03-13T20:27:46.040028692Z
,robo,0,2026-03-13T20:32:46.683937692Z
,robo,0,2026-03-13T20:37:47.223616844Z
,robo,0,2026-03-13T20:42:48.2872222Z
,robo,0,2026-03-13T20:47:48.970749198Z
,robo,0,2026-03-13T20:52:49.484211776Z
,robo,0,2026-03-13T20:57:50.02682742Z
,robo,0,2026-03-13T21:02:50.604129602Z
,robo,0,2026-03-13T21:07:51.132639082Z
,robo,0,2026-03-13T21:12:51.683082069Z
,robo,0,2026-03-13T21:17:52.328989309Z
,robo,0,2026-03-13T21:22:52.869811187Z
,robo,0,2026-03-13T21:27:53.347859549Z
,robo,0,2026-03-13T21:32:54.170800786Z
,robo,0,2026-03-13T21:37:54.621073698Z
,robo,0,2026-03-13T21:42:55.277798676Z
,robo,0,2026-03-13T21:47:55.929879991Z
,robo,0,2026-03-13T21:52:56.360119246Z
,robo,0,2026-03-13T21:57:57.020411737Z
,robo,0,2026-03-13T22:02:57.66139023Z
,robo,0,2026-03-13T22:07:58.213988154Z
,robo,0,2026-03-13T22:12:58.863376793Z
,robo,0,2026-03-13T22:17:59.421059076Z
,robo,0,2026-03-13T22:23:00.059681146Z
,robo,0,2026-03-13T22:28:00.618084142Z
,robo,0,2026-03-13T22:33:01.269888437Z
,robo,0,2026-03-13T22:38:01.903174885Z
,robo,0,2026-03-13T22:43:02.5505791Z
,robo,0,2026-03-13T22:48:03.107391111Z
,robo,0,2026-03-13T22:53:03.748971017Z
,robo,0,2026-03-13T22:58:04.309202689Z
,robo,0,2026-03-13T23:03:04.882638321Z
,robo,0,2026-03-13T23:08:05.602147876Z
,robo,0,2026-03-13T23:13:06.773567552Z
,robo,0,2026-03-13T23:18:07.403485725Z
,robo,0,2026-03-13T23:23:07.971387791Z
,robo,0,2026-03-13T23:28:08.504951836Z
,robo,0,2026-03-13T23:33:09.177271644Z
,robo,0,2026-03-13T23:38:09.705821843Z
,robo,0,2026-03-13T23:43:10.355643893Z
,robo,0,2026-03-13T23:48:11.004448468Z
,robo,0,2026-03-13T23:53:11.664334876Z
,robo,0,2026-03-13T23:58:12.210894237Z
,robo,0,2026-03-14T00:03:12.856861868Z
,robo,0,2026-03-14T00:08:13.520589266Z
,robo,0,2026-03-14T00:13:14.051099247Z
,robo,0,2026-03-14T00:18:14.716790346Z
,robo,0,2026-03-14T00:28:34.937288616Z
,robo,0,2026-03-14T00:33:35.594377657Z
,robo,0,2026-03-14T00:38:36.153014948Z
,robo,0,2026-03-14T00:43:36.787132182Z
,robo,0,2026-03-14T00:48:37.448871242Z
,robo,0,2026-03-14T00:53:38.083579337Z
,robo,0,2026-03-14T00:58:38.647892982Z
,robo,0,2026-03-14T01:03:39.389884668Z
,robo,0,2026-03-14T01:08:40.043188281Z
,robo,0,2026-03-14T01:13:40.687042371Z
,robo,0,2026-03-14T01:18:41.335129167Z
,robo,0,2026-03-14T01:23:41.986088852Z
,robo,0,2026-03-14T01:28:42.446094029Z
,robo,0,2026-03-14T01:33:43.086768756Z
,robo,0,2026-03-14T01:38:43.74164634Z
,robo,0,2026-03-14T01:43:44.994984129Z
,robo,0,2026-03-14T01:48:45.545737853Z
,robo,0,2026-03-14T01:53:46.195290852Z
,robo,0,2026-03-14T01:58:46.864867301Z
,robo,0,2026-03-14T02:03:47.40609363Z
,robo,0,2026-03-14T02:08:48.045648565Z
,robo,0,2026-03-14T02:13:48.696467742Z
,robo,0,2026-03-14T02:18:49.250273287Z
,robo,0,2026-03-14T02:23:49.897285015Z
,robo,0,2026-03-14T02:28:50.445242187Z
,robo,0,2026-03-14T02:33:50.996007188Z
,robo,0,2026-03-14T02:38:51.746041371Z
,robo,0,2026-03-14T02:43:52.395132514Z
,robo,0,2026-03-14T02:48:53.359444909Z
,robo,0,2026-03-14T02:53:54.005269554Z
,robo,0,2026-03-14T02:58:54.655283957Z
,robo,0,2026-03-14T03:03:55.098473955Z
,robo,0,2026-03-14T03:08:55.745118453Z
,robo,0,2026-03-14T03:13:57.216184875Z
,robo,0,2026-03-14T03:18:57.76728884Z
,robo,0,2026-03-14T03:23:58.414552623Z
,robo,0,2026-03-14T03:28:59.158578915Z
,robo,0,2026-03-14T03:33:59.717863002Z
,robo,0,2026-03-14T03:39:00.373694165Z
,robo,0,2026-03-14T03:44:01.015959843Z
,robo,0,2026-03-14T03:49:01.673817955Z
,robo,0,2026-03-14T03:54:02.324803596Z
,robo,0,2026-03-14T03:59:02.977951355Z
,robo,0,2026-03-14T04:04:03.615528646Z
,robo,0,2026-03-14T04:09:04.058979806Z
,robo,0,2026-03-14T04:14:05.326839908Z
,robo,0,2026-03-14T04:19:05.888755094Z
,robo,0,2026-03-14T04:24:06.417869281Z
,robo,0,2026-03-14T04:29:07.067111375Z
,robo,0,2026-03-14T04:34:07.717493247Z
,robo,0,2026-03-14T04:39:08.277002242Z
,robo,0,2026-03-14T04:44:08.916830642Z
,robo,0,2026-03-14T04:49:09.474196292Z
,robo,0,2026-03-14T04:54:10.116158135Z
,robo,0,2026-03-14T04:59:10.654806056Z
,robo,0,2026-03-14T05:04:11.322801945Z
,robo,0,2026-03-14T05:09:11.868538375Z
,robo,0,2026-03-14T05:14:12.50672825Z
,robo,0,2026-03-14T05:19:13.14759044Z
,robo,0,2026-03-14T05:24:13.804224736Z
,robo,0,2026-03-14T05:29:14.362895294Z
,robo,0,2026-03-14T05:34:15.0162202Z
,robo,0,2026-03-14T05:39:15.664232859Z
,robo,0,2026-03-14T05:44:16.210503959Z
,robo,0,2026-03-14T05:49:16.863045101Z
,robo,0,2026-03-14T05:54:17.515717158Z
,robo,0,2026-03-14T05:59:18.149549576Z
,robo,0,2026-03-14T06:04:18.709426055Z
,robo,0,2026-03-14T06:09:19.343642459Z
,robo,0,2026-03-14T06:14:20.009681291Z
,robo,0,2026-03-14T06:19:20.560580836Z
,robo,0,2026-03-14T06:24:21.216194395Z
,robo,0,2026-03-14T06:29:21.85517049Z
,robo,0,2026-03-14T06:34:22.411086119Z
,robo,0,2026-03-14T06:39:23.047385644Z
,robo,0,2026-03-14T06:44:24.130447451Z
,robo,0,2026-03-14T06:49:24.75364528Z
,robo,0,2026-03-14T06:54:25.315242294Z
,robo,0,2026-03-14T06:59:25.949459702Z
,robo,0,2026-03-14T07:04:26.508377099Z
,robo,0,2026-03-14T07:09:27.150847103Z
,robo,0,2026-03-14T07:14:27.710092556Z
,robo,0,2026-03-14T07:19:28.353811447Z
,robo,0,2026-03-14T07:24:28.913046498Z
,robo,0,2026-03-14T07:29:29.550596854Z
,robo,0,2026-03-14T07:34:30.079243279Z
,robo,0,2026-03-14T07:39:30.756913428Z
,robo,0,2026-03-14T07:44:31.295865769Z
,robo,0,2026-03-14T07:49:31.946644392Z
,robo,0,2026-03-14T07:54:32.596262611Z
,robo,0,2026-03-14T07:59:33.245592425Z
,robo,0,2026-03-14T08:04:33.681029489Z
,robo,0,2026-03-14T08:09:34.336681177Z
,robo,0,2026-03-14T08:14:34.986439788Z
,robo,0,2026-03-14T08:19:35.679504834Z
,robo,0,2026-03-14T08:24:36.289002445Z
,robo,0,2026-03-14T08:29:36.930265923Z
,robo,0,2026-03-14T08:34:37.49238496Z
,robo,0,2026-03-14T08:39:38.132092771Z
,robo,0,2026-03-14T08:44:38.689926904Z
,robo,0,2026-03-14T08:49:39.329773387Z
,robo,0,2026-03-14T08:54:39.873074886Z
,robo,0,2026-03-14T08:59:40.427613652Z
,robo,0,2026-03-14T09:04:41.107082796Z
,robo,0,2026-03-14T09:09:41.645569977Z
,robo,0,2026-03-14T09:14:42.782444296Z
,robo,0,2026-03-14T09:19:43.470375012Z
,robo,0,2026-03-14T09:24:43.985819943Z
,robo,0,2026-03-14T09:29:44.550591702Z
,robo,0,2026-03-14T09:34:45.188099642Z
,robo,0,2026-03-14T09:39:45.835884238Z
,robo,0,2026-03-14T09:44:46.48150322Z
,robo,0,2026-03-14T09:49:47.143349319Z
,robo,0,2026-03-14T09:54:47.583274466Z
,robo,0,2026-03-14T09:59:48.128180777Z
,robo,0,2026-03-14T10:04:48.774915294Z
,robo,0,2026-03-14T10:09:49.535792631Z
,robo,0,2026-03-14T10:14:49.982907342Z
,robo,0,2026-03-14T10:19:50.62804662Z
,robo,0,2026-03-14T10:24:51.274466982Z
,robo,0,2026-03-14T10:29:51.92563202Z
,robo,0,2026-03-14T10:34:52.376540983Z
,robo,0,2026-03-14T10:39:53.024391299Z
,robo,0,2026-03-14T10:44:53.625205399Z
,robo,0,2026-03-14T10:49:54.119619351Z
,robo,0,2026-03-14T10:54:54.765586776Z
,robo,0,2026-03-14T10:59:55.445533322Z
,robo,0,2026-03-14T11:04:56.096993192Z
,robo,0,2026-03-14T11:09:56.503737336Z
,robo,0,2026-03-14T11:14:57.164904519Z
,robo,0,2026-03-14T11:19:57.821472927Z
,robo,0,2026-03-14T11:24:59.286705015Z
,robo,0,2026-03-14T11:29:59.934887107Z
,robo,0,2026-03-14T11:35:00.376328071Z
,robo,0,2026-03-14T11:40:01.027347266Z
,robo,0,2026-03-14T11:45:02.304457638Z
,robo,0,2026-03-14T11:50:02.957413836Z
,robo,0,2026-03-14T11:55:03.600183254Z
,robo,0,2026-03-14T12:00:04.035923059Z
,robo,0,2026-03-14T12:05:04.686130254Z
,robo,0,2026-03-14T12:10:05.329276374Z
,robo,0,2026-03-14T12:15:05.993077864Z
,robo,0,2026-03-14T12:20:06.540988721Z
,robo,0,2026-03-14T12:25:07.083816547Z
,robo,0,2026-03-14T12:30:07.731173954Z
,robo,0,2026-03-14T12:35:08.412960993Z
,robo,0,2026-03-14T12:40:08.932198217Z
,robo,0,2026-03-14T12:45:09.579503883Z
,robo,0,2026-03-14T12:50:10.231540259Z
,robo,0,2026-03-14T12:55:10.807340946Z
,robo,0,2026-03-14T13:00:11.428651663Z
,robo,0,2026-03-14T13:05:12.00434959Z
,robo,0,2026-03-14T13:10:12.647592841Z
,robo,0,2026-03-14T13:15:13.26625645Z
,robo,0,2026-03-14T13:20:13.937171538Z
,robo,0,2026-03-14T13:25:14.576814955Z
,robo,0,2026-03-14T13:30:15.137437251Z
,robo,0,2026-03-14T13:35:15.767297306Z
,robo,0,2026-03-14T13:40:16.421793094Z
,robo,0,2026-03-14T13:45:17.076549157Z
,robo,0,2026-03-14T13:50:17.72641509Z
,robo,0,2026-03-14T13:55:18.374516586Z
,robo,0,2026-03-14T14:00:19.025630129Z
,robo,0,2026-03-14T14:05:19.675625285Z
,robo,0,2026-03-14T14:10:20.125255166Z
,robo,0,2026-03-14T14:15:21.285292019Z
,robo,0,2026-03-14T14:20:21.856653925Z
,robo,0,2026-03-14T14:25:22.503785347Z
,robo,0,2026-03-14T14:30:23.131205526Z
,robo,0,2026-03-14T14:35:23.668509318Z
,robo,0,2026-03-14T14:40:24.221222021Z
,robo,0,2026-03-14T14:45:24.983257101Z
,robo,0,2026-03-14T14:50:25.535513442Z
,robo,0,2026-03-14T14:55:26.074143128Z
,robo,0,2026-03-14T15:00:26.727180031Z
,robo,1,2026-03-14T15:05:27.374738693Z
,robo,0,2026-03-14T15:10:27.910731856Z
,robo,0,2026-03-14T15:15:28.574696677Z
,robo,0,2026-03-14T15:20:29.11872612Z
,robo,0,2026-03-14T15:25:29.698914084Z
,robo,0,2026-03-14T15:30:30.316800659Z
,robo,0,2026-03-14T15:35:30.864532307Z
,robo,0,2026-03-14T15:40:31.514991157Z
,robo,3,2026-03-14T15:45:32.165372445Z
,robo,0,2026-03-14T15:50:32.608199281Z
,robo,0,2026-03-14T15:55:33.249086422Z
,robo,0,2026-03-14T16:00:33.813282442Z
,robo,0,2026-03-14T16:05:34.555645589Z
,robo,0,2026-03-14T16:10:35.006995068Z
,robo,0,2026-03-14T16:15:35.556921838Z
,robo,0,2026-03-14T16:20:36.10371014Z
,robo,0,2026-03-14T16:25:36.757546667Z
,robo,0,2026-03-14T16:30:37.405681534Z
,robo,0,2026-03-14T16:35:37.84201552Z
,robo,0,2026-03-14T16:40:38.496464178Z
,robo,0,2026-03-14T16:45:39.654610063Z
,robo,0,2026-03-14T16:50:40.312513135Z
,robo,0,2026-03-14T16:55:40.754868693Z
,robo,0,2026-03-14T17:00:41.40546757Z
,robo,0,2026-03-14T17:05:42.043721702Z
,robo,0,2026-03-14T17:10:42.705777105Z
,robo,0,2026-03-14T17:15:43.152816279Z
,robo,0,2026-03-14T17:20:43.796905954Z
,robo,0,2026-03-14T17:25:44.444445926Z
,robo,0,2026-03-14T17:30:45.095698087Z
,robo,0,2026-03-14T17:35:45.740041875Z
,robo,0,2026-03-14T17:40:46.195233435Z
,robo,0,2026-03-14T17:45:46.848037934Z
,robo,1,2026-03-14T17:50:47.384568234Z
,robo,1,2026-03-14T17:55:48.043974964Z
,robo,0,2026-03-14T18:00:48.795579499Z
,robo,0,2026-03-14T18:05:49.344976914Z
,robo,0,2026-03-14T18:10:49.884845103Z
,robo,0,2026-03-14T18:15:50.747599818Z
,robo,0,2026-03-14T18:20:51.188772104Z
,robo,0,2026-03-14T18:25:51.835701361Z
,robo,0,2026-03-14T18:30:52.390852747Z
,robo,0,2026-03-14T18:35:53.144771532Z
,robo,0,2026-03-14T18:40:53.820416362Z
,robo,0,2026-03-14T18:45:54.333509958Z
,robo,0,2026-03-14T18:50:54.995390953Z
,robo,0,2026-03-14T18:55:55.542518426Z
,robo,0,2026-03-14T19:00:56.208529364Z
,robo,0,2026-03-14T19:05:56.838471922Z
,robo,0,2026-03-14T19:10:57.507490776Z
,robo,0,2026-03-14T19:15:58.546381481Z
,robo,0,2026-03-14T19:20:59.208483557Z
,robo,0,2026-03-14T19:25:59.845644073Z
,robo,0,2026-03-14T19:31:00.495969082Z
,robo,0,2026-03-14T19:36:01.145297998Z
,robo,0,2026-03-14T19:41:01.695636063Z
,robo,0,2026-03-14T19:46:02.344340507Z
,robo,0,2026-03-14T19:51:02.99542719Z
,robo,0,2026-03-14T19:56:03.555149294Z
,robo,0,2026-03-14T20:01:04.08672671Z
,robo,0,2026-03-14T20:06:04.73727498Z
,robo,0,2026-03-14T20:11:05.277804245Z
,robo,0,2026-03-14T20:16:05.925124267Z
,robo,0,2026-03-14T20:21:06.385684141Z
,robo,0,2026-03-14T20:26:07.036424774Z
,robo,0,2026-03-14T20:31:07.673158307Z
,robo,0,2026-03-14T20:36:08.125964046Z
,robo,0,2026-03-14T20:41:08.776060246Z
,robo,0,2026-03-14T20:46:09.434490407Z
,robo,0,2026-03-14T20:51:10.085783507Z
,robo,0,2026-03-14T20:56:10.624602213Z
,robo,0,2026-03-14T21:01:11.375892892Z
,robo,0,2026-03-14T21:06:11.925537466Z
,robo,0,2026-03-14T21:11:12.574854024Z
,robo,0,2026-03-14T21:16:13.127289631Z
,robo,0,2026-03-14T21:21:13.784638055Z
,robo,0,2026-03-14T21:26:14.327983905Z
,robo,0,2026-03-14T21:31:14.894775148Z
,robo,0,2026-03-14T21:36:15.414860307Z
,robo,0,2026-03-14T21:41:16.083571569Z
,robo,0,2026-03-14T21:46:17.131541475Z
,robo,0,2026-03-14T21:51:17.774947331Z
,robo,0,2026-03-14T21:56:18.341856732Z
,robo,0,2026-03-14T22:01:18.975068457Z
,robo,0,2026-03-14T22:06:19.535199802Z
,robo,0,2026-03-14T22:11:20.062719377Z
,robo,0,2026-03-14T22:16:20.721325811Z
,robo,0,2026-03-14T22:21:21.36650049Z
,robo,0,2026-03-14T22:26:22.028001612Z
,robo,0,2026-03-14T22:31:22.570624024Z
,robo,0,2026-03-14T22:36:23.224030729Z
,robo,0,2026-03-14T22:41:23.769316802Z
,robo,0,2026-03-14T22:46:24.40872257Z
,robo,0,2026-03-14T22:51:24.98037115Z
,robo,0,2026-03-14T22:56:25.646162935Z
,robo,0,2026-03-14T23:01:26.164774215Z
,robo,0,2026-03-14T23:06:26.714537036Z
,robo,0,2026-03-14T23:11:27.367512019Z
,robo,0,2026-03-14T23:16:28.00344427Z
,robo,0,2026-03-14T23:21:28.652909599Z
,robo,0,2026-03-14T23:26:29.421455314Z
,robo,0,2026-03-14T23:31:29.856309875Z
,robo,0,2026-03-14T23:36:30.502690193Z
,robo,0,2026-03-14T23:41:31.166633302Z
,robo,0,2026-03-14T23:46:31.815546258Z
,robo,0,2026-03-14T23:51:32.47309657Z
,robo,0,2026-03-14T23:56:32.999824511Z
,robo,0,2026-03-15T00:01:33.654137221Z
,robo,0,2026-03-15T00:06:34.311055447Z
,robo,0,2026-03-15T00:11:34.956612107Z
,robo,0,2026-03-15T00:16:36.73258836Z
,robo,0,2026-03-15T00:21:37.176860244Z
,robo,0,2026-03-15T00:26:37.82605756Z
,robo,0,2026-03-15T00:31:38.476349499Z
,robo,0,2026-03-15T00:36:39.125484909Z
,robo,0,2026-03-15T00:41:39.670147821Z
,robo,0,2026-03-15T00:46:40.321264978Z
,robo,0,2026-03-15T00:51:40.878379455Z
,robo,0,2026-03-15T00:56:41.51800299Z
,robo,0,2026-03-15T01:01:42.17499621Z
,robo,0,2026-03-15T01:06:42.834064518Z
,robo,0,2026-03-15T01:11:43.376379246Z
,robo,0,2026-03-15T01:16:44.128117375Z
,robo,0,2026-03-15T01:21:44.670076393Z
,robo,0,2026-03-15T01:26:45.317710155Z
,robo,0,2026-03-15T01:31:45.871404666Z
,robo,0,2026-03-15T01:36:46.511895061Z
,robo,0,2026-03-15T01:41:47.070429654Z
,robo,0,2026-03-15T01:46:47.61039829Z
,robo,0,2026-03-15T01:51:48.257714642Z
,robo,0,2026-03-15T01:56:48.808970552Z
,robo,0,2026-03-15T02:01:49.450964821Z
,robo,0,2026-03-15T02:06:50.007913706Z
,robo,0,2026-03-15T02:11:50.676790168Z
,robo,0,2026-03-15T02:16:51.215273772Z
,robo,0,2026-03-15T02:21:51.856102507Z
,robo,0,2026-03-15T02:26:52.401489397Z
,robo,0,2026-03-15T02:31:53.060164272Z
,robo,0,2026-03-15T02:36:53.608875334Z
,robo,0,2026-03-15T02:41:54.248227767Z
,robo,0,2026-03-15T02:46:55.315104207Z
,robo,0,2026-03-15T02:51:55.978664315Z
,robo,0,2026-03-15T02:56:56.509713939Z
,robo,0,2026-03-15T03:01:57.06678645Z
,robo,0,2026-03-15T03:06:57.704787017Z
,robo,0,2026-03-15T03:11:58.264106924Z
,robo,0,2026-03-15T03:16:58.911125123Z
,robo,0,2026-03-15T03:21:59.565623347Z
,robo,0,2026-03-15T03:27:00.105434655Z
,robo,0,2026-03-15T03:32:00.763628368Z
,robo,0,2026-03-15T03:37:01.294763167Z
,robo,0,2026-03-15T03:42:01.959731001Z
,robo,0,2026-03-15T03:47:02.51766274Z
,robo,0,2026-03-15T03:52:03.137563962Z
,robo,0,2026-03-15T03:57:03.793261935Z
,robo,0,2026-03-15T04:02:04.459032025Z
,robo,0,2026-03-15T04:07:04.997295391Z
,robo,0,2026-03-15T04:12:05.659181905Z
,robo,0,2026-03-15T04:17:06.298339952Z
,robo,0,2026-03-15T04:22:06.958235744Z
,robo,0,2026-03-15T04:27:07.49272344Z
,robo,0,2026-03-15T04:32:08.245477694Z
,robo,0,2026-03-15T04:37:08.796950525Z
,robo,0,2026-03-15T04:42:09.548414048Z
,robo,0,2026-03-15T04:47:09.898493534Z
,robo,0,2026-03-15T04:52:10.652020647Z
,robo,0,2026-03-15T04:57:11.28403923Z
,robo,0,2026-03-15T05:02:11.954270446Z
,robo,0,2026-03-15T05:07:12.601175461Z
,robo,0,2026-03-15T05:12:13.138926889Z
,robo,0,2026-03-15T05:17:14.308383666Z
,robo,0,2026-03-15T05:22:15.054183897Z
,robo,0,2026-03-15T05:27:15.619939863Z
,robo,0,2026-03-15T05:32:16.253835763Z
,robo,0,2026-03-15T05:37:16.910242253Z
,robo,0,2026-03-15T05:42:17.55717071Z
,robo,0,2026-03-15T05:47:18.225764494Z
,robo,0,2026-03-15T05:52:18.854911182Z
,robo,0,2026-03-15T05:57:19.501087289Z
,robo,0,2026-03-15T06:02:20.146420719Z
,robo,0,2026-03-15T06:07:20.709151892Z
,robo,0,2026-03-15T06:12:21.350377369Z
,robo,0,2026-03-15T06:17:21.993748049Z
,robo,0,2026-03-15T06:22:22.655112299Z
,robo,0,2026-03-15T06:27:23.413990455Z
,robo,0,2026-03-15T06:32:23.958174288Z
,robo,0,2026-03-15T06:37:24.604586616Z
,robo,0,2026-03-15T06:42:25.259523691Z
,robo,0,2026-03-15T06:47:25.806525983Z
,robo,0,2026-03-15T06:52:26.455803631Z
,robo,0,2026-03-15T06:57:27.20570771Z
,robo,0,2026-03-15T07:02:27.762720628Z
,robo,0,2026-03-15T07:07:28.410636876Z
,robo,0,2026-03-15T07:12:29.052608912Z
,robo,0,2026-03-15T07:17:29.691831946Z
,robo,0,2026-03-15T07:22:30.357060395Z
,robo,0,2026-03-15T07:27:31.002056223Z
,robo,0,2026-03-15T07:32:31.645713982Z
,robo,0,2026-03-15T07:37:32.313636794Z
,robo,0,2026-03-15T07:42:32.861010369Z
,robo,0,2026-03-15T07:47:34.014145455Z
,robo,0,2026-03-15T07:52:34.689690307Z
,robo,0,2026-03-15T07:57:35.31359394Z
,robo,0,2026-03-15T08:02:35.965101619Z
,robo,0,2026-03-15T08:07:36.615470485Z
,robo,0,2026-03-15T08:12:37.158049828Z
,robo,2,2026-03-15T08:17:37.806632192Z
,robo,0,2026-03-15T08:22:38.464457958Z
,robo,0,2026-03-15T08:27:39.138506165Z
,robo,0,2026-03-15T08:32:39.656116069Z
,robo,0,2026-03-15T08:37:40.419363017Z
,robo,0,2026-03-15T08:42:40.96485789Z
,robo,0,2026-03-15T08:47:41.621079463Z
,robo,0,2026-03-15T08:52:42.257295774Z
,robo,0,2026-03-15T08:57:42.90659919Z
,robo,0,2026-03-15T09:02:43.559910596Z
,robo,0,2026-03-15T09:07:44.209004125Z
,robo,0,2026-03-15T09:12:44.75581128Z
,robo,0,2026-03-15T09:17:45.404234771Z
,robo,0,2026-03-15T09:22:45.947150743Z
,robo,0,2026-03-15T09:27:46.621564129Z
,robo,0,2026-03-15T09:32:47.254358729Z
,robo,0,2026-03-15T09:37:47.827051025Z
,robo,1,2026-03-15T09:42:48.451225063Z
,robo,0,2026-03-15T09:47:49.114766911Z
,robo,0,2026-03-15T09:52:49.659198996Z
,robo,0,2026-03-15T09:57:50.307810882Z
,robo,0,2026-03-15T10:02:50.972669622Z
,robo,0,2026-03-15T10:07:51.615776914Z
,robo,0,2026-03-15T10:12:52.252646112Z
,robo,0,2026-03-15T10:17:53.541948549Z
,robo,0,2026-03-15T10:22:54.058748101Z
,robo,0,2026-03-15T10:27:54.72347938Z
,robo,0,2026-03-15T10:32:55.358175598Z
,robo,0,2026-03-15T10:37:56.009414906Z
,robo,0,2026-03-15T10:42:56.563390496Z
,robo,0,2026-03-15T10:47:57.214301844Z
,robo,0,2026-03-15T10:52:57.868469106Z
,robo,0,2026-03-15T10:57:58.533319639Z
,robo,0,2026-03-15T11:02:59.161480936Z
,robo,0,2026-03-15T11:07:59.820380267Z
,robo,0,2026-03-15T11:13:00.367157653Z
,robo,0,2026-03-15T11:18:01.024073697Z
,robo,0,2026-03-15T11:23:01.674185506Z
,robo,0,2026-03-15T11:28:02.418374504Z
,robo,1,2026-03-15T11:33:02.956020695Z
,robo,3,2026-03-15T11:38:03.618759661Z
,robo,0,2026-03-15T11:43:04.251549997Z
,robo,0,2026-03-15T11:48:04.903794469Z
,robo,0,2026-03-15T11:53:05.44911989Z
,robo,0,2026-03-15T11:58:06.100036627Z
,robo,1,2026-03-15T12:03:06.763369263Z
,robo,2,2026-03-15T12:08:07.419417564Z
,robo,0,2026-03-15T12:13:07.961540819Z
,robo,0,2026-03-15T12:18:08.620673682Z
,robo,1,2026-03-15T12:23:09.2623793Z
,robo,0,2026-03-15T12:28:09.794841158Z
,robo,0,2026-03-15T12:33:10.473200203Z
,robo,0,2026-03-15T12:38:11.013363586Z
,robo,0,2026-03-15T12:43:11.656044539Z
,robo,0,2026-03-15T12:48:12.819207389Z
,robo,0,2026-03-15T12:53:13.459484771Z
,robo,0,2026-03-15T12:58:14.013783576Z
,robo,0,2026-03-15T13:03:14.659753412Z
,robo,0,2026-03-15T13:08:15.339349684Z
,robo,0,2026-03-15T13:13:15.977185536Z
,robo,0,2026-03-15T13:18:16.426736319Z
,robo,0,2026-03-15T13:23:17.168004281Z
,robo,0,2026-03-15T13:28:17.801323914Z
,robo,0,2026-03-15T13:33:18.384837119Z
,robo,0,2026-03-15T13:38:18.996874386Z
,robo,0,2026-03-15T13:43:19.554266023Z
,robo,0,2026-03-15T13:48:20.191881205Z
,robo,0,2026-03-15T13:53:20.855777733Z
,robo,0,2026-03-15T13:58:21.362923969Z
,robo,0,2026-03-15T14:03:22.061087923Z
,robo,0,2026-03-15T14:08:22.699783829Z
,robo,0,2026-03-15T14:13:23.251803719Z
,robo,0,2026-03-15T14:18:23.896389755Z
,robo,0,2026-03-15T14:23:24.448464185Z
,robo,0,2026-03-15T14:28:25.094730542Z
,robo,0,2026-03-15T14:33:25.773604803Z
,robo,0,2026-03-15T14:38:26.289152631Z
,robo,0,2026-03-15T14:43:26.864092189Z
,robo,0,2026-03-15T14:48:27.391126578Z
,robo,0,2026-03-15T14:53:28.064407139Z
,robo,0,2026-03-15T14:58:28.688988298Z
,robo,0,2026-03-15T15:03:29.240170269Z
,robo,0,2026-03-15T15:08:29.813775709Z
,robo,0,2026-03-15T15:13:30.445100256Z
,robo,0,2026-03-15T15:18:31.501228665Z
,robo,0,2026-03-15T15:23:32.141723719Z
,robo,0,2026-03-15T15:28:32.798647602Z
,robo,0,2026-03-15T15:33:33.336410506Z
,robo,0,2026-03-15T15:38:33.893492339Z
,robo,0,2026-03-15T15:43:34.538899658Z
,robo,0,2026-03-15T15:48:35.091989141Z
,robo,0,2026-03-15T15:53:35.745528025Z
,robo,0,2026-03-15T15:58:36.298179677Z
,robo,0,2026-03-15T16:03:36.940015621Z
,robo,0,2026-03-15T16:08:37.589043173Z
,robo,0,2026-03-15T16:13:38.237546117Z
,robo,0,2026-03-15T16:18:38.794485326Z
,robo,0,2026-03-15T16:23:39.336157974Z
,robo,0,2026-03-15T16:28:39.992659108Z
,robo,0,2026-03-15T16:33:40.638566425Z
,robo,0,2026-03-15T16:38:41.294619401Z
,robo,0,2026-03-15T16:43:41.736084128Z
,robo,0,2026-03-15T16:48:42.39071946Z
,robo,0,2026-03-15T16:53:43.033591197Z
,robo,0,2026-03-15T16:58:43.576551746Z
,robo,0,2026-03-15T17:03:44.325583662Z
,robo,0,2026-03-15T17:08:44.777450076Z
,robo,0,2026-03-15T17:13:45.430656474Z
,robo,0,2026-03-15T17:18:45.988752987Z
,robo,0,2026-03-15T17:23:46.524118744Z
,robo,0,2026-03-15T17:28:47.162668156Z
,robo,0,2026-03-15T17:33:47.808615724Z
,robo,0,2026-03-15T17:38:48.354172902Z
,robo,0,2026-03-15T17:43:48.917172957Z
,robo,0,2026-03-15T17:48:50.071351556Z
,robo,0,2026-03-15T17:53:50.735595513Z
,robo,0,2026-03-15T17:58:51.272452671Z
,robo,0,2026-03-15T18:03:51.92156216Z
,robo,0,2026-03-15T18:08:52.471410704Z
,robo,0,2026-03-15T18:13:53.024118836Z
,robo,0,2026-03-15T18:18:53.700256376Z
,robo,0,2026-03-15T18:23:54.315533552Z
,robo,0,2026-03-15T18:28:54.859175136Z
,robo,0,2026-03-15T18:33:55.517688379Z
,robo,0,2026-03-15T18:38:56.166621209Z
,robo,0,2026-03-15T18:43:56.708579896Z
,robo,0,2026-03-15T18:48:57.268171761Z
,robo,0,2026-03-15T18:53:57.906619047Z
,robo,0,2026-03-15T18:58:58.491090076Z
,robo,0,2026-03-15T19:03:59.120536639Z
,robo,0,2026-03-15T19:08:59.664330516Z
,robo,0,2026-03-15T19:14:00.303197698Z
,robo,0,2026-03-15T19:19:00.847755756Z
,robo,0,2026-03-15T19:24:01.420401594Z
,robo,0,2026-03-15T19:29:02.066948317Z
,robo,0,2026-03-15T19:34:02.699054581Z
,robo,0,2026-03-15T19:39:03.269626761Z
,robo,0,2026-03-15T19:44:03.90501989Z
,robo,0,2026-03-15T19:49:04.580270149Z
,robo,0,2026-03-15T19:54:05.104469186Z
,robo,0,2026-03-15T19:59:05.754603393Z
,robo,0,2026-03-15T20:04:06.423593953Z
,robo,0,2026-03-15T20:09:06.961213328Z
,robo,0,2026-03-15T20:14:07.615570733Z
,robo,0,2026-03-15T20:19:08.751106108Z
,robo,0,2026-03-15T20:24:09.299184574Z
,robo,0,2026-03-15T20:29:10.07124714Z
,robo,0,2026-03-15T20:34:10.605780851Z
,robo,0,2026-03-15T20:39:11.179395737Z
,robo,0,2026-03-15T20:44:11.799738026Z
,robo,0,2026-03-15T20:49:12.479623805Z
,robo,0,2026-03-15T20:54:12.999875068Z
,robo,0,2026-03-15T20:59:13.652703242Z
,robo,0,2026-03-15T21:04:14.199599305Z
,robo,0,2026-03-15T21:09:14.857423355Z
,robo,0,2026-03-15T21:14:15.41665058Z
,robo,0,2026-03-15T21:19:15.943221361Z
,robo,0,2026-03-15T21:24:16.595656435Z
,robo,0,2026-03-15T21:29:17.141944759Z
,robo,0,2026-03-15T21:34:17.826573317Z
,robo,0,2026-03-15T21:39:18.358748755Z
,robo,0,2026-03-15T21:44:18.892923203Z
,robo,0,2026-03-15T21:49:19.430538286Z
,robo,0,2026-03-15T21:54:19.979536896Z
